Номер операции,Время(нс),Количество операций
1 , 2057900 , 1
2 , 10800 , 2
3 , 1800 , 3
4 , 1300 , 4
5 , 1000 , 4
6 , 15100 , 4
7 , 1800 , 2
8 , 1500 , 3
9 , 1600 , 4
10 , 4800 , 6
11 , 1500 , 4
12 , 1600 , 1
13 , 1300 , 3
14 , 5200 , 6
15 , 1400 , 3
16 , 1200 , 4
17 , 1900 , 6
18 , 1500 , 7
19 , 4800 , 6
20 , 1300 , 4
21 , 1300 , 5
22 , 1000 , 2
23 , 1200 , 4
24 , 1900 , 5
25 , 4500 , 8
26 , 5800 , 8
27 , 1700 , 5
28 , 1900 , 4
29 , 4500 , 5
30 , 1600 , 3
31 , 3300 , 5
32 , 1400 , 2
33 , 1200 , 4
34 , 1200 , 5
35 , 2000 , 4
36 , 3900 , 5
37 , 1400 , 4
38 , 1200 , 3
39 , 1400 , 6
40 , 1500 , 8
41 , 1200 , 3
42 , 1400 , 4
43 , 4300 , 7
44 , 3900 , 8
45 , 4800 , 9
46 , 1300 , 1
47 , 1800 , 9
48 , 1600 , 7
49 , 4100 , 9
50 , 4000 , 7
51 , 2000 , 3
52 , 4700 , 11
53 , 1500 , 2
54 , 4800 , 7
55 , 1500 , 6
56 , 4300 , 3
57 , 1800 , 6
58 , 2000 , 7
59 , 1500 , 6
60 , 1300 , 5
61 , 101800 , 7
62 , 3300 , 2
63 , 6300 , 5
64 , 4900 , 9
65 , 6800 , 3
66 , 1900 , 6
67 , 5800 , 7
68 , 1300 , 4
69 , 1700 , 10
70 , 10200 , 6
71 , 1600 , 4
72 , 1700 , 8
73 , 1400 , 6
74 , 1600 , 3
75 , 2000 , 7
76 , 1200 , 3
77 , 1500 , 7
78 , 1300 , 5
79 , 1700 , 7
80 , 4700 , 7
81 , 1900 , 7
82 , 1600 , 7
83 , 1700 , 8
84 , 1200 , 3
85 , 4300 , 6
86 , 4900 , 7
87 , 1700 , 6
88 , 1500 , 6
89 , 1400 , 6
90 , 2600 , 4
91 , 8300 , 10
92 , 3300 , 11
93 , 3600 , 10
94 , 7300 , 9
95 , 5200 , 10
96 , 1800 , 5
97 , 4800 , 6
98 , 4600 , 13
99 , 5500 , 12
100 , 1700 , 6
101 , 1400 , 6
102 , 5200 , 9
103 , 13300 , 12
104 , 2000 , 5
105 , 1700 , 5
106 , 1700 , 3
107 , 1800 , 9
108 , 1700 , 7
109 , 1600 , 8
110 , 1300 , 7
111 , 4300 , 5
112 , 1700 , 6
113 , 1600 , 8
114 , 1300 , 3
115 , 1500 , 8
116 , 4200 , 5
117 , 9000 , 4
118 , 11300 , 9
119 , 10500 , 8
120 , 1700 , 3
121 , 1900 , 9
122 , 1400 , 6
123 , 4500 , 6
124 , 4000 , 8
125 , 1800 , 5
126 , 1500 , 4
127 , 1900 , 10
128 , 6500 , 8
129 , 15500 , 5
130 , 1900 , 7
131 , 1900 , 9
132 , 1700 , 6
133 , 1600 , 6
134 , 5700 , 6
135 , 1700 , 6
136 , 1800 , 8
137 , 1700 , 8
138 , 1900 , 10
139 , 1700 , 8
140 , 1500 , 6
141 , 5700 , 10
142 , 1800 , 5
143 , 4000 , 5
144 , 1500 , 3
145 , 1700 , 7
146 , 1700 , 4
147 , 4600 , 8
148 , 4400 , 8
149 , 4600 , 11
150 , 2600 , 9
151 , 1500 , 5
152 , 4400 , 7
153 , 8000 , 8
154 , 4100 , 9
155 , 1500 , 3
156 , 1600 , 5
157 , 5600 , 10
158 , 1800 , 6
159 , 4900 , 11
160 , 6000 , 11
161 , 26600 , 9
162 , 6900 , 9
163 , 1700 , 3
164 , 1900 , 7
165 , 5100 , 5
166 , 4900 , 9
167 , 2200 , 8
168 , 1600 , 2
169 , 1800 , 6
170 , 2000 , 8
171 , 1800 , 7
172 , 4800 , 9
173 , 1800 , 4
174 , 4200 , 8
175 , 2000 , 6
176 , 2100 , 10
177 , 4500 , 10
178 , 1900 , 6
179 , 1800 , 5
180 , 1900 , 6
181 , 1800 , 7
182 , 4100 , 7
183 , 1900 , 6
184 , 1700 , 5
185 , 1800 , 7
186 , 1800 , 8
187 , 1800 , 6
188 , 1500 , 3
189 , 1900 , 7
190 , 1800 , 5
191 , 1400 , 3
192 , 4500 , 9
193 , 4600 , 6
194 , 1600 , 2
195 , 1800 , 6
196 , 1700 , 4
197 , 4700 , 8
198 , 2000 , 6
199 , 1800 , 4
200 , 1700 , 6
201 , 7400 , 7
202 , 1900 , 5
203 , 1900 , 8
204 , 1800 , 7
205 , 1900 , 8
206 , 2100 , 11
207 , 2000 , 8
208 , 1700 , 7
209 , 1500 , 3
210 , 1600 , 5
211 , 5000 , 10
212 , 2100 , 8
213 , 1900 , 7
214 , 5300 , 11
215 , 1800 , 10
216 , 5000 , 12
217 , 1900 , 10
218 , 1400 , 3
219 , 3600 , 4
220 , 1600 , 5
221 , 2200 , 5
222 , 7800 , 10
223 , 2500 , 8
224 , 4400 , 8
225 , 7200 , 10
226 , 2300 , 8
227 , 1700 , 3
228 , 1900 , 8
229 , 5000 , 9
230 , 2100 , 8
231 , 1900 , 6
232 , 1800 , 4
233 , 5300 , 10
234 , 2200 , 8
235 , 8300 , 17
236 , 4800 , 8
237 , 2100 , 8
238 , 4900 , 8
239 , 2000 , 5
240 , 1900 , 5
241 , 2100 , 8
242 , 1800 , 6
243 , 1900 , 8
244 , 1900 , 6
245 , 8700 , 7
246 , 2000 , 2
247 , 5600 , 10
248 , 1900 , 5
249 , 1700 , 7
250 , 4200 , 6
251 , 2200 , 9
252 , 1700 , 4
253 , 1600 , 3
254 , 4700 , 7
255 , 1800 , 5
256 , 3200 , 7
257 , 4200 , 8
258 , 5500 , 4
259 , 1800 , 4
260 , 1700 , 6
261 , 1500 , 2
262 , 2000 , 9
263 , 1700 , 5
264 , 1800 , 8
265 , 1900 , 8
266 , 1400 , 3
267 , 1900 , 8
268 , 4900 , 5
269 , 4400 , 8
270 , 1700 , 4
271 , 1800 , 6
272 , 3800 , 6
273 , 1900 , 4
274 , 5000 , 13
275 , 2100 , 7
276 , 4200 , 9
277 , 2100 , 10
278 , 1900 , 8
279 , 1700 , 6
280 , 2300 , 13
281 , 1700 , 5
282 , 1900 , 7
283 , 1900 , 9
284 , 2100 , 10
285 , 5600 , 14
286 , 2100 , 9
287 , 4000 , 9
288 , 4500 , 9
289 , 6200 , 13
290 , 2300 , 7
291 , 1800 , 10
292 , 1800 , 8
293 , 1800 , 10
294 , 5800 , 12
295 , 4700 , 11
296 , 1800 , 6
297 , 2000 , 9
298 , 3800 , 4
299 , 3900 , 6
300 , 10400 , 12
301 , 12900 , 11
302 , 1900 , 7
303 , 8000 , 14
304 , 2400 , 10
305 , 1800 , 5
306 , 5200 , 13
307 , 4500 , 9
308 , 2000 , 5
309 , 1700 , 5
310 , 1700 , 8
311 , 1700 , 5
312 , 2300 , 12
313 , 1600 , 4
314 , 1400 , 2
315 , 1700 , 5
316 , 2100 , 11
317 , 2200 , 10
318 , 2100 , 9
319 , 1700 , 7
320 , 2200 , 11
321 , 7100 , 10
322 , 2000 , 4
323 , 2100 , 8
324 , 1900 , 7
325 , 1800 , 9
326 , 1800 , 8
327 , 1900 , 9
328 , 1700 , 6
329 , 2000 , 10
330 , 1800 , 7
331 , 2100 , 11
332 , 2400 , 12
333 , 1600 , 2
334 , 1500 , 4
335 , 1600 , 6
336 , 2000 , 8
337 , 1800 , 5
338 , 2000 , 11
339 , 1800 , 6
340 , 1900 , 9
341 , 1500 , 4
342 , 20500 , 9
343 , 18100 , 11
344 , 3700 , 11
345 , 700 , 3
346 , 700 , 8
347 , 600 , 7
348 , 3900 , 12
349 , 900 , 8
350 , 600 , 8
351 , 700 , 5
352 , 3700 , 12
353 , 11100 , 8
354 , 800 , 8
355 , 120600 , 8
356 , 24600 , 11
357 , 900 , 7
358 , 700 , 6
359 , 600 , 7
360 , 600 , 5
361 , 4200 , 13
362 , 3200 , 9
363 , 700 , 4
364 , 600 , 10
365 , 800 , 11
366 , 500 , 5
367 , 3100 , 7
368 , 1000 , 8
369 , 600 , 5
370 , 4000 , 13
371 , 700 , 10
372 , 2800 , 10
373 , 2500 , 9
374 , 900 , 15
375 , 700 , 7
376 , 500 , 5
377 , 600 , 11
378 , 700 , 2
379 , 600 , 8
380 , 500 , 6
381 , 500 , 9
382 , 500 , 8
383 , 600 , 9
384 , 2100 , 6
385 , 800 , 8
386 , 4400 , 7
387 , 2600 , 4
388 , 3100 , 9
389 , 600 , 8
390 , 2700 , 13
391 , 4800 , 13
392 , 700 , 7
393 , 600 , 12
394 , 600 , 8
395 , 600 , 6
396 , 3300 , 10
397 , 600 , 10
398 , 4800 , 12
399 , 8900 , 15
400 , 800 , 5
401 , 800 , 8
402 , 600 , 4
403 , 600 , 6
404 , 600 , 10
405 , 600 , 5
406 , 600 , 6
407 , 600 , 8
408 , 600 , 10
409 , 3400 , 12
410 , 3000 , 7
411 , 700 , 9
412 , 2600 , 7
413 , 1200 , 7
414 , 3700 , 3
415 , 4100 , 10
416 , 1000 , 12
417 , 700 , 10
418 , 700 , 8
419 , 500 , 8
420 , 600 , 10
421 , 600 , 5
422 , 700 , 7
423 , 600 , 6
424 , 600 , 7
425 , 3600 , 9
426 , 700 , 11
427 , 600 , 5
428 , 600 , 11
429 , 600 , 5
430 , 3100 , 8
431 , 900 , 14
432 , 3000 , 8
433 , 600 , 6
434 , 500 , 3
435 , 2700 , 8
436 , 700 , 12
437 , 4900 , 7
438 , 4600 , 14
439 , 5100 , 17
440 , 700 , 4
441 , 3400 , 14
442 , 3500 , 7
443 , 600 , 5
444 , 700 , 8
445 , 700 , 12
446 , 3300 , 8
447 , 1000 , 11
448 , 600 , 6
449 , 700 , 6
450 , 3100 , 9
451 , 700 , 6
452 , 600 , 8
453 , 600 , 5
454 , 600 , 8
455 , 3300 , 9
456 , 600 , 8
457 , 500 , 7
458 , 500 , 7
459 , 500 , 7
460 , 2500 , 9
461 , 600 , 4
462 , 3000 , 9
463 , 700 , 13
464 , 3100 , 9
465 , 600 , 5
466 , 500 , 9
467 , 500 , 9
468 , 600 , 4
469 , 2800 , 13
470 , 3800 , 9
471 , 3200 , 12
472 , 700 , 8
473 , 500 , 9
474 , 400 , 7
475 , 3800 , 13
476 , 700 , 8
477 , 700 , 11
478 , 600 , 10
479 , 500 , 6
480 , 8700 , 11
481 , 700 , 6
482 , 600 , 9
483 , 600 , 8
484 , 600 , 7
485 , 600 , 12
486 , 600 , 8
487 , 500 , 6
488 , 3400 , 10
489 , 700 , 5
490 , 2700 , 6
491 , 800 , 7
492 , 500 , 8
493 , 3000 , 8
494 , 700 , 4
495 , 500 , 9
496 , 500 , 11
497 , 600 , 5
498 , 600 , 5
499 , 500 , 8
500 , 600 , 9
501 , 700 , 6
502 , 500 , 6
503 , 2700 , 6
504 , 600 , 7
505 , 600 , 4
506 , 3600 , 12
507 , 700 , 8
508 , 2700 , 6
509 , 600 , 4
510 , 500 , 9
511 , 500 , 10
512 , 19700 , 7
513 , 1100 , 11
514 , 4900 , 10
515 , 700 , 6
516 , 3100 , 5
517 , 3000 , 9
518 , 5000 , 15
519 , 800 , 5
520 , 700 , 5
521 , 3300 , 15
522 , 800 , 9
523 , 2900 , 9
524 , 800 , 7
525 , 8300 , 16
526 , 3000 , 10
527 , 800 , 8
528 , 600 , 11
529 , 600 , 8
530 , 2900 , 6
531 , 3400 , 7
532 , 3500 , 10
533 , 700 , 7
534 , 3600 , 10
535 , 800 , 8
536 , 600 , 6
537 , 600 , 12
538 , 600 , 8
539 , 600 , 6
540 , 3500 , 9
541 , 800 , 5
542 , 600 , 10
543 , 600 , 9
544 , 500 , 7
545 , 3600 , 11
546 , 600 , 7
547 , 2600 , 9
548 , 600 , 5
549 , 600 , 7
550 , 600 , 7
551 , 1500 , 12
552 , 800 , 12
553 , 4700 , 10
554 , 600 , 7
555 , 3400 , 10
556 , 600 , 5
557 , 600 , 13
558 , 500 , 5
559 , 400 , 6
560 , 3600 , 11
561 , 4700 , 15
562 , 3100 , 13
563 , 700 , 4
564 , 600 , 5
565 , 700 , 4
566 , 600 , 7
567 , 600 , 4
568 , 600 , 9
569 , 600 , 8
570 , 3700 , 14
571 , 3200 , 6
572 , 700 , 8
573 , 600 , 4
574 , 500 , 2
575 , 600 , 3
576 , 600 , 10
577 , 1100 , 12
578 , 600 , 7
579 , 600 , 11
580 , 500 , 11
581 , 600 , 9
582 , 700 , 7
583 , 700 , 12
584 , 600 , 6
585 , 500 , 6
586 , 500 , 3
587 , 4000 , 8
588 , 7700 , 12
589 , 3700 , 11
590 , 800 , 6
591 , 700 , 8
592 , 3300 , 8
593 , 700 , 7
594 , 600 , 8
595 , 500 , 9
596 , 600 , 8
597 , 600 , 14
598 , 4400 , 11
599 , 800 , 6
600 , 600 , 7
601 , 500 , 8
602 , 600 , 6
603 , 3500 , 14
604 , 3300 , 11
605 , 3400 , 13
606 , 700 , 10
607 , 700 , 7
608 , 600 , 8
609 , 600 , 10
610 , 600 , 7
611 , 500 , 9
612 , 600 , 9
613 , 3500 , 10
614 , 2900 , 9
615 , 700 , 11
616 , 600 , 11
617 , 2600 , 9
618 , 800 , 4
619 , 6700 , 16
620 , 800 , 10
621 , 500 , 9
622 , 500 , 6
623 , 600 , 6
624 , 500 , 4
625 , 600 , 11
626 , 3200 , 15
627 , 700 , 7
628 , 2500 , 11
629 , 5000 , 6
630 , 900 , 8
631 , 2900 , 5
632 , 600 , 6
633 , 500 , 7
634 , 3400 , 9
635 , 800 , 12
636 , 600 , 5
637 , 700 , 9
638 , 500 , 7
639 , 500 , 5
640 , 2400 , 12
641 , 800 , 10
642 , 500 , 6
643 , 600 , 14
644 , 700 , 8
645 , 600 , 10
646 , 700 , 10
647 , 700 , 8
648 , 700 , 8
649 , 600 , 10
650 , 500 , 3
651 , 3700 , 10
652 , 900 , 7
653 , 600 , 8
654 , 500 , 6
655 , 500 , 7
656 , 500 , 8
657 , 600 , 6
658 , 3100 , 10
659 , 3100 , 10
660 , 800 , 5
661 , 600 , 7
662 , 3000 , 7
663 , 800 , 10
664 , 600 , 5
665 , 600 , 7
666 , 500 , 5
667 , 500 , 6
668 , 700 , 8
669 , 500 , 5
670 , 600 , 9
671 , 500 , 5
672 , 700 , 13
673 , 700 , 12
674 , 600 , 6
675 , 500 , 5
676 , 500 , 12
677 , 600 , 11
678 , 500 , 6
679 , 400 , 6
680 , 600 , 7
681 , 3400 , 8
682 , 700 , 11
683 , 2800 , 8
684 , 600 , 6
685 , 600 , 5
686 , 600 , 8
687 , 2500 , 7
688 , 2800 , 11
689 , 1200 , 8
690 , 700 , 6
691 , 600 , 8
692 , 3700 , 10
693 , 600 , 3
694 , 3100 , 13
695 , 700 , 9
696 , 2400 , 8
697 , 700 , 6
698 , 800 , 13
699 , 600 , 9
700 , 3200 , 7
701 , 2700 , 7
702 , 2600 , 9
703 , 600 , 4
704 , 600 , 15
705 , 3200 , 8
706 , 500 , 5
707 , 2000 , 4
708 , 600 , 11
709 , 500 , 9
710 , 2700 , 9
711 , 800 , 8
712 , 2800 , 11
713 , 2800 , 15
714 , 700 , 6
715 , 700 , 8
716 , 500 , 6
717 , 3000 , 11
718 , 2500 , 10
719 , 700 , 9
720 , 600 , 7
721 , 600 , 12
722 , 3100 , 14
723 , 500 , 4
724 , 600 , 12
725 , 600 , 7
726 , 600 , 9
727 , 600 , 6
728 , 3200 , 7
729 , 700 , 13
730 , 500 , 7
731 , 600 , 8
732 , 3800 , 12
733 , 800 , 7
734 , 500 , 9
735 , 5200 , 8
736 , 700 , 9
737 , 600 , 6
738 , 600 , 11
739 , 2300 , 6
740 , 600 , 8
741 , 4100 , 12
742 , 600 , 6
743 , 600 , 14
744 , 600 , 7
745 , 2200 , 9
746 , 500 , 7
747 , 700 , 15
748 , 600 , 8
749 , 600 , 13
750 , 600 , 12
751 , 3200 , 14
752 , 800 , 7
753 , 600 , 6
754 , 2800 , 11
755 , 600 , 5
756 , 600 , 8
757 , 400 , 6
758 , 3000 , 14
759 , 2600 , 7
760 , 800 , 12
761 , 600 , 3
762 , 4900 , 15
763 , 3300 , 15
764 , 3000 , 13
765 , 2900 , 11
766 , 800 , 8
767 , 600 , 5
768 , 5800 , 8
769 , 7800 , 13
770 , 4100 , 14
771 , 700 , 8
772 , 700 , 8
773 , 600 , 9
774 , 600 , 9
775 , 600 , 9
776 , 600 , 9
777 , 500 , 9
778 , 3000 , 8
779 , 700 , 8
780 , 500 , 10
781 , 500 , 10
782 , 500 , 6
783 , 500 , 8
784 , 500 , 7
785 , 500 , 6
786 , 700 , 11
787 , 600 , 9
788 , 700 , 10
789 , 500 , 6
790 , 3300 , 11
791 , 700 , 8
792 , 600 , 8
793 , 2800 , 8
794 , 700 , 6
795 , 600 , 10
796 , 2700 , 13
797 , 800 , 7
798 , 600 , 12
799 , 600 , 10
800 , 500 , 9
801 , 500 , 8
802 , 3300 , 10
803 , 600 , 7
804 , 3000 , 10
805 , 700 , 9
806 , 500 , 9
807 , 800 , 3
808 , 2600 , 11
809 , 600 , 5
810 , 3100 , 13
811 , 4000 , 10
812 , 600 , 9
813 , 600 , 5
814 , 500 , 8
815 , 3300 , 9
816 , 700 , 8
817 , 2900 , 7
818 , 6900 , 11
819 , 800 , 7
820 , 3500 , 7
821 , 800 , 9
822 , 6900 , 7
823 , 3000 , 6
824 , 700 , 9
825 , 4500 , 9
826 , 900 , 10
827 , 500 , 8
828 , 600 , 5
829 , 600 , 7
830 , 600 , 8
831 , 600 , 5
832 , 600 , 8
833 , 600 , 14
834 , 700 , 10
835 , 500 , 5
836 , 600 , 14
837 , 6300 , 9
838 , 800 , 4
839 , 700 , 9
840 , 700 , 5
841 , 5500 , 16
842 , 2400 , 9
843 , 8900 , 13
844 , 800 , 7
845 , 600 , 8
846 , 700 , 10
847 , 3200 , 9
848 , 700 , 14
849 , 2700 , 8
850 , 3100 , 15
851 , 2900 , 11
852 , 700 , 8
853 , 700 , 6
854 , 700 , 12
855 , 500 , 7
856 , 600 , 11
857 , 700 , 8
858 , 600 , 8
859 , 2600 , 7
860 , 2800 , 12
861 , 5100 , 8
862 , 700 , 10
863 , 600 , 10
864 , 600 , 11
865 , 2500 , 5
866 , 900 , 16
867 , 700 , 9
868 , 3300 , 10
869 , 800 , 5
870 , 2900 , 13
871 , 600 , 12
872 , 600 , 5
873 , 600 , 9
874 , 6600 , 7
875 , 800 , 10
876 , 500 , 8
877 , 3000 , 11
878 , 3100 , 13
879 , 700 , 7
880 , 2900 , 11
881 , 700 , 7
882 , 700 , 5
883 , 600 , 6
884 , 8900 , 11
885 , 900 , 9
886 , 2500 , 4
887 , 800 , 9
888 , 600 , 8
889 , 3400 , 12
890 , 700 , 11
891 , 500 , 5
892 , 500 , 9
893 , 500 , 13
894 , 600 , 6
895 , 700 , 12
896 , 2800 , 6
897 , 900 , 9
898 , 7500 , 12
899 , 800 , 11
900 , 47900 , 10
901 , 23100 , 11
902 , 4800 , 9
903 , 800 , 4
904 , 3300 , 9
905 , 700 , 5
906 , 500 , 12
907 , 400 , 8
908 , 500 , 5
909 , 400 , 7
910 , 400 , 4
911 , 2800 , 9
912 , 600 , 11
913 , 17600 , 6
914 , 86500 , 8
915 , 1200 , 13
916 , 600 , 12
917 , 1700 , 8
918 , 500 , 2
919 , 400 , 6
920 , 600 , 8
921 , 26400 , 9
922 , 1000 , 8
923 , 500 , 5
924 , 600 , 10
925 , 500 , 8
926 , 500 , 7
927 , 4600 , 13
928 , 600 , 5
929 , 400 , 7
930 , 400 , 5
931 , 500 , 10
932 , 600 , 11
933 , 3100 , 12
934 , 600 , 7
935 , 500 , 10
936 , 400 , 4
937 , 27500 , 5
938 , 3500 , 13
939 , 2700 , 7
940 , 500 , 5
941 , 2700 , 13
942 , 1600 , 10
943 , 700 , 6
944 , 500 , 9
945 , 400 , 8
946 , 600 , 12
947 , 400 , 6
948 , 500 , 13
949 , 4400 , 12
950 , 700 , 10
951 , 500 , 6
952 , 500 , 9
953 , 2500 , 7
954 , 2500 , 11
955 , 700 , 10
956 , 500 , 7
957 , 400 , 7
958 , 3200 , 15
959 , 500 , 6
960 , 3100 , 16
961 , 2400 , 9
962 , 700 , 9
963 , 400 , 6
964 , 500 , 7
965 , 500 , 8
966 , 500 , 9
967 , 500 , 9
968 , 3000 , 12
969 , 600 , 3
970 , 500 , 8
971 , 5900 , 19
972 , 2100 , 7
973 , 2300 , 10
974 , 600 , 13
975 , 2600 , 11
976 , 4900 , 7
977 , 700 , 7
978 , 3300 , 11
979 , 600 , 9
980 , 2900 , 10
981 , 600 , 5
982 , 500 , 6
983 , 400 , 6
984 , 400 , 4
985 , 600 , 9
986 , 400 , 9
987 , 500 , 11
988 , 600 , 11
989 , 3500 , 15
990 , 500 , 5
991 , 500 , 11
992 , 500 , 8
993 , 400 , 6
994 , 600 , 10
995 , 500 , 9
996 , 500 , 7
997 , 600 , 11
998 , 500 , 7
999 , 300 , 2
1000 , 500 , 10
1001 , 3100 , 7
1002 , 600 , 9
1003 , 700 , 11
1004 , 600 , 14
1005 , 3000 , 10
1006 , 2500 , 10
1007 , 2400 , 11
1008 , 600 , 14
1009 , 2200 , 10
1010 , 500 , 10
1011 , 400 , 8
1012 , 2400 , 8
1013 , 600 , 7
1014 , 400 , 9
1015 , 4700 , 16
1016 , 600 , 9
1017 , 2500 , 11
1018 , 600 , 7
1019 , 600 , 12
1020 , 500 , 5
1021 , 500 , 9
1022 , 400 , 6
1023 , 6400 , 10
1024 , 5400 , 9
1025 , 700 , 9
1026 , 500 , 12
1027 , 400 , 8
1028 , 3400 , 8
1029 , 600 , 6
1030 , 500 , 12
1031 , 3300 , 4
1032 , 2700 , 11
1033 , 600 , 8
1034 , 500 , 9
1035 , 2400 , 7
1036 , 2700 , 16
1037 , 600 , 10
1038 , 500 , 12
1039 , 400 , 7
1040 , 2800 , 12
1041 , 600 , 7
1042 , 400 , 8
1043 , 500 , 9
1044 , 700 , 8
1045 , 500 , 12
1046 , 500 , 13
1047 , 2400 , 10
1048 , 600 , 5
1049 , 2100 , 6
1050 , 15300 , 11
1051 , 3900 , 13
1052 , 2700 , 9
1053 , 4200 , 10
1054 , 600 , 13
1055 , 500 , 8
1056 , 400 , 5
1057 , 400 , 4
1058 , 500 , 11
1059 , 2300 , 11
1060 , 600 , 9
1061 , 600 , 15
1062 , 2400 , 14
1063 , 600 , 8
1064 , 500 , 10
1065 , 500 , 11
1066 , 600 , 8
1067 , 300 , 4
1068 , 12100 , 10
1069 , 700 , 10
1070 , 2900 , 13
1071 , 600 , 12
1072 , 500 , 7
1073 , 500 , 9
1074 , 500 , 10
1075 , 2400 , 7
1076 , 600 , 9
1077 , 500 , 6
1078 , 2300 , 9
1079 , 600 , 11
1080 , 500 , 11
1081 , 500 , 7
1082 , 400 , 9
1083 , 500 , 6
1084 , 2400 , 9
1085 , 500 , 9
1086 , 500 , 8
1087 , 600 , 12
1088 , 500 , 9
1089 , 500 , 7
1090 , 500 , 10
1091 , 2700 , 15
1092 , 600 , 13
1093 , 900 , 9
1094 , 500 , 8
1095 , 400 , 9
1096 , 500 , 14
1097 , 600 , 11
1098 , 2000 , 7
1099 , 500 , 12
1100 , 400 , 13
1101 , 500 , 13
1102 , 400 , 12
1103 , 2300 , 15
1104 , 500 , 8
1105 , 400 , 7
1106 , 600 , 12
1107 , 2200 , 9
1108 , 500 , 10
1109 , 1800 , 12
1110 , 500 , 6
1111 , 500 , 12
1112 , 2400 , 14
1113 , 500 , 7
1114 , 2200 , 12
1115 , 600 , 9
1116 , 500 , 7
1117 , 400 , 10
1118 , 700 , 10
1119 , 500 , 11
1120 , 700 , 10
1121 , 2800 , 12
1122 , 1900 , 10
1123 , 500 , 8
1124 , 500 , 10
1125 , 2600 , 14
1126 , 2600 , 11
1127 , 600 , 14
1128 , 400 , 5
1129 , 500 , 4
1130 , 2100 , 14
1131 , 600 , 8
1132 , 400 , 7
1133 , 400 , 5
1134 , 3000 , 18
1135 , 500 , 9
1136 , 500 , 5
1137 , 500 , 8
1138 , 600 , 13
1139 , 2500 , 13
1140 , 600 , 7
1141 , 300 , 10
1142 , 700 , 12
1143 , 600 , 8
1144 , 600 , 8
1145 , 2400 , 7
1146 , 600 , 13
1147 , 2400 , 9
1148 , 2700 , 10
1149 , 500 , 7
1150 , 600 , 13
1151 , 500 , 7
1152 , 4300 , 9
1153 , 500 , 10
1154 , 2800 , 13
1155 , 600 , 12
1156 , 500 , 6
1157 , 2200 , 8
1158 , 600 , 15
1159 , 400 , 9
1160 , 500 , 14
1161 , 400 , 8
1162 , 400 , 11
1163 , 2500 , 8
1164 , 600 , 10
1165 , 800 , 13
1166 , 800 , 8
1167 , 600 , 14
1168 , 500 , 7
1169 , 3400 , 15
1170 , 600 , 12
1171 , 2600 , 10
1172 , 800 , 14
1173 , 500 , 7
1174 , 500 , 11
1175 , 2100 , 9
1176 , 2200 , 8
1177 , 500 , 9
1178 , 2100 , 11
1179 , 2400 , 12
1180 , 500 , 10
1181 , 500 , 5
1182 , 500 , 10
1183 , 2700 , 13
1184 , 600 , 9
1185 , 400 , 7
1186 , 2200 , 5
1187 , 600 , 9
1188 , 2900 , 15
1189 , 500 , 11
1190 , 2600 , 12
1191 , 500 , 6
1192 , 2500 , 17
1193 , 3900 , 12
1194 , 3200 , 21
1195 , 700 , 7
1196 , 400 , 7
1197 , 400 , 7
1198 , 500 , 4
1199 , 500 , 13
1200 , 300 , 5
1201 , 500 , 14
1202 , 500 , 10
1203 , 500 , 13
1204 , 2500 , 9
1205 , 500 , 13
1206 , 6800 , 11
1207 , 700 , 13
1208 , 2700 , 13
1209 , 600 , 11
1210 , 400 , 12
1211 , 500 , 9
1212 , 500 , 11
1213 , 600 , 8
1214 , 500 , 11
1215 , 2500 , 6
1216 , 500 , 4
1217 , 3200 , 18
1218 , 2500 , 9
1219 , 600 , 11
1220 , 600 , 9
1221 , 500 , 7
1222 , 400 , 6
1223 , 300 , 4
1224 , 600 , 13
1225 , 600 , 12
1226 , 500 , 9
1227 , 400 , 7
1228 , 4800 , 15
1229 , 600 , 13
1230 , 400 , 9
1231 , 400 , 4
1232 , 400 , 15
1233 , 29400 , 9
1234 , 800 , 6
1235 , 700 , 7
1236 , 1000 , 9
1237 , 500 , 14
1238 , 600 , 12
1239 , 400 , 12
1240 , 400 , 12
1241 , 400 , 8
1242 , 500 , 7
1243 , 500 , 6
1244 , 500 , 10
1245 , 600 , 11
1246 , 600 , 11
1247 , 400 , 8
1248 , 4700 , 17
1249 , 600 , 15
1250 , 5400 , 11
1251 , 34500 , 6
1252 , 500 , 4
1253 , 400 , 8
1254 , 400 , 10
1255 , 300 , 12
1256 , 2100 , 12
1257 , 400 , 6
1258 , 300 , 7
1259 , 400 , 14
1260 , 2300 , 13
1261 , 300 , 5
1262 , 400 , 4
1263 , 2200 , 9
1264 , 400 , 8
1265 , 1900 , 13
1266 , 300 , 8
1267 , 500 , 11
1268 , 3000 , 20
1269 , 300 , 7
1270 , 300 , 7
1271 , 1900 , 8
1272 , 1700 , 12
1273 , 7200 , 11
1274 , 2200 , 13
1275 , 400 , 11
1276 , 700 , 7
1277 , 2200 , 9
1278 , 500 , 10
1279 , 2100 , 11
1280 , 400 , 8
1281 , 400 , 13
1282 , 2300 , 7
1283 , 1900 , 10
1284 , 500 , 6
1285 , 400 , 8
1286 , 300 , 16
1287 , 600 , 8
1288 , 2600 , 10
1289 , 400 , 11
1290 , 400 , 11
1291 , 400 , 8
1292 , 3300 , 15
1293 , 400 , 6
1294 , 300 , 3
1295 , 300 , 8
1296 , 300 , 6
1297 , 400 , 12
1298 , 2400 , 12
1299 , 400 , 11
1300 , 300 , 8
1301 , 400 , 6
1302 , 300 , 7
1303 , 400 , 7
1304 , 2800 , 9
1305 , 2100 , 8
1306 , 500 , 13
1307 , 200 , 6
1308 , 2300 , 9
1309 , 200 , 7
1310 , 400 , 9
1311 , 2400 , 9
1312 , 400 , 9
1313 , 500 , 9
1314 , 300 , 9
1315 , 300 , 9
1316 , 3300 , 16
1317 , 7400 , 11
1318 , 2600 , 8
1319 , 400 , 11
1320 , 300 , 7
1321 , 300 , 7
1322 , 300 , 8
1323 , 2600 , 10
1324 , 400 , 4
1325 , 300 , 5
1326 , 2200 , 11
1327 , 2400 , 9
1328 , 2500 , 14
1329 , 400 , 15
1330 , 300 , 6
1331 , 2800 , 11
1332 , 400 , 10
1333 , 3400 , 12
1334 , 400 , 8
1335 , 300 , 7
1336 , 300 , 7
1337 , 400 , 16
1338 , 2400 , 8
1339 , 3100 , 14
1340 , 300 , 6
1341 , 3100 , 14
1342 , 400 , 11
1343 , 500 , 12
1344 , 400 , 12
1345 , 500 , 10
1346 , 3100 , 13
1347 , 400 , 13
1348 , 400 , 15
1349 , 300 , 2
1350 , 3500 , 10
1351 , 400 , 16
1352 , 3000 , 8
1353 , 2800 , 19
1354 , 400 , 11
1355 , 400 , 12
1356 , 10000 , 11
1357 , 400 , 8
1358 , 3700 , 14
1359 , 6200 , 11
1360 , 2300 , 11
1361 , 3900 , 16
1362 , 2200 , 13
1363 , 400 , 8
1364 , 2300 , 11
1365 , 400 , 8
1366 , 400 , 8
1367 , 2000 , 3
1368 , 2800 , 13
1369 , 2300 , 10
1370 , 2000 , 9
1371 , 2400 , 14
1372 , 300 , 8
1373 , 400 , 11
1374 , 400 , 6
1375 , 400 , 6
1376 , 2200 , 5
1377 , 400 , 10
1378 , 400 , 12
1379 , 400 , 9
1380 , 400 , 4
1381 , 400 , 10
1382 , 400 , 10
1383 , 300 , 11
1384 , 4800 , 23
1385 , 400 , 13
1386 , 4300 , 17
1387 , 43300 , 16
1388 , 2400 , 9
1389 , 400 , 10
1390 , 300 , 12
1391 , 400 , 7
1392 , 400 , 8
1393 , 3200 , 13
1394 , 500 , 7
1395 , 3100 , 16
1396 , 600 , 12
1397 , 300 , 3
1398 , 2600 , 8
1399 , 500 , 5
1400 , 400 , 9
1401 , 300 , 6
1402 , 400 , 12
1403 , 7400 , 7
1404 , 400 , 8
1405 , 400 , 12
1406 , 500 , 11
1407 , 300 , 5
1408 , 300 , 7
1409 , 3100 , 6
1410 , 400 , 11
1411 , 400 , 10
1412 , 300 , 6
1413 , 2200 , 11
1414 , 300 , 6
1415 , 3400 , 17
1416 , 2400 , 9
1417 , 1800 , 5
1418 , 2300 , 13
1419 , 400 , 4
1420 , 3300 , 17
1421 , 400 , 5
1422 , 400 , 8
1423 , 5000 , 17
1424 , 2800 , 9
1425 , 400 , 8
1426 , 500 , 7
1427 , 600 , 11
1428 , 2700 , 11
1429 , 6900 , 12
1430 , 3200 , 15
1431 , 400 , 9
1432 , 4400 , 11
1433 , 500 , 10
1434 , 300 , 9
1435 , 2700 , 9
1436 , 500 , 7
1437 , 400 , 9
1438 , 400 , 7
1439 , 2400 , 12
1440 , 2000 , 9
1441 , 400 , 6
1442 , 400 , 9
1443 , 2300 , 8
1444 , 1900 , 11
1445 , 500 , 12
1446 , 1900 , 8
1447 , 400 , 3
1448 , 2400 , 10
1449 , 2500 , 9
1450 , 600 , 11
1451 , 300 , 7
1452 , 2500 , 12
1453 , 500 , 8
1454 , 400 , 8
1455 , 600 , 6
1456 , 400 , 10
1457 , 500 , 9
1458 , 2400 , 11
1459 , 2300 , 13
1460 , 500 , 9
1461 , 400 , 11
1462 , 2100 , 9
1463 , 700 , 7
1464 , 400 , 6
1465 , 2000 , 9
1466 , 500 , 7
1467 , 400 , 7
1468 , 400 , 9
1469 , 400 , 11
1470 , 500 , 11
1471 , 300 , 5
1472 , 300 , 3
1473 , 400 , 6
1474 , 400 , 10
1475 , 400 , 8
1476 , 400 , 4
1477 , 500 , 16
1478 , 500 , 10
1479 , 5600 , 6
1480 , 400 , 8
1481 , 400 , 11
1482 , 400 , 5
1483 , 300 , 9
1484 , 3300 , 11
1485 , 2700 , 11
1486 , 2200 , 10
1487 , 400 , 10
1488 , 2200 , 10
1489 , 500 , 10
1490 , 400 , 10
1491 , 2400 , 11
1492 , 400 , 12
1493 , 500 , 11
1494 , 400 , 7
1495 , 300 , 6
1496 , 400 , 10
1497 , 400 , 10
1498 , 400 , 7
1499 , 400 , 5
1500 , 2500 , 10
1501 , 600 , 5
1502 , 400 , 10
1503 , 400 , 11
1504 , 500 , 7
1505 , 600 , 10
1506 , 400 , 7
1507 , 2500 , 12
1508 , 1500 , 9
1509 , 300 , 8
1510 , 400 , 10
1511 , 400 , 11
1512 , 400 , 12
1513 , 400 , 8
1514 , 400 , 9
1515 , 500 , 7
1516 , 400 , 13
1517 , 300 , 4
1518 , 2900 , 12
1519 , 300 , 7
1520 , 300 , 7
1521 , 300 , 6
1522 , 2400 , 10
1523 , 500 , 10
1524 , 800 , 10
1525 , 500 , 10
1526 , 300 , 6
1527 , 500 , 9
1528 , 300 , 6
1529 , 400 , 12
1530 , 8300 , 8
1531 , 400 , 11
1532 , 400 , 7
1533 , 500 , 9
1534 , 2500 , 12
1535 , 400 , 5
1536 , 1300 , 11
1537 , 400 , 10
1538 , 500 , 10
1539 , 2500 , 11
1540 , 2400 , 13
1541 , 500 , 10
1542 , 400 , 9
1543 , 400 , 8
1544 , 2800 , 16
1545 , 2300 , 10
1546 , 400 , 9
1547 , 300 , 8
1548 , 300 , 4
1549 , 2400 , 7
1550 , 400 , 8
1551 , 300 , 5
1552 , 1800 , 10
1553 , 400 , 8
1554 , 300 , 8
1555 , 1600 , 6
1556 , 400 , 7
1557 , 500 , 12
1558 , 400 , 8
1559 , 2500 , 15
1560 , 2800 , 13
1561 , 300 , 2
1562 , 1900 , 10
1563 , 2500 , 11
1564 , 2200 , 10
1565 , 400 , 9
1566 , 300 , 8
1567 , 2700 , 15
1568 , 300 , 7
1569 , 400 , 6
1570 , 500 , 9
1571 , 300 , 10
1572 , 400 , 10
1573 , 6500 , 13
1574 , 400 , 3
1575 , 300 , 4
1576 , 2700 , 11
1577 , 400 , 10
1578 , 400 , 4
1579 , 300 , 5
1580 , 2400 , 11
1581 , 400 , 8
1582 , 300 , 2
1583 , 500 , 11
1584 , 3000 , 16
1585 , 500 , 9
1586 , 2600 , 12
1587 , 500 , 7
1588 , 400 , 10
1589 , 2200 , 15
1590 , 300 , 11
1591 , 400 , 7
1592 , 2800 , 9
1593 , 400 , 11
1594 , 300 , 6
1595 , 2700 , 14
1596 , 2000 , 11
1597 , 500 , 11
1598 , 2300 , 12
1599 , 1700 , 7
1600 , 6800 , 16
1601 , 400 , 9
1602 , 400 , 6
1603 , 2400 , 12
1604 , 400 , 10
1605 , 400 , 8
1606 , 500 , 9
1607 , 500 , 5
1608 , 500 , 6
1609 , 400 , 11
1610 , 2300 , 11
1611 , 3700 , 12
1612 , 400 , 12
1613 , 500 , 9
1614 , 6200 , 9
1615 , 400 , 9
1616 , 2500 , 9
1617 , 300 , 5
1618 , 1900 , 9
1619 , 500 , 10
1620 , 400 , 13
1621 , 400 , 6
1622 , 500 , 13
1623 , 300 , 8
1624 , 2600 , 12
1625 , 300 , 7
1626 , 400 , 11
1627 , 300 , 10
1628 , 400 , 5
1629 , 300 , 5
1630 , 2500 , 10
1631 , 2300 , 10
1632 , 400 , 8
1633 , 2000 , 10
1634 , 400 , 8
1635 , 2200 , 13
1636 , 400 , 11
1637 , 200 , 6
1638 , 300 , 12
1639 , 300 , 4
1640 , 300 , 9
1641 , 500 , 12
1642 , 500 , 7
1643 , 400 , 15
1644 , 400 , 14
1645 , 400 , 13
1646 , 500 , 10
1647 , 3100 , 10
1648 , 2100 , 8
1649 , 400 , 10
1650 , 2300 , 11
1651 , 400 , 10
1652 , 300 , 8
1653 , 3100 , 14
1654 , 400 , 7
1655 , 300 , 7
1656 , 300 , 10
1657 , 500 , 9
1658 , 2500 , 7
1659 , 300 , 7
1660 , 500 , 7
1661 , 400 , 14
1662 , 3600 , 16
1663 , 3500 , 13
1664 , 300 , 5
1665 , 400 , 8
1666 , 400 , 5
1667 , 400 , 13
1668 , 400 , 7
1669 , 400 , 14
1670 , 400 , 6
1671 , 400 , 9
1672 , 400 , 11
1673 , 2800 , 10
1674 , 500 , 7
1675 , 400 , 10
1676 , 500 , 12
1677 , 2200 , 9
1678 , 2100 , 8
1679 , 2900 , 15
1680 , 400 , 13
1681 , 2600 , 12
1682 , 2600 , 11
1683 , 500 , 11
1684 , 200 , 6
1685 , 2300 , 14
1686 , 300 , 10
1687 , 300 , 11
1688 , 400 , 8
1689 , 300 , 10
1690 , 400 , 10
1691 , 400 , 11
1692 , 400 , 10
1693 , 5000 , 15
1694 , 300 , 10
1695 , 500 , 9
1696 , 2700 , 13
1697 , 2800 , 11
1698 , 400 , 7
1699 , 2200 , 6
1700 , 400 , 8
1701 , 400 , 7
1702 , 400 , 5
1703 , 400 , 10
1704 , 700 , 11
1705 , 6300 , 12
1706 , 500 , 9
1707 , 300 , 8
1708 , 400 , 8
1709 , 2400 , 7
1710 , 400 , 13
1711 , 400 , 7
1712 , 400 , 6
1713 , 400 , 10
1714 , 2300 , 9
1715 , 400 , 7
1716 , 2600 , 14
1717 , 4600 , 14
1718 , 500 , 13
1719 , 400 , 11
1720 , 400 , 6
1721 , 2500 , 9
1722 , 500 , 9
1723 , 500 , 12
1724 , 6600 , 14
1725 , 2400 , 15
1726 , 400 , 13
1727 , 400 , 6
1728 , 400 , 9
1729 , 2400 , 15
1730 , 400 , 6
1731 , 3900 , 12
1732 , 400 , 6
1733 , 500 , 15
1734 , 5200 , 11
1735 , 400 , 6
1736 , 400 , 9
1737 , 500 , 12
1738 , 400 , 14
1739 , 300 , 8
1740 , 2500 , 10
1741 , 300 , 4
1742 , 400 , 11
1743 , 400 , 6
1744 , 2500 , 12
1745 , 1700 , 9
1746 , 500 , 9
1747 , 400 , 7
1748 , 9100 , 11
1749 , 400 , 13
1750 , 400 , 11
1751 , 300 , 12
1752 , 300 , 8
1753 , 500 , 8
1754 , 500 , 7
1755 , 500 , 9
1756 , 300 , 8
1757 , 6600 , 15
1758 , 300 , 5
1759 , 400 , 7
1760 , 400 , 11
1761 , 32500 , 11
1762 , 1800 , 7
1763 , 1500 , 10
1764 , 400 , 10
1765 , 2100 , 15
1766 , 700 , 9
1767 , 400 , 12
1768 , 1400 , 14
1769 , 400 , 7
1770 , 400 , 8
1771 , 3800 , 10
1772 , 600 , 4
1773 , 400 , 5
1774 , 500 , 10
1775 , 300 , 9
1776 , 400 , 11
1777 , 1500 , 6
1778 , 400 , 4
1779 , 400 , 12
1780 , 300 , 12
1781 , 400 , 6
1782 , 300 , 5
1783 , 1100 , 10
1784 , 400 , 6
1785 , 400 , 14
1786 , 1300 , 9
1787 , 300 , 11
1788 , 400 , 9
1789 , 1200 , 10
1790 , 1300 , 14
1791 , 300 , 3
1792 , 400 , 11
1793 , 400 , 8
1794 , 400 , 11
1795 , 9500 , 15
1796 , 400 , 9
1797 , 500 , 6
1798 , 400 , 10
1799 , 1600 , 18
1800 , 400 , 10
1801 , 400 , 14
1802 , 400 , 6
1803 , 1200 , 10
1804 , 400 , 8
1805 , 600 , 13
1806 , 400 , 6
1807 , 300 , 10
1808 , 1600 , 12
1809 , 500 , 11
1810 , 400 , 10
1811 , 1900 , 19
1812 , 400 , 6
1813 , 400 , 15
1814 , 500 , 8
1815 , 600 , 14
1816 , 1400 , 8
1817 , 1100 , 10
1818 , 400 , 10
1819 , 300 , 5
1820 , 500 , 10
1821 , 400 , 10
1822 , 300 , 5
1823 , 1400 , 8
1824 , 400 , 12
1825 , 1200 , 8
1826 , 400 , 8
1827 , 300 , 7
1828 , 1300 , 8
1829 , 1200 , 11
1830 , 400 , 3
1831 , 400 , 11
1832 , 400 , 11
1833 , 300 , 6
1834 , 400 , 10
1835 , 400 , 8
1836 , 300 , 6
1837 , 400 , 11
1838 , 400 , 3
1839 , 400 , 6
1840 , 600 , 10
1841 , 300 , 9
1842 , 300 , 6
1843 , 200 , 6
1844 , 4000 , 9
1845 , 2000 , 7
1846 , 400 , 8
1847 , 1200 , 5
1848 , 300 , 8
1849 , 400 , 13
1850 , 1300 , 10
1851 , 400 , 7
1852 , 400 , 10
1853 , 900 , 11
1854 , 300 , 9
1855 , 500 , 11
1856 , 400 , 6
1857 , 400 , 9
1858 , 400 , 9
1859 , 2300 , 8
1860 , 1100 , 10
1861 , 1800 , 10
1862 , 1100 , 10
1863 , 400 , 12
1864 , 400 , 9
1865 , 1700 , 11
1866 , 1300 , 12
1867 , 400 , 6
1868 , 5000 , 13
1869 , 1800 , 12
1870 , 400 , 9
1871 , 300 , 7
1872 , 1600 , 14
1873 , 1400 , 11
1874 , 300 , 7
1875 , 400 , 10
1876 , 1300 , 9
1877 , 400 , 10
1878 , 1100 , 14
1879 , 400 , 9
1880 , 400 , 11
1881 , 600 , 7
1882 , 600 , 11
1883 , 1600 , 11
1884 , 500 , 10
1885 , 300 , 7
1886 , 1900 , 8
1887 , 600 , 8
1888 , 400 , 4
1889 , 300 , 8
1890 , 400 , 7
1891 , 1400 , 11
1892 , 400 , 10
1893 , 400 , 9
1894 , 400 , 7
1895 , 1400 , 7
1896 , 400 , 12
1897 , 400 , 8
1898 , 1600 , 17
1899 , 300 , 9
1900 , 1300 , 11
1901 , 400 , 8
1902 , 400 , 12
1903 , 1500 , 19
1904 , 300 , 5
1905 , 1700 , 14
1906 , 400 , 13
1907 , 2000 , 11
1908 , 1400 , 11
1909 , 300 , 4
1910 , 400 , 11
1911 , 4400 , 3
1912 , 600 , 11
1913 , 2000 , 14
1914 , 2100 , 14
1915 , 400 , 10
1916 , 500 , 13
1917 , 300 , 9
1918 , 300 , 8
1919 , 500 , 8
1920 , 500 , 10
1921 , 1800 , 12
1922 , 1100 , 11
1923 , 400 , 11
1924 , 400 , 8
1925 , 300 , 8
1926 , 1100 , 10
1927 , 400 , 9
1928 , 1200 , 8
1929 , 900 , 13
1930 , 400 , 10
1931 , 400 , 10
1932 , 1500 , 14
1933 , 900 , 9
1934 , 1000 , 10
1935 , 1000 , 10
1936 , 400 , 4
1937 , 1400 , 12
1938 , 400 , 4
1939 , 500 , 6
1940 , 1100 , 4
1941 , 3600 , 13
1942 , 1700 , 8
1943 , 1400 , 15
1944 , 1400 , 17
1945 , 2000 , 14
1946 , 300 , 8
1947 , 500 , 7
1948 , 7300 , 8
1949 , 400 , 8
1950 , 400 , 13
1951 , 400 , 11
1952 , 300 , 4
1953 , 300 , 8
1954 , 300 , 10
1955 , 500 , 9
1956 , 500 , 13
1957 , 400 , 8
1958 , 500 , 11
1959 , 500 , 9
1960 , 2100 , 8
1961 , 1300 , 14
1962 , 400 , 7
1963 , 400 , 9
1964 , 400 , 4
1965 , 400 , 10
1966 , 1400 , 9
1967 , 1200 , 10
1968 , 600 , 14
1969 , 600 , 12
1970 , 500 , 5
1971 , 300 , 13
1972 , 500 , 11
1973 , 1500 , 12
1974 , 1300 , 18
1975 , 1000 , 6
1976 , 1000 , 7
1977 , 400 , 6
1978 , 300 , 5
1979 , 400 , 8
1980 , 1500 , 16
1981 , 400 , 8
1982 , 1200 , 5
1983 , 400 , 14
1984 , 1200 , 12
1985 , 1100 , 13
1986 , 400 , 9
1987 , 300 , 7
1988 , 300 , 8
1989 , 300 , 10
1990 , 300 , 9
1991 , 700 , 9
1992 , 1300 , 5
1993 , 400 , 7
1994 , 7200 , 9
1995 , 1600 , 9
1996 , 400 , 8
1997 , 500 , 12
1998 , 400 , 9
1999 , 300 , 5
2000 , 400 , 12
2001 , 400 , 6
2002 , 1500 , 6
2003 , 1200 , 11
2004 , 1400 , 15
2005 , 300 , 8
2006 , 400 , 8
2007 , 400 , 9
2008 , 400 , 9
2009 , 1300 , 8
2010 , 1200 , 10
2011 , 500 , 10
2012 , 500 , 12
2013 , 400 , 13
2014 , 1000 , 6
2015 , 400 , 5
2016 , 400 , 12
2017 , 300 , 7
2018 , 400 , 5
2019 , 300 , 8
2020 , 400 , 14
2021 , 300 , 5
2022 , 1500 , 14
2023 , 1300 , 8
2024 , 400 , 5
2025 , 400 , 9
2026 , 1300 , 8
2027 , 500 , 10
2028 , 400 , 13
2029 , 400 , 14
2030 , 400 , 12
2031 , 300 , 9
2032 , 2100 , 17
2033 , 400 , 13
2034 , 300 , 8
2035 , 1400 , 12
2036 , 400 , 9
2037 , 400 , 8
2038 , 1300 , 9
2039 , 400 , 8
2040 , 400 , 6
2041 , 400 , 10
2042 , 1900 , 8
2043 , 400 , 8
2044 , 1600 , 14
2045 , 500 , 9
2046 , 500 , 8
2047 , 300 , 3
2048 , 400 , 8
2049 , 2000 , 10
2050 , 400 , 10
2051 , 1600 , 12
2052 , 400 , 8
2053 , 2100 , 11
2054 , 400 , 10
2055 , 400 , 12
2056 , 400 , 7
2057 , 400 , 8
2058 , 1600 , 10
2059 , 400 , 6
2060 , 300 , 7
2061 , 400 , 9
2062 , 1500 , 9
2063 , 500 , 10
2064 , 1500 , 14
2065 , 500 , 14
2066 , 1700 , 11
2067 , 1400 , 8
2068 , 600 , 11
2069 , 400 , 9
2070 , 1300 , 7
2071 , 400 , 8
2072 , 1600 , 11
2073 , 1200 , 11
2074 , 1300 , 9
2075 , 1100 , 12
2076 , 400 , 10
2077 , 400 , 9
2078 , 400 , 13
2079 , 400 , 11
2080 , 400 , 8
2081 , 2000 , 9
2082 , 600 , 10
2083 , 800 , 12
2084 , 400 , 6
2085 , 1800 , 10
2086 , 1400 , 15
2087 , 500 , 9
2088 , 300 , 5
2089 , 600 , 10
2090 , 400 , 11
2091 , 1400 , 14
2092 , 400 , 3
2093 , 1300 , 12
2094 , 1400 , 15
2095 , 1600 , 11
2096 , 600 , 9
2097 , 1200 , 10
2098 , 400 , 12
2099 , 5000 , 11
2100 , 300 , 9
2101 , 1600 , 13
2102 , 1100 , 9
2103 , 300 , 8
2104 , 500 , 7
2105 , 400 , 8
2106 , 1300 , 10
2107 , 300 , 7
2108 , 400 , 10
2109 , 1400 , 13
2110 , 400 , 6
2111 , 500 , 10
2112 , 2500 , 8
2113 , 1900 , 9
2114 , 400 , 11
2115 , 300 , 6
2116 , 400 , 10
2117 , 400 , 10
2118 , 1600 , 12
2119 , 1200 , 12
2120 , 400 , 7
2121 , 600 , 7
2122 , 300 , 8
2123 , 500 , 12
2124 , 400 , 7
2125 , 2000 , 9
2126 , 400 , 7
2127 , 300 , 6
2128 , 400 , 7
2129 , 1700 , 12
2130 , 400 , 8
2131 , 300 , 7
2132 , 400 , 10
2133 , 300 , 7
2134 , 1600 , 9
2135 , 1300 , 7
2136 , 400 , 8
2137 , 300 , 4
2138 , 500 , 12
2139 , 500 , 7
2140 , 500 , 13
2141 , 600 , 12
2142 , 300 , 7
2143 , 300 , 7
2144 , 1900 , 9
2145 , 400 , 16
2146 , 400 , 11
2147 , 400 , 13
2148 , 300 , 10
2149 , 400 , 8
2150 , 400 , 9
2151 , 500 , 11
2152 , 1400 , 7
2153 , 1000 , 11
2154 , 1100 , 9
2155 , 500 , 12
2156 , 300 , 6
2157 , 300 , 8
2158 , 1400 , 12
2159 , 400 , 6
2160 , 400 , 9
2161 , 1200 , 14
2162 , 1300 , 12
2163 , 500 , 8
2164 , 300 , 8
2165 , 1300 , 14
2166 , 300 , 7
2167 , 400 , 4
2168 , 300 , 6
2169 , 300 , 6
2170 , 4000 , 4
2171 , 2200 , 8
2172 , 500 , 7
2173 , 500 , 7
2174 , 400 , 6
2175 , 400 , 8
2176 , 400 , 9
2177 , 1600 , 13
2178 , 1300 , 15
2179 , 300 , 10
2180 , 1400 , 7
2181 , 1200 , 10
2182 , 500 , 11
2183 , 400 , 12
2184 , 1200 , 11
2185 , 300 , 3
2186 , 300 , 9
2187 , 400 , 9
2188 , 400 , 4
2189 , 400 , 8
2190 , 400 , 14
2191 , 400 , 13
2192 , 1400 , 10
2193 , 300 , 6
2194 , 1200 , 18
2195 , 400 , 7
2196 , 300 , 11
2197 , 300 , 5
2198 , 500 , 9
2199 , 1500 , 16
2200 , 400 , 11
2201 , 500 , 10
2202 , 400 , 9
2203 , 1100 , 5
2204 , 600 , 15
2205 , 1200 , 8
2206 , 300 , 10
2207 , 400 , 8
2208 , 400 , 10
2209 , 300 , 5
2210 , 400 , 10
2211 , 1200 , 7
2212 , 300 , 7
2213 , 1200 , 10
2214 , 300 , 8
2215 , 500 , 8
2216 , 5000 , 14
2217 , 400 , 9
2218 , 1300 , 9
2219 , 400 , 10
2220 , 1200 , 10
2221 , 400 , 13
2222 , 1300 , 16
2223 , 500 , 10
2224 , 400 , 12
2225 , 400 , 8
2226 , 1500 , 13
2227 , 400 , 8
2228 , 1300 , 11
2229 , 1100 , 8
2230 , 500 , 13
2231 , 500 , 10
2232 , 500 , 10
2233 , 400 , 13
2234 , 300 , 6
2235 , 400 , 6
2236 , 400 , 8
2237 , 400 , 11
2238 , 300 , 4
2239 , 400 , 10
2240 , 300 , 7
2241 , 300 , 12
2242 , 1500 , 12
2243 , 400 , 9
2244 , 400 , 6
2245 , 400 , 12
2246 , 1600 , 16
2247 , 300 , 8
2248 , 1600 , 15
2249 , 1200 , 12
2250 , 300 , 10
2251 , 400 , 7
2252 , 400 , 8
2253 , 400 , 6
2254 , 400 , 5
2255 , 300 , 3
2256 , 500 , 13
2257 , 1600 , 12
2258 , 500 , 7
2259 , 500 , 11
2260 , 400 , 11
2261 , 1300 , 9
2262 , 300 , 8
2263 , 5300 , 6
2264 , 500 , 14
2265 , 1400 , 11
2266 , 300 , 6
2267 , 400 , 8
2268 , 2200 , 16
2269 , 400 , 8
2270 , 300 , 6
2271 , 400 , 9
2272 , 600 , 11
2273 , 1800 , 10
2274 , 400 , 9
2275 , 400 , 12
2276 , 300 , 9
2277 , 400 , 8
2278 , 300 , 3
2279 , 1500 , 12
2280 , 500 , 7
2281 , 500 , 12
2282 , 500 , 11
2283 , 2300 , 10
2284 , 300 , 10
2285 , 1500 , 16
2286 , 400 , 12
2287 , 300 , 13
2288 , 400 , 12
2289 , 1300 , 9
2290 , 400 , 11
2291 , 4300 , 13
2292 , 300 , 9
2293 , 18700 , 15
2294 , 400 , 13
2295 , 900 , 12
2296 , 600 , 10
2297 , 600 , 13
2298 , 600 , 9
2299 , 500 , 12
2300 , 800 , 13
2301 , 400 , 7
2302 , 600 , 8
2303 , 300 , 6
2304 , 400 , 6
2305 , 400 , 5
2306 , 600 , 11
2307 , 4700 , 12
2308 , 700 , 7
2309 , 400 , 5
2310 , 600 , 10
2311 , 800 , 10
2312 , 500 , 9
2313 , 400 , 3
2314 , 400 , 9
2315 , 300 , 8
2316 , 300 , 8
2317 , 300 , 12
2318 , 300 , 10
2319 , 400 , 12
2320 , 400 , 9
2321 , 500 , 14
2322 , 400 , 8
2323 , 400 , 7
2324 , 400 , 11
2325 , 400 , 5
2326 , 400 , 14
2327 , 400 , 7
2328 , 400 , 12
2329 , 900 , 15
2330 , 600 , 12
2331 , 300 , 8
2332 , 400 , 15
2333 , 500 , 9
2334 , 400 , 11
2335 , 900 , 19
2336 , 600 , 11
2337 , 400 , 10
2338 , 400 , 8
2339 , 400 , 8
2340 , 400 , 11
2341 , 700 , 15
2342 , 400 , 7
2343 , 400 , 15
2344 , 300 , 9
2345 , 400 , 12
2346 , 500 , 9
2347 , 700 , 8
2348 , 400 , 8
2349 , 700 , 11
2350 , 700 , 14
2351 , 700 , 11
2352 , 7100 , 7
2353 , 400 , 9
2354 , 600 , 11
2355 , 400 , 10
2356 , 400 , 13
2357 , 800 , 11
2358 , 500 , 9
2359 , 300 , 2
2360 , 400 , 11
2361 , 700 , 17
2362 , 600 , 8
2363 , 500 , 14
2364 , 400 , 8
2365 , 500 , 11
2366 , 400 , 9
2367 , 400 , 8
2368 , 300 , 6
2369 , 300 , 5
2370 , 600 , 10
2371 , 600 , 9
2372 , 400 , 9
2373 , 400 , 10
2374 , 400 , 8
2375 , 300 , 7
2376 , 500 , 7
2377 , 400 , 11
2378 , 500 , 8
2379 , 300 , 9
2380 , 600 , 12
2381 , 600 , 9
2382 , 300 , 12
2383 , 400 , 11
2384 , 400 , 15
2385 , 300 , 9
2386 , 600 , 14
2387 , 700 , 13
2388 , 500 , 10
2389 , 300 , 8
2390 , 500 , 7
2391 , 600 , 10
2392 , 400 , 9
2393 , 400 , 6
2394 , 800 , 14
2395 , 400 , 12
2396 , 700 , 13
2397 , 500 , 8
2398 , 500 , 12
2399 , 300 , 6
2400 , 800 , 13
2401 , 1500 , 8
2402 , 1000 , 12
2403 , 2400 , 16
2404 , 600 , 11
2405 , 700 , 7
2406 , 1100 , 16
2407 , 600 , 7
2408 , 600 , 8
2409 , 400 , 8
2410 , 600 , 9
2411 , 900 , 9
2412 , 700 , 9
2413 , 800 , 9
2414 , 600 , 11
2415 , 1100 , 14
2416 , 400 , 10
2417 , 600 , 11
2418 , 800 , 7
2419 , 600 , 9
2420 , 500 , 9
2421 , 600 , 9
2422 , 1100 , 15
2423 , 500 , 12
2424 , 500 , 9
2425 , 500 , 8
2426 , 11500 , 13
2427 , 500 , 9
2428 , 500 , 7
2429 , 500 , 9
2430 , 600 , 6
2431 , 600 , 5
2432 , 500 , 11
2433 , 700 , 8
2434 , 1300 , 13
2435 , 300 , 6
2436 , 600 , 8
2437 , 600 , 13
2438 , 600 , 7
2439 , 8600 , 12
2440 , 400 , 10
2441 , 500 , 12
2442 , 600 , 13
2443 , 500 , 10
2444 , 500 , 6
2445 , 700 , 13
2446 , 900 , 7
2447 , 500 , 9
2448 , 700 , 9
2449 , 700 , 6
2450 , 700 , 9
2451 , 700 , 9
2452 , 400 , 7
2453 , 62700 , 11
2454 , 900 , 10
2455 , 500 , 11
2456 , 1200 , 9
2457 , 600 , 6
2458 , 500 , 5
2459 , 800 , 10
2460 , 600 , 10
2461 , 1700 , 11
2462 , 800 , 9
2463 , 700 , 7
2464 , 600 , 6
2465 , 700 , 10
2466 , 600 , 13
2467 , 500 , 9
2468 , 600 , 12
2469 , 700 , 11
2470 , 400 , 7
2471 , 600 , 12
2472 , 800 , 13
2473 , 500 , 11
2474 , 500 , 11
2475 , 500 , 8
2476 , 900 , 9
2477 , 1000 , 13
2478 , 1000 , 14
2479 , 400 , 6
2480 , 500 , 14
2481 , 400 , 11
2482 , 600 , 6
2483 , 700 , 13
2484 , 800 , 9
2485 , 600 , 9
2486 , 600 , 11
2487 , 600 , 12
2488 , 7000 , 10
2489 , 700 , 8
2490 , 400 , 5
2491 , 600 , 6
2492 , 600 , 9
2493 , 700 , 11
2494 , 1000 , 11
2495 , 400 , 7
2496 , 600 , 17
2497 , 600 , 8
2498 , 500 , 9
2499 , 700 , 7
2500 , 900 , 16
2501 , 500 , 13
2502 , 900 , 11
2503 , 500 , 6
2504 , 400 , 4
2505 , 500 , 6
2506 , 400 , 7
2507 , 600 , 12
2508 , 400 , 7
2509 , 800 , 12
2510 , 300 , 5
2511 , 600 , 14
2512 , 400 , 7
2513 , 400 , 12
2514 , 400 , 5
2515 , 700 , 10
2516 , 700 , 11
2517 , 500 , 6
2518 , 900 , 10
2519 , 400 , 6
2520 , 600 , 11
2521 , 600 , 9
2522 , 600 , 13
2523 , 600 , 12
2524 , 500 , 12
2525 , 700 , 12
2526 , 400 , 5
2527 , 600 , 9
2528 , 600 , 8
2529 , 600 , 11
2530 , 800 , 8
2531 , 400 , 6
2532 , 400 , 7
2533 , 400 , 3
2534 , 600 , 12
2535 , 400 , 7
2536 , 600 , 8
2537 , 4000 , 8
2538 , 900 , 17
2539 , 700 , 13
2540 , 300 , 10
2541 , 400 , 11
2542 , 500 , 10
2543 , 500 , 14
2544 , 500 , 7
2545 , 1200 , 12
2546 , 1100 , 14
2547 , 500 , 8
2548 , 400 , 8
2549 , 300 , 5
2550 , 800 , 10
2551 , 500 , 14
2552 , 400 , 4
2553 , 400 , 9
2554 , 600 , 15
2555 , 300 , 5
2556 , 600 , 9
2557 , 500 , 5
2558 , 1000 , 14
2559 , 800 , 14
2560 , 1800 , 11
2561 , 700 , 12
2562 , 600 , 7
2563 , 500 , 8
2564 , 1000 , 10
2565 , 500 , 4
2566 , 900 , 13
2567 , 700 , 7
2568 , 500 , 8
2569 , 700 , 5
2570 , 500 , 5
2571 , 400 , 9
2572 , 400 , 9
2573 , 400 , 5
2574 , 400 , 8
2575 , 600 , 6
2576 , 400 , 11
2577 , 600 , 8
2578 , 600 , 11
2579 , 400 , 12
2580 , 500 , 12
2581 , 500 , 4
2582 , 400 , 15
2583 , 700 , 10
2584 , 300 , 5
2585 , 700 , 8
2586 , 4700 , 11
2587 , 500 , 5
2588 , 500 , 8
2589 , 500 , 13
2590 , 500 , 10
2591 , 500 , 5
2592 , 300 , 7
2593 , 600 , 9
2594 , 400 , 7
2595 , 700 , 11
2596 , 1000 , 13
2597 , 700 , 9
2598 , 800 , 15
2599 , 800 , 5
2600 , 700 , 8
2601 , 500 , 12
2602 , 600 , 7
2603 , 300 , 11
2604 , 400 , 7
2605 , 300 , 10
2606 , 800 , 12
2607 , 700 , 8
2608 , 300 , 2
2609 , 600 , 10
2610 , 500 , 6
2611 , 300 , 11
2612 , 400 , 9
2613 , 700 , 11
2614 , 400 , 10
2615 , 400 , 11
2616 , 400 , 12
2617 , 500 , 10
2618 , 1100 , 14
2619 , 1400 , 14
2620 , 600 , 13
2621 , 400 , 9
2622 , 400 , 9
2623 , 500 , 9
2624 , 2700 , 10
2625 , 600 , 8
2626 , 400 , 10
2627 , 300 , 8
2628 , 800 , 18
2629 , 5700 , 10
2630 , 900 , 11
2631 , 400 , 10
2632 , 700 , 11
2633 , 800 , 16
2634 , 700 , 11
2635 , 800 , 17
2636 , 500 , 9
2637 , 400 , 10
2638 , 500 , 9
2639 , 500 , 10
2640 , 600 , 16
2641 , 500 , 11
2642 , 300 , 6
2643 , 400 , 3
2644 , 400 , 7
2645 , 700 , 12
2646 , 500 , 17
2647 , 600 , 13
2648 , 500 , 8
2649 , 400 , 6
2650 , 800 , 10
2651 , 1000 , 15
2652 , 500 , 6
2653 , 500 , 11
2654 , 400 , 10
2655 , 300 , 9
2656 , 600 , 8
2657 , 500 , 4
2658 , 800 , 15
2659 , 400 , 8
2660 , 500 , 11
2661 , 400 , 13
2662 , 500 , 11
2663 , 300 , 8
2664 , 500 , 14
2665 , 400 , 9
2666 , 400 , 10
2667 , 400 , 14
2668 , 500 , 9
2669 , 400 , 6
2670 , 400 , 12
2671 , 8800 , 12
2672 , 500 , 14
2673 , 1000 , 12
2674 , 800 , 12
2675 , 400 , 11
2676 , 300 , 6
2677 , 400 , 8
2678 , 400 , 6
2679 , 500 , 7
2680 , 400 , 10
2681 , 400 , 8
2682 , 300 , 8
2683 , 400 , 7
2684 , 400 , 11
2685 , 300 , 9
2686 , 400 , 10
2687 , 300 , 5
2688 , 400 , 8
2689 , 400 , 9
2690 , 700 , 17
2691 , 500 , 7
2692 , 400 , 9
2693 , 300 , 8
2694 , 400 , 7
2695 , 600 , 16
2696 , 500 , 11
2697 , 500 , 17
2698 , 400 , 11
2699 , 400 , 6
2700 , 400 , 10
2701 , 600 , 14
2702 , 300 , 3
2703 , 12200 , 16
2704 , 700 , 9
2705 , 1000 , 11
2706 , 700 , 8
2707 , 800 , 8
2708 , 700 , 10
2709 , 400 , 9
2710 , 400 , 12
2711 , 500 , 10
2712 , 300 , 6
2713 , 600 , 7
2714 , 400 , 9
2715 , 500 , 9
2716 , 1000 , 16
2717 , 400 , 10
2718 , 500 , 14
2719 , 500 , 10
2720 , 500 , 10
2721 , 600 , 6
2722 , 500 , 7
2723 , 500 , 9
2724 , 500 , 12
2725 , 700 , 8
2726 , 500 , 13
2727 , 1000 , 16
2728 , 800 , 14
2729 , 1200 , 18
2730 , 700 , 9
2731 , 400 , 10
2732 , 600 , 9
2733 , 600 , 8
2734 , 400 , 6
2735 , 400 , 9
2736 , 400 , 7
2737 , 400 , 8
2738 , 600 , 17
2739 , 400 , 8
2740 , 700 , 13
2741 , 1000 , 14
2742 , 500 , 11
2743 , 700 , 8
2744 , 900 , 15
2745 , 600 , 8
2746 , 400 , 9
2747 , 900 , 17
2748 , 300 , 6
2749 , 800 , 12
2750 , 600 , 4
2751 , 400 , 7
2752 , 300 , 9
2753 , 500 , 7
2754 , 500 , 11
2755 , 800 , 9
2756 , 400 , 6
2757 , 500 , 12
2758 , 600 , 10
2759 , 600 , 9
2760 , 4300 , 10
2761 , 400 , 11
2762 , 400 , 11
2763 , 500 , 12
2764 , 500 , 11
2765 , 600 , 11
2766 , 500 , 13
2767 , 700 , 12
2768 , 400 , 15
2769 , 500 , 8
2770 , 400 , 11
2771 , 500 , 13
2772 , 500 , 10
2773 , 400 , 11
2774 , 400 , 4
2775 , 500 , 13
2776 , 700 , 13
2777 , 500 , 8
2778 , 600 , 7
2779 , 600 , 6
2780 , 1200 , 14
2781 , 500 , 9
2782 , 400 , 5
2783 , 400 , 6
2784 , 500 , 10
2785 , 500 , 11
2786 , 1100 , 13
2787 , 700 , 12
2788 , 500 , 7
2789 , 500 , 11
2790 , 600 , 13
2791 , 400 , 6
2792 , 600 , 13
2793 , 500 , 7
2794 , 500 , 6
2795 , 2700 , 9
2796 , 500 , 11
2797 , 800 , 9
2798 , 500 , 12
2799 , 500 , 6
2800 , 400 , 3
2801 , 800 , 13
2802 , 300 , 4
2803 , 500 , 11
2804 , 600 , 12
2805 , 400 , 7
2806 , 500 , 9
2807 , 7100 , 17
2808 , 500 , 11
2809 , 600 , 12
2810 , 700 , 14
2811 , 400 , 9
2812 , 500 , 13
2813 , 700 , 11
2814 , 1000 , 13
2815 , 700 , 18
2816 , 800 , 15
2817 , 600 , 9
2818 , 600 , 11
2819 , 400 , 6
2820 , 800 , 14
2821 , 400 , 6
2822 , 500 , 8
2823 , 300 , 6
2824 , 500 , 7
2825 , 400 , 8
2826 , 400 , 7
2827 , 400 , 14
2828 , 800 , 13
2829 , 500 , 8
2830 , 600 , 11
2831 , 800 , 9
2832 , 700 , 10
2833 , 500 , 10
2834 , 400 , 10
2835 , 900 , 17
2836 , 400 , 8
2837 , 400 , 13
2838 , 400 , 11
2839 , 800 , 10
2840 , 600 , 9
2841 , 300 , 8
2842 , 400 , 8
2843 , 400 , 14
2844 , 500 , 9
2845 , 600 , 9
2846 , 500 , 12
2847 , 800 , 12
2848 , 600 , 12
2849 , 700 , 13
2850 , 600 , 14
2851 , 600 , 13
2852 , 500 , 11
2853 , 400 , 12
2854 , 400 , 12
2855 , 400 , 12
2856 , 400 , 11
2857 , 400 , 8
2858 , 400 , 9
2859 , 500 , 11
2860 , 700 , 14
2861 , 400 , 7
2862 , 400 , 8
2863 , 400 , 12
2864 , 400 , 10
2865 , 400 , 9
2866 , 500 , 12
2867 , 500 , 10
2868 , 500 , 13
2869 , 700 , 9
2870 , 900 , 10
2871 , 500 , 12
2872 , 400 , 12
2873 , 600 , 9
2874 , 800 , 11
2875 , 600 , 14
2876 , 700 , 16
2877 , 400 , 10
2878 , 400 , 6
2879 , 600 , 12
2880 , 400 , 12
2881 , 400 , 7
2882 , 400 , 12
2883 , 500 , 13
2884 , 400 , 10
2885 , 600 , 10
2886 , 400 , 9
2887 , 300 , 12
2888 , 600 , 6
2889 , 700 , 14
2890 , 600 , 10
2891 , 500 , 8
2892 , 400 , 13
2893 , 600 , 12
2894 , 600 , 10
2895 , 500 , 9
2896 , 7300 , 9
2897 , 800 , 13
2898 , 500 , 12
2899 , 500 , 10
2900 , 400 , 11
2901 , 500 , 12
2902 , 500 , 12
2903 , 300 , 9
2904 , 400 , 15
2905 , 400 , 6
2906 , 400 , 9
2907 , 500 , 11
2908 , 500 , 10
2909 , 500 , 7
2910 , 800 , 9
2911 , 400 , 6
2912 , 900 , 18
2913 , 700 , 12
2914 , 400 , 10
2915 , 400 , 11
2916 , 800 , 12
2917 , 600 , 7
2918 , 400 , 11
2919 , 700 , 15
2920 , 500 , 10
2921 , 400 , 12
2922 , 500 , 11
2923 , 400 , 8
2924 , 500 , 6
2925 , 400 , 11
2926 , 500 , 10
2927 , 900 , 15
2928 , 600 , 11
2929 , 400 , 7
2930 , 400 , 11
2931 , 900 , 14
2932 , 400 , 8
2933 , 400 , 9
2934 , 900 , 19
2935 , 400 , 10
2936 , 400 , 12
2937 , 600 , 13
2938 , 600 , 8
2939 , 500 , 7
2940 , 400 , 7
2941 , 4400 , 11
2942 , 900 , 15
2943 , 800 , 15
2944 , 600 , 10
2945 , 800 , 17
2946 , 500 , 12
2947 , 600 , 10
2948 , 400 , 7
2949 , 700 , 10
2950 , 400 , 7
2951 , 300 , 8
2952 , 400 , 6
2953 , 700 , 11
2954 , 400 , 11
2955 , 700 , 13
2956 , 500 , 11
2957 , 800 , 13
2958 , 600 , 6
2959 , 600 , 11
2960 , 500 , 10
2961 , 500 , 9
2962 , 500 , 6
2963 , 500 , 6
2964 , 500 , 8
2965 , 3100 , 8
2966 , 500 , 14
2967 , 400 , 10
2968 , 700 , 8
2969 , 300 , 4
2970 , 500 , 9
2971 , 500 , 12
2972 , 900 , 13
2973 , 300 , 6
2974 , 500 , 9
2975 , 400 , 10
2976 , 400 , 7
2977 , 300 , 5
2978 , 500 , 15
2979 , 600 , 9
2980 , 400 , 10
2981 , 400 , 8
2982 , 300 , 12
2983 , 4000 , 8
2984 , 500 , 7
2985 , 700 , 12
2986 , 500 , 13
2987 , 500 , 14
2988 , 500 , 16
2989 , 600 , 12
2990 , 700 , 8
2991 , 300 , 7
2992 , 700 , 12
2993 , 1100 , 13
2994 , 400 , 9
2995 , 600 , 11
2996 , 600 , 12
2997 , 400 , 10
2998 , 500 , 8
2999 , 400 , 9
3000 , 500 , 9
3001 , 500 , 8
3002 , 500 , 9
3003 , 500 , 7
3004 , 500 , 6
3005 , 500 , 11
3006 , 500 , 13
3007 , 800 , 13
3008 , 500 , 11
3009 , 500 , 8
3010 , 700 , 12
3011 , 400 , 8
3012 , 400 , 8
3013 , 400 , 9
3014 , 600 , 9
3015 , 400 , 6
3016 , 400 , 10
3017 , 400 , 8
3018 , 400 , 11
3019 , 400 , 6
3020 , 400 , 11
3021 , 500 , 11
3022 , 800 , 10
3023 , 300 , 10
3024 , 400 , 11
3025 , 600 , 13
3026 , 400 , 7
3027 , 4700 , 13
3028 , 500 , 4
3029 , 500 , 11
3030 , 400 , 10
3031 , 500 , 10
3032 , 1000 , 15
3033 , 600 , 16
3034 , 500 , 12
3035 , 400 , 4
3036 , 400 , 13
3037 , 600 , 9
3038 , 400 , 9
3039 , 700 , 14
3040 , 600 , 9
3041 , 500 , 6
3042 , 700 , 8
3043 , 400 , 15
3044 , 900 , 11
3045 , 500 , 14
3046 , 800 , 13
3047 , 500 , 9
3048 , 400 , 11
3049 , 500 , 10
3050 , 400 , 10
3051 , 500 , 11
3052 , 800 , 13
3053 , 900 , 12
3054 , 700 , 10
3055 , 600 , 11
3056 , 600 , 12
3057 , 600 , 9
3058 , 400 , 9
3059 , 400 , 14
3060 , 400 , 12
3061 , 400 , 14
3062 , 400 , 10
3063 , 600 , 9
3064 , 1000 , 18
3065 , 500 , 7
3066 , 800 , 12
3067 , 4500 , 10
3068 , 900 , 13
3069 , 400 , 7
3070 , 500 , 10
3071 , 500 , 11
3072 , 400 , 11
3073 , 400 , 11
3074 , 500 , 11
3075 , 300 , 8
3076 , 400 , 8
3077 , 400 , 7
3078 , 400 , 14
3079 , 700 , 10
3080 , 700 , 6
3081 , 800 , 14
3082 , 300 , 5
3083 , 400 , 8
3084 , 500 , 8
3085 , 400 , 11
3086 , 500 , 10
3087 , 400 , 7
3088 , 600 , 13
3089 , 500 , 13
3090 , 400 , 7
3091 , 500 , 9
3092 , 800 , 13
3093 , 500 , 13
3094 , 500 , 11
3095 , 400 , 10
3096 , 400 , 8
3097 , 600 , 8
3098 , 300 , 6
3099 , 400 , 8
3100 , 600 , 7
3101 , 300 , 5
3102 , 300 , 8
3103 , 400 , 10
3104 , 600 , 8
3105 , 500 , 13
3106 , 600 , 15
3107 , 500 , 12
3108 , 700 , 12
3109 , 600 , 15
3110 , 500 , 10
3111 , 400 , 12
3112 , 500 , 7
3113 , 400 , 8
3114 , 500 , 18
3115 , 400 , 7
3116 , 700 , 10
3117 , 700 , 11
3118 , 500 , 11
3119 , 500 , 14
3120 , 500 , 11
3121 , 41100 , 6
3122 , 1000 , 12
3123 , 1100 , 8
3124 , 400 , 9
3125 , 500 , 9
3126 , 800 , 8
3127 , 500 , 13
3128 , 101400 , 11
3129 , 800 , 5
3130 , 400 , 9
3131 , 500 , 11
3132 , 400 , 6
3133 , 600 , 11
3134 , 400 , 12
3135 , 18000 , 16
3136 , 4200 , 6
3137 , 800 , 11
3138 , 800 , 14
3139 , 300 , 7
3140 , 700 , 16
3141 , 400 , 8
3142 , 500 , 9
3143 , 600 , 8
3144 , 500 , 9
3145 , 400 , 10
3146 , 500 , 12
3147 , 700 , 14
3148 , 300 , 8
3149 , 600 , 15
3150 , 400 , 11
3151 , 700 , 12
3152 , 500 , 8
3153 , 400 , 10
3154 , 500 , 11
3155 , 400 , 3
3156 , 400 , 9
3157 , 400 , 12
3158 , 400 , 8
3159 , 400 , 5
3160 , 500 , 10
3161 , 500 , 12
3162 , 400 , 12
3163 , 500 , 5
3164 , 800 , 13
3165 , 400 , 11
3166 , 500 , 14
3167 , 400 , 11
3168 , 600 , 10
3169 , 1300 , 15
3170 , 300 , 3
3171 , 800 , 17
3172 , 800 , 12
3173 , 800 , 17
3174 , 500 , 5
3175 , 600 , 11
3176 , 800 , 12
3177 , 500 , 5
3178 , 300 , 10
3179 , 400 , 11
3180 , 500 , 12
3181 , 300 , 10
3182 , 800 , 16
3183 , 400 , 5
3184 , 400 , 12
3185 , 500 , 14
3186 , 500 , 7
3187 , 500 , 6
3188 , 600 , 14
3189 , 500 , 9
3190 , 500 , 11
3191 , 800 , 14
3192 , 700 , 12
3193 , 400 , 13
3194 , 400 , 12
3195 , 400 , 9
3196 , 500 , 11
3197 , 700 , 10
3198 , 700 , 14
3199 , 500 , 12
3200 , 400 , 9
3201 , 300 , 11
3202 , 300 , 6
3203 , 700 , 18
3204 , 700 , 15
3205 , 4600 , 17
3206 , 500 , 5
3207 , 900 , 16
3208 , 400 , 14
3209 , 700 , 15
3210 , 500 , 13
3211 , 500 , 4
3212 , 300 , 2
3213 , 900 , 16
3214 , 300 , 4
3215 , 500 , 8
3216 , 500 , 10
3217 , 300 , 8
3218 , 600 , 11
3219 , 600 , 14
3220 , 500 , 15
3221 , 600 , 7
3222 , 300 , 6
3223 , 500 , 10
3224 , 500 , 11
3225 , 500 , 15
3226 , 900 , 15
3227 , 900 , 19
3228 , 400 , 3
3229 , 400 , 9
3230 , 500 , 12
3231 , 300 , 9
3232 , 500 , 12
3233 , 600 , 10
3234 , 500 , 10
3235 , 600 , 16
3236 , 400 , 6
3237 , 600 , 9
3238 , 400 , 5
3239 , 600 , 14
3240 , 500 , 13
3241 , 400 , 12
3242 , 500 , 14
3243 , 800 , 15
3244 , 600 , 8
3245 , 300 , 10
3246 , 300 , 7
3247 , 400 , 10
3248 , 400 , 10
3249 , 400 , 7
3250 , 400 , 10
3251 , 400 , 8
3252 , 400 , 9
3253 , 5200 , 11
3254 , 500 , 12
3255 , 500 , 11
3256 , 400 , 10
3257 , 500 , 11
3258 , 400 , 3
3259 , 300 , 8
3260 , 400 , 6
3261 , 600 , 9
3262 , 400 , 12
3263 , 500 , 12
3264 , 700 , 14
3265 , 800 , 9
3266 , 400 , 12
3267 , 500 , 10
3268 , 400 , 13
3269 , 500 , 8
3270 , 300 , 7
3271 , 400 , 7
3272 , 400 , 7
3273 , 500 , 15
3274 , 600 , 13
3275 , 400 , 11
3276 , 700 , 10
3277 , 400 , 10
3278 , 500 , 10
3279 , 400 , 9
3280 , 300 , 4
3281 , 300 , 5
3282 , 300 , 8
3283 , 300 , 7
3284 , 400 , 11
3285 , 700 , 15
3286 , 800 , 11
3287 , 700 , 12
3288 , 500 , 8
3289 , 300 , 4
3290 , 600 , 14
3291 , 500 , 8
3292 , 300 , 7
3293 , 700 , 12
3294 , 400 , 10
3295 , 400 , 8
3296 , 700 , 10
3297 , 400 , 8
3298 , 700 , 14
3299 , 600 , 15
3300 , 4500 , 15
3301 , 500 , 10
3302 , 700 , 12
3303 , 400 , 9
3304 , 600 , 14
3305 , 400 , 14
3306 , 800 , 10
3307 , 2400 , 9
3308 , 600 , 12
3309 , 500 , 10
3310 , 400 , 11
3311 , 400 , 10
3312 , 700 , 17
3313 , 400 , 6
3314 , 600 , 15
3315 , 300 , 8
3316 , 500 , 13
3317 , 400 , 9
3318 , 300 , 12
3319 , 300 , 13
3320 , 400 , 11
3321 , 500 , 12
3322 , 400 , 9
3323 , 700 , 16
3324 , 400 , 15
3325 , 400 , 9
3326 , 400 , 11
3327 , 400 , 16
3328 , 500 , 10
3329 , 700 , 8
3330 , 1100 , 18
3331 , 600 , 8
3332 , 300 , 7
3333 , 400 , 8
3334 , 400 , 6
3335 , 400 , 9
3336 , 400 , 11
3337 , 300 , 6
3338 , 400 , 14
3339 , 500 , 8
3340 , 400 , 6
3341 , 400 , 8
3342 , 500 , 11
3343 , 400 , 10
3344 , 500 , 9
3345 , 900 , 16
3346 , 400 , 9
3347 , 900 , 16
3348 , 400 , 11
3349 , 4200 , 15
3350 , 500 , 7
3351 , 400 , 8
3352 , 800 , 18
3353 , 800 , 14
3354 , 300 , 9
3355 , 400 , 6
3356 , 300 , 6
3357 , 900 , 9
3358 , 400 , 7
3359 , 600 , 14
3360 , 400 , 14
3361 , 500 , 18
3362 , 500 , 15
3363 , 500 , 11
3364 , 500 , 9
3365 , 400 , 10
3366 , 400 , 14
3367 , 500 , 10
3368 , 300 , 8
3369 , 700 , 11
3370 , 400 , 9
3371 , 300 , 7
3372 , 500 , 16
3373 , 400 , 15
3374 , 500 , 9
3375 , 300 , 5
3376 , 700 , 15
3377 , 400 , 12
3378 , 500 , 11
3379 , 500 , 9
3380 , 300 , 8
3381 , 400 , 9
3382 , 400 , 15
3383 , 500 , 13
3384 , 600 , 10
3385 , 400 , 8
3386 , 400 , 10
3387 , 400 , 9
3388 , 400 , 7
3389 , 500 , 4
3390 , 400 , 12
3391 , 500 , 7
3392 , 400 , 12
3393 , 500 , 9
3394 , 500 , 9
3395 , 500 , 11
3396 , 400 , 8
3397 , 500 , 12
3398 , 500 , 14
3399 , 500 , 15
3400 , 200 , 10
3401 , 400 , 9
3402 , 600 , 9
3403 , 400 , 7
3404 , 500 , 7
3405 , 400 , 8
3406 , 400 , 7
3407 , 700 , 13
3408 , 400 , 11
3409 , 3600 , 12
3410 , 400 , 9
3411 , 500 , 12
3412 , 300 , 4
3413 , 500 , 11
3414 , 500 , 5
3415 , 400 , 9
3416 , 700 , 11
3417 , 400 , 8
3418 , 500 , 15
3419 , 600 , 12
3420 , 500 , 11
3421 , 400 , 6
3422 , 500 , 11
3423 , 300 , 5
3424 , 500 , 14
3425 , 500 , 15
3426 , 400 , 11
3427 , 700 , 10
3428 , 300 , 8
3429 , 500 , 8
3430 , 400 , 9
3431 , 400 , 14
3432 , 700 , 11
3433 , 700 , 13
3434 , 500 , 12
3435 , 500 , 8
3436 , 700 , 12
3437 , 400 , 11
3438 , 500 , 13
3439 , 800 , 16
3440 , 500 , 10
3441 , 400 , 10
3442 , 400 , 13
3443 , 400 , 13
3444 , 500 , 10
3445 , 400 , 12
3446 , 500 , 10
3447 , 300 , 10
3448 , 500 , 12
3449 , 400 , 11
3450 , 700 , 16
3451 , 400 , 10
3452 , 800 , 15
3453 , 500 , 13
3454 , 400 , 11
3455 , 400 , 11
3456 , 400 , 11
3457 , 500 , 10
3458 , 800 , 11
3459 , 500 , 10
3460 , 500 , 9
3461 , 600 , 5
3462 , 400 , 9
3463 , 600 , 12
3464 , 700 , 15
3465 , 600 , 13
3466 , 400 , 5
3467 , 500 , 10
3468 , 800 , 12
3469 , 500 , 11
3470 , 400 , 13
3471 , 400 , 8
3472 , 700 , 18
3473 , 600 , 11
3474 , 500 , 9
3475 , 400 , 6
3476 , 800 , 8
3477 , 2400 , 8
3478 , 500 , 12
3479 , 700 , 7
3480 , 400 , 7
3481 , 300 , 13
3482 , 300 , 8
3483 , 400 , 13
3484 , 400 , 14
3485 , 600 , 8
3486 , 400 , 8
3487 , 400 , 10
3488 , 500 , 16
3489 , 900 , 14
3490 , 500 , 9
3491 , 500 , 11
3492 , 600 , 10
3493 , 400 , 6
3494 , 400 , 10
3495 , 400 , 7
3496 , 5600 , 13
3497 , 300 , 11
3498 , 400 , 12
3499 , 500 , 6
3500 , 700 , 15
3501 , 400 , 9
3502 , 600 , 11
3503 , 700 , 15
3504 , 500 , 17
3505 , 300 , 7
3506 , 500 , 9
3507 , 500 , 10
3508 , 400 , 17
3509 , 500 , 6
3510 , 500 , 12
3511 , 500 , 11
3512 , 800 , 14
3513 , 400 , 9
3514 , 400 , 8
3515 , 400 , 10
3516 , 700 , 11
3517 , 400 , 14
3518 , 2800 , 9
3519 , 500 , 12
3520 , 400 , 7
3521 , 400 , 18
3522 , 300 , 8
3523 , 600 , 8
3524 , 300 , 7
3525 , 300 , 12
3526 , 400 , 11
3527 , 400 , 13
3528 , 400 , 9
3529 , 400 , 10
3530 , 300 , 9
3531 , 600 , 6
3532 , 400 , 10
3533 , 500 , 8
3534 , 600 , 13
3535 , 400 , 12
3536 , 500 , 13
3537 , 600 , 9
3538 , 500 , 6
3539 , 400 , 9
3540 , 500 , 17
3541 , 500 , 7
3542 , 400 , 19
3543 , 400 , 9
3544 , 4900 , 14
3545 , 400 , 10
3546 , 400 , 12
3547 , 400 , 8
3548 , 600 , 9
3549 , 400 , 8
3550 , 400 , 7
3551 , 400 , 10
3552 , 600 , 12
3553 , 700 , 7
3554 , 800 , 13
3555 , 600 , 13
3556 , 400 , 10
3557 , 500 , 13
3558 , 500 , 13
3559 , 400 , 9
3560 , 400 , 8
3561 , 400 , 9
3562 , 500 , 13
3563 , 400 , 16
3564 , 300 , 12
3565 , 700 , 12
3566 , 400 , 7
3567 , 400 , 8
3568 , 500 , 9
3569 , 600 , 15
3570 , 800 , 19
3571 , 500 , 8
3572 , 500 , 11
3573 , 700 , 10
3574 , 400 , 11
3575 , 700 , 14
3576 , 400 , 12
3577 , 500 , 8
3578 , 700 , 13
3579 , 400 , 8
3580 , 400 , 10
3581 , 600 , 13
3582 , 400 , 10
3583 , 700 , 8
3584 , 1500 , 12
3585 , 700 , 7
3586 , 400 , 12
3587 , 600 , 8
3588 , 400 , 1
3589 , 900 , 9
3590 , 400 , 9
3591 , 400 , 12
3592 , 500 , 9
3593 , 400 , 3
3594 , 600 , 13
3595 , 900 , 11
3596 , 400 , 13
3597 , 800 , 10
3598 , 400 , 13
3599 , 400 , 15
3600 , 900 , 11
3601 , 800 , 12
3602 , 500 , 14
3603 , 500 , 14
3604 , 500 , 11
3605 , 400 , 11
3606 , 500 , 12
3607 , 400 , 8
3608 , 500 , 11
3609 , 1300 , 21
3610 , 900 , 14
3611 , 500 , 13
3612 , 400 , 7
3613 , 900 , 11
3614 , 600 , 16
3615 , 800 , 17
3616 , 500 , 12
3617 , 400 , 9
3618 , 800 , 12
3619 , 400 , 14
3620 , 500 , 7
3621 , 600 , 11
3622 , 700 , 13
3623 , 800 , 13
3624 , 600 , 9
3625 , 300 , 12
3626 , 5400 , 15
3627 , 800 , 14
3628 , 400 , 12
3629 , 800 , 9
3630 , 300 , 9
3631 , 400 , 3
3632 , 700 , 18
3633 , 600 , 9
3634 , 500 , 11
3635 , 400 , 11
3636 , 300 , 7
3637 , 500 , 14
3638 , 800 , 13
3639 , 500 , 15
3640 , 700 , 10
3641 , 700 , 13
3642 , 300 , 5
3643 , 1000 , 18
3644 , 400 , 8
3645 , 400 , 6
3646 , 600 , 15
3647 , 300 , 4
3648 , 3000 , 11
3649 , 400 , 10
3650 , 400 , 11
3651 , 400 , 8
3652 , 400 , 10
3653 , 300 , 10
3654 , 1000 , 14
3655 , 400 , 10
3656 , 500 , 9
3657 , 500 , 18
3658 , 500 , 10
3659 , 600 , 9
3660 , 600 , 8
3661 , 400 , 9
3662 , 700 , 11
3663 , 400 , 14
3664 , 700 , 14
3665 , 600 , 11
3666 , 600 , 9
3667 , 1600 , 17
3668 , 5300 , 18
3669 , 900 , 19
3670 , 500 , 9
3671 , 400 , 9
3672 , 500 , 7
3673 , 700 , 16
3674 , 500 , 15
3675 , 500 , 8
3676 , 800 , 13
3677 , 600 , 15
3678 , 500 , 6
3679 , 400 , 9
3680 , 500 , 12
3681 , 700 , 10
3682 , 400 , 10
3683 , 500 , 8
3684 , 500 , 8
3685 , 700 , 9
3686 , 600 , 13
3687 , 500 , 10
3688 , 400 , 10
3689 , 400 , 12
3690 , 500 , 9
3691 , 300 , 5
3692 , 400 , 6
3693 , 800 , 19
3694 , 400 , 10
3695 , 600 , 14
3696 , 400 , 14
3697 , 600 , 8
3698 , 500 , 11
3699 , 500 , 8
3700 , 400 , 7
3701 , 300 , 9
3702 , 400 , 8
3703 , 600 , 9
3704 , 600 , 7
3705 , 400 , 12
3706 , 300 , 6
3707 , 500 , 7
3708 , 600 , 16
3709 , 4700 , 10
3710 , 300 , 3
3711 , 600 , 11
3712 , 400 , 12
3713 , 500 , 8
3714 , 600 , 13
3715 , 600 , 9
3716 , 600 , 13
3717 , 900 , 14
3718 , 400 , 8
3719 , 500 , 8
3720 , 300 , 6
3721 , 600 , 14
3722 , 400 , 9
3723 , 400 , 12
3724 , 400 , 11
3725 , 800 , 13
3726 , 400 , 14
3727 , 600 , 9
3728 , 400 , 13
3729 , 500 , 15
3730 , 400 , 11
3731 , 700 , 12
3732 , 700 , 15
3733 , 500 , 10
3734 , 800 , 11
3735 , 800 , 12
3736 , 900 , 18
3737 , 400 , 11
3738 , 400 , 12
3739 , 600 , 8
3740 , 600 , 15
3741 , 800 , 12
3742 , 500 , 12
3743 , 300 , 4
3744 , 300 , 4
3745 , 300 , 11
3746 , 700 , 14
3747 , 400 , 9
3748 , 700 , 14
3749 , 9300 , 12
3750 , 600 , 8
3751 , 1300 , 21
3752 , 500 , 6
3753 , 800 , 12
3754 , 500 , 12
3755 , 600 , 11
3756 , 500 , 8
3757 , 400 , 14
3758 , 700 , 11
3759 , 400 , 11
3760 , 400 , 9
3761 , 300 , 10
3762 , 400 , 6
3763 , 500 , 9
3764 , 800 , 14
3765 , 300 , 9
3766 , 400 , 11
3767 , 500 , 10
3768 , 400 , 8
3769 , 500 , 12
3770 , 400 , 8
3771 , 300 , 9
3772 , 800 , 14
3773 , 600 , 11
3774 , 400 , 8
3775 , 500 , 13
3776 , 400 , 16
3777 , 400 , 11
3778 , 400 , 8
3779 , 400 , 9
3780 , 600 , 10
3781 , 1000 , 17
3782 , 500 , 9
3783 , 400 , 9
3784 , 500 , 6
3785 , 600 , 10
3786 , 600 , 14
3787 , 500 , 10
3788 , 500 , 16
3789 , 300 , 9
3790 , 500 , 13
3791 , 500 , 14
3792 , 400 , 4
3793 , 400 , 5
3794 , 300 , 11
3795 , 500 , 8
3796 , 400 , 5
3797 , 600 , 14
3798 , 500 , 8
3799 , 4800 , 17
3800 , 400 , 13
3801 , 400 , 12
3802 , 400 , 13
3803 , 400 , 13
3804 , 500 , 10
3805 , 500 , 7
3806 , 400 , 8
3807 , 700 , 11
3808 , 500 , 10
3809 , 800 , 21
3810 , 500 , 14
3811 , 800 , 16
3812 , 400 , 12
3813 , 500 , 11
3814 , 500 , 11
3815 , 400 , 10
3816 , 400 , 11
3817 , 600 , 16
3818 , 600 , 10
3819 , 2100 , 14
3820 , 600 , 8
3821 , 400 , 5
3822 , 400 , 9
3823 , 400 , 9
3824 , 600 , 11
3825 , 600 , 12
3826 , 600 , 8
3827 , 500 , 13
3828 , 700 , 9
3829 , 500 , 8
3830 , 800 , 12
3831 , 600 , 6
3832 , 400 , 9
3833 , 400 , 12
3834 , 400 , 10
3835 , 800 , 17
3836 , 400 , 10
3837 , 600 , 10
3838 , 400 , 10
3839 , 400 , 12
3840 , 600 , 17
3841 , 800 , 14
3842 , 400 , 9
3843 , 500 , 12
3844 , 400 , 11
3845 , 4800 , 9
3846 , 500 , 7
3847 , 500 , 14
3848 , 800 , 13
3849 , 600 , 14
3850 , 500 , 8
3851 , 600 , 12
3852 , 500 , 11
3853 , 700 , 14
3854 , 600 , 9
3855 , 500 , 13
3856 , 800 , 13
3857 , 500 , 10
3858 , 400 , 11
3859 , 500 , 9
3860 , 400 , 14
3861 , 600 , 12
3862 , 700 , 19
3863 , 500 , 4
3864 , 300 , 8
3865 , 300 , 12
3866 , 500 , 10
3867 , 400 , 15
3868 , 500 , 14
3869 , 400 , 9
3870 , 800 , 20
3871 , 500 , 17
3872 , 500 , 13
3873 , 400 , 8
3874 , 700 , 14
3875 , 700 , 9
3876 , 500 , 5
3877 , 300 , 6
3878 , 600 , 14
3879 , 700 , 15
3880 , 400 , 12
3881 , 600 , 14
3882 , 500 , 6
3883 , 600 , 7
3884 , 400 , 11
3885 , 300 , 8
3886 , 500 , 18
3887 , 400 , 8
3888 , 700 , 8
3889 , 500 , 11
3890 , 1100 , 14
3891 , 700 , 9
3892 , 400 , 1
3893 , 300 , 8
3894 , 500 , 7
3895 , 500 , 11
3896 , 500 , 12
3897 , 500 , 9
3898 , 400 , 7
3899 , 400 , 11
3900 , 500 , 10
3901 , 500 , 5
3902 , 500 , 14
3903 , 300 , 11
3904 , 400 , 11
3905 , 500 , 11
3906 , 400 , 14
3907 , 400 , 11
3908 , 400 , 6
3909 , 500 , 11
3910 , 400 , 11
3911 , 300 , 10
3912 , 400 , 9
3913 , 600 , 10
3914 , 400 , 13
3915 , 700 , 7
3916 , 400 , 14
3917 , 300 , 8
3918 , 400 , 12
3919 , 500 , 5
3920 , 500 , 12
3921 , 500 , 11
3922 , 900 , 12
3923 , 300 , 8
3924 , 400 , 3
3925 , 1200 , 18
3926 , 700 , 10
3927 , 500 , 14
3928 , 400 , 13
3929 , 400 , 10
3930 , 500 , 14
3931 , 400 , 6
3932 , 400 , 9
3933 , 700 , 12
3934 , 500 , 13
3935 , 400 , 15
3936 , 700 , 8
3937 , 600 , 11
3938 , 400 , 13
3939 , 600 , 14
3940 , 600 , 10
3941 , 400 , 6
3942 , 300 , 9
3943 , 600 , 17
3944 , 400 , 13
3945 , 300 , 8
3946 , 600 , 13
3947 , 400 , 15
3948 , 600 , 11
3949 , 800 , 16
3950 , 400 , 11
3951 , 400 , 7
3952 , 300 , 9
3953 , 400 , 9
3954 , 500 , 11
3955 , 300 , 11
3956 , 800 , 11
3957 , 300 , 5
3958 , 500 , 11
3959 , 400 , 14
3960 , 500 , 15
3961 , 400 , 8
3962 , 600 , 13
3963 , 900 , 17
3964 , 400 , 9
3965 , 300 , 3
3966 , 400 , 9
3967 , 400 , 11
3968 , 600 , 12
3969 , 500 , 11
3970 , 500 , 10
3971 , 800 , 19
3972 , 400 , 5
3973 , 400 , 11
3974 , 500 , 8
3975 , 1000 , 9
3976 , 700 , 13
3977 , 400 , 6
3978 , 500 , 7
3979 , 900 , 14
3980 , 500 , 16
3981 , 300 , 8
3982 , 400 , 12
3983 , 500 , 9
3984 , 300 , 10
3985 , 400 , 6
3986 , 400 , 9
3987 , 400 , 7
3988 , 400 , 12
3989 , 2900 , 16
3990 , 400 , 10
3991 , 900 , 15
3992 , 800 , 13
3993 , 300 , 8
3994 , 400 , 10
3995 , 400 , 9
3996 , 700 , 9
3997 , 500 , 7
3998 , 400 , 12
3999 , 400 , 11
4000 , 300 , 4
4001 , 600 , 14
4002 , 300 , 9
4003 , 400 , 11
4004 , 400 , 8
4005 , 500 , 9
4006 , 600 , 20
4007 , 500 , 14
4008 , 500 , 10
4009 , 400 , 8
4010 , 400 , 10
4011 , 400 , 10
4012 , 700 , 15
4013 , 400 , 7
4014 , 500 , 11
4015 , 400 , 7
4016 , 600 , 10
4017 , 700 , 11
4018 , 500 , 10
4019 , 700 , 13
4020 , 500 , 9
4021 , 500 , 10
4022 , 700 , 13
4023 , 5900 , 19
4024 , 700 , 13
4025 , 300 , 7
4026 , 400 , 9
4027 , 500 , 11
4028 , 300 , 9
4029 , 400 , 10
4030 , 500 , 11
4031 , 400 , 11
4032 , 600 , 11
4033 , 600 , 12
4034 , 400 , 10
4035 , 400 , 6
4036 , 300 , 8
4037 , 500 , 7
4038 , 700 , 11
4039 , 700 , 13
4040 , 800 , 17
4041 , 700 , 13
4042 , 700 , 16
4043 , 500 , 12
4044 , 900 , 15
4045 , 600 , 17
4046 , 500 , 9
4047 , 500 , 12
4048 , 700 , 9
4049 , 600 , 7
4050 , 600 , 10
4051 , 300 , 5
4052 , 500 , 10
4053 , 600 , 11
4054 , 600 , 10
4055 , 300 , 10
4056 , 400 , 7
4057 , 300 , 8
4058 , 400 , 10
4059 , 500 , 9
4060 , 300 , 9
4061 , 7300 , 11
4062 , 500 , 11
4063 , 700 , 15
4064 , 500 , 11
4065 , 900 , 10
4066 , 400 , 10
4067 , 800 , 15
4068 , 1200 , 17
4069 , 400 , 15
4070 , 500 , 10
4071 , 400 , 9
4072 , 300 , 5
4073 , 400 , 10
4074 , 400 , 7
4075 , 700 , 10
4076 , 300 , 8
4077 , 600 , 9
4078 , 700 , 13
4079 , 500 , 10
4080 , 600 , 10
4081 , 500 , 16
4082 , 500 , 10
4083 , 500 , 10
4084 , 700 , 9
4085 , 400 , 10
4086 , 500 , 11
4087 , 500 , 10
4088 , 600 , 13
4089 , 300 , 10
4090 , 600 , 10
4091 , 500 , 9
4092 , 800 , 9
4093 , 800 , 13
4094 , 1200 , 12
4095 , 700 , 9
4096 , 700 , 5
4097 , 900 , 10
4098 , 900 , 13
4099 , 1700 , 16
4100 , 7200 , 16
4101 , 400 , 10
4102 , 600 , 9
4103 , 600 , 12
4104 , 500 , 11
4105 , 800 , 17
4106 , 400 , 11
4107 , 600 , 10
4108 , 500 , 11
4109 , 600 , 15
4110 , 300 , 6
4111 , 500 , 9
4112 , 1300 , 17
4113 , 300 , 13
4114 , 400 , 10
4115 , 300 , 11
4116 , 300 , 6
4117 , 800 , 17
4118 , 400 , 10
4119 , 400 , 16
4120 , 700 , 9
4121 , 300 , 10
4122 , 500 , 13
4123 , 300 , 7
4124 , 700 , 6
4125 , 400 , 6
4126 , 400 , 9
4127 , 600 , 12
4128 , 400 , 9
4129 , 800 , 14
4130 , 300 , 10
4131 , 500 , 3
4132 , 600 , 11
4133 , 400 , 9
4134 , 900 , 22
4135 , 500 , 10
4136 , 500 , 11
4137 , 800 , 14
4138 , 500 , 13
4139 , 400 , 11
4140 , 400 , 6
4141 , 800 , 14
4142 , 500 , 10
4143 , 4100 , 15
4144 , 500 , 14
4145 , 500 , 13
4146 , 700 , 16
4147 , 500 , 14
4148 , 500 , 10
4149 , 500 , 8
4150 , 400 , 8
4151 , 400 , 15
4152 , 400 , 11
4153 , 700 , 7
4154 , 500 , 8
4155 , 400 , 10
4156 , 700 , 12
4157 , 400 , 11
4158 , 400 , 9
4159 , 400 , 7
4160 , 3200 , 12
4161 , 400 , 12
4162 , 400 , 11
4163 , 500 , 15
4164 , 700 , 12
4165 , 500 , 7
4166 , 800 , 10
4167 , 900 , 11
4168 , 900 , 16
4169 , 400 , 16
4170 , 500 , 10
4171 , 500 , 7
4172 , 500 , 11
4173 , 400 , 11
4174 , 500 , 12
4175 , 3100 , 8
4176 , 500 , 13
4177 , 500 , 15
4178 , 400 , 9
4179 , 300 , 8
4180 , 400 , 10
4181 , 500 , 9
4182 , 400 , 8
4183 , 3500 , 7
4184 , 400 , 15
4185 , 600 , 8
4186 , 400 , 17
4187 , 400 , 14
4188 , 700 , 14
4189 , 400 , 13
4190 , 500 , 9
4191 , 500 , 11
4192 , 900 , 12
4193 , 800 , 15
4194 , 600 , 11
4195 , 600 , 12
4196 , 500 , 12
4197 , 600 , 10
4198 , 600 , 16
4199 , 700 , 9
4200 , 1000 , 12
4201 , 500 , 7
4202 , 900 , 12
4203 , 800 , 17
4204 , 300 , 9
4205 , 500 , 9
4206 , 600 , 14
4207 , 500 , 8
4208 , 500 , 11
4209 , 700 , 12
4210 , 300 , 6
4211 , 400 , 10
4212 , 400 , 9
4213 , 400 , 6
4214 , 400 , 9
4215 , 900 , 15
4216 , 800 , 13
4217 , 400 , 7
4218 , 400 , 13
4219 , 600 , 11
4220 , 500 , 10
4221 , 800 , 11
4222 , 400 , 10
4223 , 400 , 13
4224 , 400 , 8
4225 , 900 , 13
4226 , 400 , 11
4227 , 400 , 12
4228 , 700 , 16
4229 , 700 , 16
4230 , 700 , 15
4231 , 400 , 15
4232 , 500 , 14
4233 , 500 , 10
4234 , 300 , 8
4235 , 400 , 16
4236 , 400 , 12
4237 , 400 , 7
4238 , 400 , 8
4239 , 500 , 9
4240 , 500 , 11
4241 , 600 , 16
4242 , 300 , 6
4243 , 400 , 13
4244 , 400 , 10
4245 , 400 , 11
4246 , 500 , 14
4247 , 400 , 12
4248 , 400 , 11
4249 , 600 , 10
4250 , 500 , 5
4251 , 400 , 11
4252 , 700 , 10
4253 , 300 , 4
4254 , 400 , 13
4255 , 600 , 9
4256 , 400 , 11
4257 , 700 , 5
4258 , 900 , 16
4259 , 400 , 9
4260 , 500 , 18
4261 , 800 , 13
4262 , 500 , 6
4263 , 600 , 13
4264 , 600 , 13
4265 , 600 , 14
4266 , 600 , 18
4267 , 400 , 8
4268 , 400 , 7
4269 , 300 , 7
4270 , 4200 , 14
4271 , 400 , 7
4272 , 500 , 10
4273 , 600 , 11
4274 , 500 , 6
4275 , 500 , 11
4276 , 600 , 15
4277 , 600 , 8
4278 , 1000 , 14
4279 , 700 , 11
4280 , 600 , 6
4281 , 600 , 14
4282 , 500 , 12
4283 , 500 , 8
4284 , 400 , 10
4285 , 500 , 12
4286 , 500 , 8
4287 , 500 , 13
4288 , 400 , 6
4289 , 600 , 7
4290 , 800 , 19
4291 , 500 , 14
4292 , 300 , 10
4293 , 800 , 17
4294 , 400 , 11
4295 , 500 , 9
4296 , 400 , 12
4297 , 700 , 11
4298 , 700 , 8
4299 , 500 , 9
4300 , 800 , 11
4301 , 300 , 6
4302 , 700 , 15
4303 , 500 , 12
4304 , 600 , 13
4305 , 400 , 11
4306 , 500 , 9
4307 , 400 , 5
4308 , 700 , 13
4309 , 300 , 9
4310 , 500 , 10
4311 , 300 , 5
4312 , 400 , 6
4313 , 600 , 10
4314 , 400 , 8
4315 , 500 , 10
4316 , 300 , 14
4317 , 700 , 12
4318 , 300 , 9
4319 , 400 , 13
4320 , 600 , 13
4321 , 500 , 11
4322 , 400 , 6
4323 , 400 , 7
4324 , 500 , 12
4325 , 2800 , 18
4326 , 500 , 14
4327 , 600 , 13
4328 , 400 , 11
4329 , 700 , 12
4330 , 500 , 9
4331 , 1500 , 9
4332 , 500 , 14
4333 , 800 , 10
4334 , 500 , 15
4335 , 400 , 12
4336 , 500 , 10
4337 , 500 , 11
4338 , 900 , 16
4339 , 500 , 17
4340 , 600 , 16
4341 , 600 , 9
4342 , 400 , 10
4343 , 400 , 11
4344 , 400 , 11
4345 , 500 , 9
4346 , 400 , 11
4347 , 300 , 9
4348 , 500 , 6
4349 , 400 , 12
4350 , 300 , 7
4351 , 300 , 8
4352 , 900 , 13
4353 , 400 , 11
4354 , 300 , 11
4355 , 300 , 9
4356 , 300 , 12
4357 , 200 , 9
4358 , 800 , 10
4359 , 5600 , 15
4360 , 500 , 14
4361 , 400 , 5
4362 , 300 , 6
4363 , 400 , 10
4364 , 400 , 9
4365 , 300 , 16
4366 , 300 , 9
4367 , 500 , 9
4368 , 400 , 9
4369 , 500 , 12
4370 , 800 , 15
4371 , 700 , 14
4372 , 700 , 11
4373 , 900 , 18
4374 , 400 , 10
4375 , 500 , 10
4376 , 300 , 5
4377 , 600 , 15
4378 , 500 , 12
4379 , 500 , 8
4380 , 800 , 16
4381 , 400 , 16
4382 , 500 , 8
4383 , 500 , 11
4384 , 500 , 11
4385 , 300 , 6
4386 , 500 , 12
4387 , 500 , 10
4388 , 400 , 7
4389 , 700 , 15
4390 , 600 , 10
4391 , 400 , 12
4392 , 500 , 5
4393 , 600 , 13
4394 , 500 , 12
4395 , 600 , 10
4396 , 400 , 7
4397 , 500 , 7
4398 , 600 , 10
4399 , 300 , 9
4400 , 500 , 7
4401 , 300 , 12
4402 , 400 , 8
4403 , 4600 , 11
4404 , 1500 , 11
4405 , 2000 , 9
4406 , 1200 , 8
4407 , 800 , 11
4408 , 800 , 17
4409 , 900 , 16
4410 , 700 , 11
4411 , 1400 , 16
4412 , 900 , 10
4413 , 1500 , 15
4414 , 400 , 14
4415 , 1100 , 7
4416 , 600 , 11
4417 , 800 , 8
4418 , 800 , 12
4419 , 700 , 13
4420 , 500 , 4
4421 , 800 , 11
4422 , 600 , 14
4423 , 600 , 9
4424 , 700 , 10
4425 , 700 , 18
4426 , 500 , 9
4427 , 600 , 10
4428 , 400 , 12
4429 , 600 , 10
4430 , 600 , 14
4431 , 700 , 12
4432 , 500 , 8
4433 , 500 , 6
4434 , 600 , 12
4435 , 1200 , 12
4436 , 500 , 13
4437 , 700 , 13
4438 , 236500 , 11
4439 , 1200 , 12
4440 , 800 , 13
4441 , 1300 , 15
4442 , 600 , 12
4443 , 700 , 8
4444 , 600 , 8
4445 , 700 , 13
4446 , 600 , 8
4447 , 500 , 12
4448 , 600 , 15
4449 , 600 , 8
4450 , 900 , 13
4451 , 700 , 13
4452 , 6600 , 12
4453 , 600 , 15
4454 , 500 , 17
4455 , 500 , 11
4456 , 800 , 5
4457 , 600 , 16
4458 , 600 , 17
4459 , 500 , 9
4460 , 800 , 10
4461 , 700 , 7
4462 , 600 , 9
4463 , 800 , 8
4464 , 1400 , 17
4465 , 800 , 14
4466 , 600 , 12
4467 , 700 , 14
4468 , 500 , 15
4469 , 600 , 9
4470 , 600 , 11
4471 , 400 , 10
4472 , 500 , 14
4473 , 600 , 7
4474 , 600 , 13
4475 , 600 , 11
4476 , 700 , 8
4477 , 500 , 5
4478 , 500 , 12
4479 , 700 , 16
4480 , 500 , 8
4481 , 600 , 8
4482 , 600 , 14
4483 , 600 , 8
4484 , 500 , 6
4485 , 1000 , 22
4486 , 500 , 6
4487 , 600 , 7
4488 , 800 , 14
4489 , 900 , 11
4490 , 800 , 14
4491 , 500 , 9
4492 , 600 , 16
4493 , 700 , 4
4494 , 600 , 6
4495 , 1300 , 14
4496 , 400 , 15
4497 , 800 , 7
4498 , 600 , 11
4499 , 600 , 12
4500 , 500 , 4
4501 , 5700 , 6
4502 , 500 , 15
4503 , 600 , 11
4504 , 600 , 4
4505 , 5500 , 11
4506 , 600 , 18
4507 , 600 , 13
4508 , 500 , 11
4509 , 400 , 9
4510 , 500 , 9
4511 , 500 , 8
4512 , 1100 , 15
4513 , 500 , 8
4514 , 400 , 7
4515 , 300 , 9
4516 , 800 , 15
4517 , 800 , 12
4518 , 600 , 15
4519 , 600 , 14
4520 , 600 , 11
4521 , 600 , 9
4522 , 500 , 13
4523 , 600 , 10
4524 , 500 , 7
4525 , 700 , 12
4526 , 600 , 10
4527 , 1000 , 9
4528 , 800 , 9
4529 , 600 , 9
4530 , 700 , 8
4531 , 600 , 12
4532 , 500 , 11
4533 , 600 , 5
4534 , 1000 , 16
4535 , 500 , 6
4536 , 700 , 11
4537 , 700 , 13
4538 , 600 , 15
4539 , 1100 , 14
4540 , 500 , 9
4541 , 700 , 12
4542 , 700 , 14
4543 , 600 , 11
4544 , 900 , 9
4545 , 700 , 8
4546 , 800 , 8
4547 , 800 , 16
4548 , 700 , 10
4549 , 202100 , 13
4550 , 700 , 13
4551 , 500 , 6
4552 , 800 , 13
4553 , 500 , 6
4554 , 6900 , 8
4555 , 600 , 12
4556 , 500 , 11
4557 , 700 , 10
4558 , 500 , 13
4559 , 600 , 12
4560 , 900 , 16
4561 , 500 , 12
4562 , 600 , 12
4563 , 500 , 12
4564 , 400 , 10
4565 , 500 , 8
4566 , 900 , 13
4567 , 700 , 8
4568 , 400 , 13
4569 , 500 , 12
4570 , 900 , 12
4571 , 600 , 12
4572 , 500 , 15
4573 , 500 , 7
4574 , 600 , 8
4575 , 600 , 8
4576 , 600 , 6
4577 , 500 , 13
4578 , 500 , 13
4579 , 1100 , 15
4580 , 500 , 16
4581 , 800 , 10
4582 , 800 , 12
4583 , 900 , 10
4584 , 600 , 10
4585 , 600 , 11
4586 , 500 , 13
4587 , 500 , 11
4588 , 600 , 12
4589 , 900 , 12
4590 , 700 , 10
4591 , 600 , 8
4592 , 400 , 10
4593 , 700 , 12
4594 , 600 , 9
4595 , 1100 , 14
4596 , 1000 , 15
4597 , 400 , 9
4598 , 600 , 8
4599 , 1000 , 14
4600 , 600 , 6
4601 , 1000 , 14
4602 , 700 , 9
4603 , 400 , 9
4604 , 1000 , 16
4605 , 300 , 6
4606 , 500 , 10
4607 , 700 , 11
4608 , 2100 , 15
4609 , 700 , 12
4610 , 1400 , 14
4611 , 700 , 11
4612 , 700 , 8
4613 , 900 , 11
4614 , 500 , 10
4615 , 700 , 12
4616 , 1000 , 15
4617 , 600 , 12
4618 , 500 , 14
4619 , 600 , 15
4620 , 500 , 11
4621 , 400 , 8
4622 , 400 , 16
4623 , 500 , 13
4624 , 800 , 12
4625 , 1300 , 20
4626 , 1200 , 12
4627 , 800 , 10
4628 , 700 , 14
4629 , 600 , 13
4630 , 300 , 10
4631 , 600 , 5
4632 , 700 , 12
4633 , 6300 , 14
4634 , 500 , 15
4635 , 400 , 9
4636 , 500 , 12
4637 , 400 , 11
4638 , 400 , 8
4639 , 400 , 9
4640 , 500 , 10
4641 , 500 , 5
4642 , 900 , 13
4643 , 500 , 13
4644 , 400 , 13
4645 , 500 , 6
4646 , 700 , 14
4647 , 600 , 8
4648 , 500 , 5
4649 , 600 , 8
4650 , 700 , 11
4651 , 600 , 12
4652 , 500 , 8
4653 , 600 , 14
4654 , 600 , 13
4655 , 800 , 13
4656 , 500 , 7
4657 , 500 , 11
4658 , 300 , 9
4659 , 500 , 9
4660 , 400 , 15
4661 , 700 , 13
4662 , 700 , 15
4663 , 800 , 15
4664 , 400 , 9
4665 , 700 , 13
4666 , 400 , 10
4667 , 800 , 11
4668 , 900 , 12
4669 , 300 , 9
4670 , 500 , 11
4671 , 400 , 13
4672 , 2700 , 10
4673 , 500 , 9
4674 , 400 , 11
4675 , 500 , 8
4676 , 400 , 12
4677 , 600 , 13
4678 , 500 , 11
4679 , 1500 , 8
4680 , 500 , 11
4681 , 500 , 14
4682 , 4700 , 13
4683 , 600 , 15
4684 , 500 , 10
4685 , 500 , 9
4686 , 500 , 12
4687 , 500 , 10
4688 , 1700 , 13
4689 , 500 , 11
4690 , 500 , 7
4691 , 700 , 16
4692 , 700 , 12
4693 , 700 , 13
4694 , 300 , 11
4695 , 500 , 10
4696 , 400 , 12
4697 , 700 , 11
4698 , 600 , 14
4699 , 300 , 9
4700 , 700 , 15
4701 , 1000 , 15
4702 , 600 , 11
4703 , 800 , 12
4704 , 400 , 9
4705 , 600 , 10
4706 , 400 , 7
4707 , 700 , 19
4708 , 400 , 9
4709 , 900 , 15
4710 , 400 , 7
4711 , 800 , 13
4712 , 600 , 14
4713 , 400 , 11
4714 , 1000 , 12
4715 , 400 , 7
4716 , 800 , 12
4717 , 300 , 12
4718 , 600 , 9
4719 , 400 , 14
4720 , 500 , 18
4721 , 400 , 5
4722 , 500 , 15
4723 , 400 , 5
4724 , 700 , 15
4725 , 800 , 12
4726 , 500 , 11
4727 , 4200 , 4
4728 , 500 , 8
4729 , 500 , 11
4730 , 500 , 13
4731 , 400 , 8
4732 , 500 , 15
4733 , 700 , 10
4734 , 800 , 12
4735 , 600 , 11
4736 , 600 , 12
4737 , 400 , 13
4738 , 1000 , 16
4739 , 700 , 10
4740 , 600 , 16
4741 , 1000 , 18
4742 , 500 , 9
4743 , 800 , 16
4744 , 800 , 11
4745 , 600 , 11
4746 , 600 , 7
4747 , 400 , 5
4748 , 400 , 7
4749 , 1200 , 20
4750 , 800 , 15
4751 , 500 , 8
4752 , 600 , 7
4753 , 700 , 13
4754 , 600 , 12
4755 , 600 , 11
4756 , 500 , 13
4757 , 800 , 15
4758 , 800 , 19
4759 , 600 , 10
4760 , 600 , 12
4761 , 500 , 9
4762 , 800 , 12
4763 , 700 , 12
4764 , 300 , 9
4765 , 600 , 15
4766 , 500 , 6
4767 , 500 , 10
4768 , 600 , 9
4769 , 4700 , 14
4770 , 500 , 13
4771 , 400 , 14
4772 , 500 , 11
4773 , 400 , 7
4774 , 500 , 10
4775 , 700 , 20
4776 , 500 , 5
4777 , 500 , 7
4778 , 600 , 11
4779 , 600 , 12
4780 , 400 , 8
4781 , 400 , 12
4782 , 600 , 12
4783 , 500 , 11
4784 , 400 , 11
4785 , 700 , 11
4786 , 400 , 11
4787 , 500 , 12
4788 , 600 , 9
4789 , 600 , 13
4790 , 500 , 13
4791 , 1200 , 21
4792 , 700 , 12
4793 , 600 , 14
4794 , 700 , 10
4795 , 400 , 9
4796 , 1000 , 23
4797 , 800 , 13
4798 , 500 , 6
4799 , 500 , 7
4800 , 500 , 11
4801 , 500 , 10
4802 , 600 , 12
4803 , 600 , 8
4804 , 900 , 15
4805 , 800 , 15
4806 , 700 , 12
4807 , 400 , 5
4808 , 500 , 9
4809 , 600 , 8
4810 , 600 , 7
4811 , 4300 , 19
4812 , 900 , 9
4813 , 700 , 9
4814 , 500 , 19
4815 , 400 , 9
4816 , 400 , 13
4817 , 400 , 11
4818 , 1000 , 17
4819 , 700 , 14
4820 , 600 , 7
4821 , 1000 , 19
4822 , 600 , 13
4823 , 600 , 15
4824 , 900 , 11
4825 , 400 , 9
4826 , 400 , 17
4827 , 600 , 10
4828 , 800 , 12
4829 , 600 , 6
4830 , 500 , 10
4831 , 500 , 11
4832 , 500 , 9
4833 , 500 , 13
4834 , 500 , 8
4835 , 500 , 10
4836 , 400 , 10
4837 , 700 , 13
4838 , 800 , 11
4839 , 500 , 7
4840 , 900 , 15
4841 , 700 , 11
4842 , 500 , 10
4843 , 2000 , 15
4844 , 400 , 6
4845 , 800 , 17
4846 , 500 , 10
4847 , 500 , 9
4848 , 700 , 16
4849 , 400 , 8
4850 , 900 , 9
4851 , 500 , 10
4852 , 500 , 9
4853 , 900 , 15
4854 , 4800 , 8
4855 , 900 , 14
4856 , 400 , 13
4857 , 900 , 18
4858 , 400 , 8
4859 , 400 , 11
4860 , 500 , 8
4861 , 600 , 9
4862 , 400 , 9
4863 , 500 , 11
4864 , 700 , 20
4865 , 500 , 13
4866 , 900 , 12
4867 , 500 , 11
4868 , 500 , 12
4869 , 700 , 16
4870 , 400 , 8
4871 , 500 , 8
4872 , 400 , 12
4873 , 500 , 7
4874 , 900 , 10
4875 , 500 , 12
4876 , 500 , 9
4877 , 700 , 8
4878 , 500 , 10
4879 , 600 , 12
4880 , 500 , 10
4881 , 700 , 15
4882 , 700 , 16
4883 , 600 , 7
4884 , 900 , 14
4885 , 500 , 17
4886 , 400 , 10
4887 , 600 , 9
4888 , 400 , 15
4889 , 800 , 14
4890 , 500 , 14
4891 , 500 , 9
4892 , 400 , 12
4893 , 400 , 5
4894 , 600 , 14
4895 , 500 , 13
4896 , 500 , 8
4897 , 900 , 14
4898 , 400 , 14
4899 , 400 , 13
4900 , 500 , 10
4901 , 300 , 11
4902 , 600 , 15
4903 , 700 , 12
4904 , 600 , 13
4905 , 400 , 7
4906 , 400 , 13
4907 , 600 , 14
4908 , 700 , 16
4909 , 600 , 12
4910 , 400 , 11
4911 , 700 , 9
4912 , 800 , 12
4913 , 600 , 12
4914 , 400 , 9
4915 , 600 , 12
4916 , 400 , 12
4917 , 500 , 11
4918 , 600 , 13
4919 , 700 , 13
4920 , 600 , 8
4921 , 700 , 17
4922 , 600 , 12
4923 , 500 , 15
4924 , 500 , 8
4925 , 600 , 7
4926 , 400 , 5
4927 , 600 , 10
4928 , 500 , 11
4929 , 1000 , 20
4930 , 500 , 12
4931 , 900 , 12
4932 , 400 , 7
4933 , 600 , 9
4934 , 500 , 7
4935 , 800 , 10
4936 , 500 , 12
4937 , 400 , 13
4938 , 600 , 11
4939 , 500 , 7
4940 , 500 , 15
4941 , 500 , 10
4942 , 500 , 10
4943 , 500 , 17
4944 , 600 , 12
4945 , 800 , 16
4946 , 500 , 7
4947 , 400 , 12
4948 , 600 , 13
4949 , 600 , 14
4950 , 400 , 8
4951 , 500 , 2
4952 , 800 , 13
4953 , 400 , 6
4954 , 400 , 12
4955 , 700 , 13
4956 , 500 , 9
4957 , 500 , 14
4958 , 600 , 11
4959 , 700 , 11
4960 , 400 , 8
4961 , 400 , 11
4962 , 500 , 10
4963 , 900 , 16
4964 , 400 , 6
4965 , 600 , 9
4966 , 1100 , 16
4967 , 500 , 17
4968 , 300 , 7
4969 , 400 , 10
4970 , 400 , 11
4971 , 3700 , 12
4972 , 500 , 9
4973 , 1600 , 15
4974 , 1000 , 16
4975 , 700 , 12
4976 , 700 , 12
4977 , 600 , 5
4978 , 500 , 13
4979 , 700 , 10
4980 , 500 , 11
4981 , 500 , 8
4982 , 400 , 8
4983 , 500 , 9
4984 , 400 , 11
4985 , 600 , 13
4986 , 600 , 7
4987 , 400 , 12
4988 , 1300 , 16
4989 , 500 , 9
4990 , 500 , 8
4991 , 600 , 16
4992 , 5700 , 11
4993 , 300 , 6
4994 , 400 , 6
4995 , 600 , 10
4996 , 400 , 12
4997 , 500 , 12
4998 , 700 , 13
4999 , 500 , 9
5000 , 600 , 15
5001 , 900 , 14
5002 , 700 , 12
5003 , 500 , 11
5004 , 400 , 8
5005 , 500 , 5
5006 , 500 , 13
5007 , 400 , 11
5008 , 500 , 7
5009 , 400 , 9
5010 , 500 , 8
5011 , 300 , 4
5012 , 600 , 8
5013 , 2900 , 13
5014 , 600 , 11
5015 , 800 , 8
5016 , 600 , 14
5017 , 800 , 9
5018 , 500 , 11
5019 , 600 , 11
5020 , 700 , 11
5021 , 600 , 15
5022 , 500 , 8
5023 , 600 , 14
5024 , 600 , 13
5025 , 700 , 15
5026 , 800 , 15
5027 , 400 , 9
5028 , 500 , 7
5029 , 500 , 11
5030 , 500 , 8
5031 , 500 , 7
5032 , 700 , 11
5033 , 700 , 12
5034 , 400 , 9
5035 , 400 , 9
5036 , 600 , 11
5037 , 4200 , 11
5038 , 700 , 4
5039 , 500 , 10
5040 , 300 , 5
5041 , 400 , 10
5042 , 300 , 4
5043 , 500 , 15
5044 , 700 , 15
5045 , 400 , 11
5046 , 600 , 13
5047 , 600 , 14
5048 , 800 , 11
5049 , 600 , 14
5050 , 500 , 6
5051 , 400 , 9
5052 , 500 , 8
5053 , 400 , 12
5054 , 500 , 8
5055 , 400 , 10
5056 , 400 , 15
5057 , 800 , 16
5058 , 500 , 15
5059 , 600 , 5
5060 , 300 , 8
5061 , 800 , 12
5062 , 700 , 10
5063 , 1000 , 15
5064 , 600 , 16
5065 , 700 , 19
5066 , 1000 , 16
5067 , 400 , 9
5068 , 700 , 11
5069 , 500 , 13
5070 , 600 , 13
5071 , 900 , 18
5072 , 500 , 9
5073 , 800 , 9
5074 , 400 , 8
5075 , 500 , 8
5076 , 600 , 10
5077 , 1000 , 12
5078 , 500 , 11
5079 , 700 , 16
5080 , 5600 , 12
5081 , 500 , 10
5082 , 600 , 13
5083 , 800 , 10
5084 , 500 , 13
5085 , 500 , 14
5086 , 400 , 12
5087 , 800 , 16
5088 , 400 , 11
5089 , 700 , 5
5090 , 600 , 17
5091 , 600 , 13
5092 , 700 , 10
5093 , 400 , 6
5094 , 600 , 12
5095 , 400 , 8
5096 , 500 , 12
5097 , 1100 , 10
5098 , 500 , 7
5099 , 700 , 12
5100 , 1200 , 22
5101 , 600 , 9
5102 , 500 , 13
5103 , 500 , 9
5104 , 800 , 17
5105 , 300 , 9
5106 , 500 , 10
5107 , 500 , 7
5108 , 400 , 6
5109 , 3000 , 11
5110 , 400 , 10
5111 , 400 , 15
5112 , 500 , 10
5113 , 800 , 17
5114 , 500 , 11
5115 , 400 , 6
5116 , 700 , 10
5117 , 500 , 8
5118 , 700 , 9
5119 , 600 , 8
5120 , 700 , 11
5121 , 3000 , 9
5122 , 500 , 7
5123 , 800 , 10
5124 , 800 , 20
5125 , 400 , 10
5126 , 500 , 4
5127 , 400 , 7
5128 , 500 , 15
5129 , 5400 , 13
5130 , 1000 , 14
5131 , 900 , 16
5132 , 1200 , 22
5133 , 600 , 9
5134 , 400 , 11
5135 , 600 , 12
5136 , 500 , 14
5137 , 700 , 12
5138 , 500 , 11
5139 , 400 , 15
5140 , 900 , 7
5141 , 800 , 15
5142 , 400 , 7
5143 , 500 , 14
5144 , 1100 , 14
5145 , 500 , 15
5146 , 1200 , 18
5147 , 500 , 8
5148 , 700 , 11
5149 , 500 , 14
5150 , 400 , 12
5151 , 800 , 16
5152 , 900 , 10
5153 , 500 , 15
5154 , 500 , 18
5155 , 600 , 10
5156 , 500 , 13
5157 , 400 , 9
5158 , 500 , 13
5159 , 700 , 14
5160 , 400 , 14
5161 , 500 , 10
5162 , 1000 , 16
5163 , 800 , 13
5164 , 500 , 10
5165 , 600 , 12
5166 , 400 , 13
5167 , 700 , 14
5168 , 400 , 12
5169 , 700 , 13
5170 , 600 , 15
5171 , 700 , 10
5172 , 1200 , 13
5173 , 500 , 15
5174 , 500 , 14
5175 , 700 , 14
5176 , 800 , 14
5177 , 700 , 12
5178 , 500 , 17
5179 , 800 , 14
5180 , 500 , 14
5181 , 500 , 10
5182 , 400 , 6
5183 , 500 , 13
5184 , 4600 , 18
5185 , 400 , 11
5186 , 700 , 16
5187 , 700 , 16
5188 , 500 , 17
5189 , 400 , 8
5190 , 600 , 9
5191 , 400 , 7
5192 , 600 , 16
5193 , 800 , 12
5194 , 700 , 10
5195 , 500 , 11
5196 , 500 , 8
5197 , 600 , 6
5198 , 2200 , 9
5199 , 600 , 9
5200 , 700 , 10
5201 , 600 , 8
5202 , 900 , 16
5203 , 500 , 9
5204 , 500 , 14
5205 , 500 , 6
5206 , 700 , 16
5207 , 700 , 12
5208 , 300 , 10
5209 , 400 , 7
5210 , 400 , 10
5211 , 500 , 7
5212 , 5000 , 10
5213 , 600 , 15
5214 , 1600 , 18
5215 , 400 , 12
5216 , 500 , 11
5217 , 500 , 17
5218 , 400 , 10
5219 , 700 , 14
5220 , 500 , 13
5221 , 600 , 12
5222 , 700 , 13
5223 , 600 , 11
5224 , 400 , 11
5225 , 600 , 10
5226 , 800 , 18
5227 , 500 , 8
5228 , 400 , 13
5229 , 600 , 8
5230 , 500 , 14
5231 , 600 , 12
5232 , 500 , 7
5233 , 600 , 15
5234 , 500 , 14
5235 , 900 , 18
5236 , 600 , 13
5237 , 800 , 14
5238 , 600 , 13
5239 , 400 , 10
5240 , 500 , 12
5241 , 500 , 8
5242 , 700 , 13
5243 , 800 , 12
5244 , 400 , 17
5245 , 400 , 12
5246 , 800 , 21
5247 , 500 , 13
5248 , 600 , 7
5249 , 600 , 13
5250 , 500 , 9
5251 , 400 , 8
5252 , 800 , 14
5253 , 500 , 7
5254 , 400 , 16
5255 , 500 , 8
5256 , 400 , 14
5257 , 500 , 16
5258 , 1000 , 15
5259 , 1000 , 15
5260 , 600 , 12
5261 , 600 , 7
5262 , 500 , 8
5263 , 500 , 8
5264 , 700 , 10
5265 , 500 , 17
5266 , 700 , 13
5267 , 500 , 14
5268 , 500 , 13
5269 , 1000 , 19
5270 , 700 , 17
5271 , 400 , 8
5272 , 500 , 7
5273 , 900 , 10
5274 , 500 , 16
5275 , 900 , 19
5276 , 400 , 8
5277 , 400 , 5
5278 , 400 , 13
5279 , 700 , 11
5280 , 1100 , 12
5281 , 400 , 7
5282 , 600 , 10
5283 , 600 , 13
5284 , 400 , 13
5285 , 500 , 10
5286 , 600 , 10
5287 , 400 , 6
5288 , 500 , 7
5289 , 500 , 14
5290 , 500 , 8
5291 , 900 , 16
5292 , 500 , 10
5293 , 239900 , 11
5294 , 900 , 10
5295 , 700 , 12
5296 , 1800 , 13
5297 , 600 , 6
5298 , 700 , 13
5299 , 500 , 6
5300 , 7100 , 14
5301 , 1575300 , 14
5302 , 1600 , 11
5303 , 800 , 10
5304 , 700 , 11
5305 , 900 , 15
5306 , 700 , 9
5307 , 1400 , 10
5308 , 500 , 16
5309 , 1000 , 8
5310 , 1000 , 13
5311 , 1500 , 15
5312 , 800 , 14
5313 , 700 , 8
5314 , 600 , 7
5315 , 1244100 , 14
5316 , 3000 , 11
5317 , 3200 , 6
5318 , 1000 , 12
5319 , 1100 , 13
5320 , 18700 , 14
5321 , 900 , 14
5322 , 900 , 15
5323 , 1100 , 12
5324 , 600 , 10
5325 , 2400 , 13
5326 , 500 , 9
5327 , 700 , 14
5328 , 800 , 11
5329 , 1000 , 15
5330 , 1200 , 13
5331 , 900 , 9
5332 , 700 , 14
5333 , 600 , 11
5334 , 1000 , 14
5335 , 1000 , 8
5336 , 800 , 10
5337 , 800 , 15
5338 , 800 , 17
5339 , 600 , 8
5340 , 700 , 8
5341 , 600 , 9
5342 , 1500 , 16
5343 , 700 , 8
5344 , 1000 , 12
5345 , 700 , 10
5346 , 6600 , 17
5347 , 1300 , 16
5348 , 1000 , 11
5349 , 500 , 11
5350 , 600 , 13
5351 , 900 , 14
5352 , 800 , 9
5353 , 600 , 10
5354 , 600 , 12
5355 , 3600 , 12
5356 , 600 , 8
5357 , 1400 , 12
5358 , 1100 , 16
5359 , 1000 , 14
5360 , 900 , 7
5361 , 1000 , 13
5362 , 1600 , 13
5363 , 1200 , 7
5364 , 800 , 7
5365 , 800 , 4
5366 , 900 , 16
5367 , 900 , 11
5368 , 1500 , 15
5369 , 1000 , 11
5370 , 600 , 13
5371 , 500 , 8
5372 , 600 , 8
5373 , 700 , 6
5374 , 800 , 14
5375 , 600 , 8
5376 , 1000 , 14
5377 , 800 , 11
5378 , 1000 , 12
5379 , 700 , 11
5380 , 900 , 9
5381 , 700 , 12
5382 , 800 , 5
5383 , 600 , 16
5384 , 700 , 14
5385 , 600 , 10
5386 , 600 , 9
5387 , 700 , 15
5388 , 600 , 13
5389 , 500 , 11
5390 , 4600 , 22
5391 , 700 , 13
5392 , 600 , 7
5393 , 700 , 7
5394 , 800 , 13
5395 , 600 , 6
5396 , 500 , 11
5397 , 700 , 15
5398 , 900 , 11
5399 , 500 , 11
5400 , 800 , 15
5401 , 400 , 11
5402 , 700 , 11
5403 , 500 , 14
5404 , 600 , 10
5405 , 500 , 8
5406 , 500 , 5
5407 , 600 , 10
5408 , 900 , 12
5409 , 900 , 8
5410 , 600 , 12
5411 , 500 , 10
5412 , 1000 , 9
5413 , 500 , 13
5414 , 600 , 14
5415 , 800 , 10
5416 , 600 , 10
5417 , 1000 , 19
5418 , 700 , 10
5419 , 800 , 10
5420 , 700 , 13
5421 , 400 , 13
5422 , 900 , 15
5423 , 1100 , 10
5424 , 1300 , 16
5425 , 700 , 19
5426 , 600 , 12
5427 , 600 , 8
5428 , 600 , 14
5429 , 500 , 7
5430 , 600 , 10
5431 , 500 , 8
5432 , 600 , 11
5433 , 500 , 11
5434 , 800 , 9
5435 , 500 , 11
5436 , 600 , 9
5437 , 3700 , 9
5438 , 800 , 14
5439 , 600 , 7
5440 , 600 , 12
5441 , 1000 , 9
5442 , 600 , 12
5443 , 600 , 7
5444 , 600 , 9
5445 , 700 , 12
5446 , 1000 , 13
5447 , 1000 , 14
5448 , 900 , 12
5449 , 500 , 12
5450 , 500 , 13
5451 , 600 , 13
5452 , 600 , 15
5453 , 600 , 9
5454 , 500 , 9
5455 , 700 , 11
5456 , 700 , 13
5457 , 600 , 11
5458 , 1300 , 23
5459 , 500 , 11
5460 , 500 , 13
5461 , 900 , 10
5462 , 400 , 11
5463 , 700 , 14
5464 , 600 , 10
5465 , 600 , 12
5466 , 500 , 15
5467 , 500 , 14
5468 , 700 , 14
5469 , 500 , 13
5470 , 1000 , 14
5471 , 600 , 10
5472 , 500 , 12
5473 , 600 , 9
5474 , 600 , 10
5475 , 1000 , 14
5476 , 700 , 9
5477 , 1000 , 18
5478 , 600 , 15
5479 , 600 , 11
5480 , 1000 , 12
5481 , 4400 , 23
5482 , 700 , 15
5483 , 800 , 13
5484 , 500 , 12
5485 , 500 , 13
5486 , 500 , 8
5487 , 500 , 10
5488 , 800 , 17
5489 , 500 , 16
5490 , 600 , 10
5491 , 500 , 14
5492 , 500 , 11
5493 , 600 , 11
5494 , 500 , 10
5495 , 600 , 13
5496 , 500 , 14
5497 , 600 , 7
5498 , 700 , 12
5499 , 400 , 7
5500 , 500 , 9
5501 , 400 , 7
5502 , 600 , 10
5503 , 300 , 10
5504 , 600 , 12
5505 , 500 , 8
5506 , 600 , 14
5507 , 400 , 11
5508 , 500 , 11
5509 , 600 , 11
5510 , 700 , 10
5511 , 400 , 6
5512 , 500 , 12
5513 , 800 , 13
5514 , 400 , 13
5515 , 600 , 11
5516 , 500 , 13
5517 , 600 , 12
5518 , 500 , 14
5519 , 600 , 9
5520 , 400 , 16
5521 , 500 , 9
5522 , 1000 , 14
5523 , 800 , 12
5524 , 1000 , 9
5525 , 3700 , 11
5526 , 500 , 10
5527 , 400 , 15
5528 , 5200 , 10
5529 , 500 , 13
5530 , 1400 , 15
5531 , 700 , 9
5532 , 600 , 10
5533 , 600 , 14
5534 , 1100 , 14
5535 , 1000 , 20
5536 , 500 , 9
5537 , 700 , 13
5538 , 600 , 16
5539 , 700 , 10
5540 , 500 , 10
5541 , 900 , 14
5542 , 500 , 14
5543 , 600 , 8
5544 , 400 , 10
5545 , 400 , 12
5546 , 700 , 13
5547 , 800 , 10
5548 , 600 , 17
5549 , 500 , 13
5550 , 500 , 12
5551 , 400 , 11
5552 , 400 , 9
5553 , 600 , 8
5554 , 500 , 11
5555 , 1400 , 17
5556 , 800 , 13
5557 , 16900 , 17
5558 , 500 , 15
5559 , 400 , 10
5560 , 800 , 13
5561 , 800 , 13
5562 , 600 , 12
5563 , 1400 , 15
5564 , 500 , 6
5565 , 500 , 11
5566 , 500 , 6
5567 , 600 , 15
5568 , 600 , 7
5569 , 300 , 8
5570 , 700 , 9
5571 , 700 , 7
5572 , 800 , 13
5573 , 600 , 12
5574 , 600 , 13
5575 , 700 , 10
5576 , 500 , 10
5577 , 400 , 14
5578 , 700 , 16
5579 , 1100 , 15
5580 , 400 , 15
5581 , 700 , 16
5582 , 1100 , 10
5583 , 400 , 9
5584 , 600 , 12
5585 , 500 , 11
5586 , 500 , 7
5587 , 600 , 9
5588 , 700 , 8
5589 , 500 , 12
5590 , 500 , 7
5591 , 400 , 4
5592 , 500 , 12
5593 , 500 , 11
5594 , 400 , 10
5595 , 500 , 9
5596 , 400 , 8
5597 , 600 , 10
5598 , 500 , 15
5599 , 400 , 8
5600 , 600 , 9
5601 , 500 , 11
5602 , 1000 , 15
5603 , 400 , 6
5604 , 400 , 10
5605 , 500 , 9
5606 , 800 , 11
5607 , 400 , 8
5608 , 700 , 12
5609 , 700 , 16
5610 , 600 , 8
5611 , 900 , 14
5612 , 700 , 8
5613 , 1100 , 10
5614 , 400 , 5
5615 , 500 , 8
5616 , 1600 , 17
5617 , 400 , 6
5618 , 600 , 7
5619 , 600 , 8
5620 , 9500 , 15
5621 , 600 , 8
5622 , 700 , 10
5623 , 900 , 10
5624 , 500 , 11
5625 , 700 , 7
5626 , 800 , 16
5627 , 700 , 14
5628 , 500 , 9
5629 , 500 , 9
5630 , 500 , 9
5631 , 600 , 17
5632 , 1600 , 15
5633 , 700 , 11
5634 , 600 , 6
5635 , 900 , 11
5636 , 900 , 12
5637 , 1400 , 12
5638 , 1100 , 12
5639 , 800 , 14
5640 , 600 , 11
5641 , 700 , 9
5642 , 800 , 18
5643 , 900 , 9
5644 , 700 , 6
5645 , 400 , 9
5646 , 500 , 14
5647 , 800 , 16
5648 , 500 , 5
5649 , 600 , 10
5650 , 500 , 15
5651 , 600 , 9
5652 , 600 , 14
5653 , 500 , 14
5654 , 600 , 4
5655 , 900 , 13
5656 , 1200 , 12
5657 , 400 , 15
5658 , 500 , 11
5659 , 500 , 12
5660 , 700 , 12
5661 , 500 , 8
5662 , 700 , 12
5663 , 700 , 12
5664 , 1000 , 15
5665 , 1000 , 13
5666 , 4500 , 11
5667 , 400 , 10
5668 , 900 , 9
5669 , 800 , 8
5670 , 800 , 11
5671 , 1900 , 14
5672 , 1100 , 13
5673 , 1400 , 15
5674 , 800 , 13
5675 , 900 , 10
5676 , 4300 , 10
5677 , 1000 , 12
5678 , 800 , 6
5679 , 1300 , 12
5680 , 25500 , 9
5681 , 500 , 8
5682 , 600 , 7
5683 , 500 , 12
5684 , 600 , 6
5685 , 600 , 10
5686 , 700 , 10
5687 , 900 , 15
5688 , 600 , 8
5689 , 1000 , 15
5690 , 500 , 10
5691 , 600 , 6
5692 , 400 , 7
5693 , 600 , 7
5694 , 800 , 8
5695 , 600 , 13
5696 , 1000 , 14
5697 , 800 , 13
5698 , 700 , 8
5699 , 400 , 6
5700 , 500 , 8
5701 , 500 , 13
5702 , 700 , 11
5703 , 2700 , 12
5704 , 500 , 15
5705 , 700 , 16
5706 , 700 , 9
5707 , 1300 , 17
5708 , 700 , 7
5709 , 600 , 11
5710 , 500 , 11
5711 , 600 , 11
5712 , 1000 , 12
5713 , 600 , 9
5714 , 5500 , 10
5715 , 700 , 12
5716 , 1200 , 12
5717 , 500 , 11
5718 , 800 , 17
5719 , 800 , 7
5720 , 500 , 14
5721 , 700 , 8
5722 , 600 , 14
5723 , 500 , 9
5724 , 500 , 7
5725 , 500 , 8
5726 , 500 , 6
5727 , 700 , 10
5728 , 900 , 12
5729 , 500 , 11
5730 , 500 , 10
5731 , 400 , 9
5732 , 400 , 6
5733 , 400 , 11
5734 , 500 , 13
5735 , 700 , 11
5736 , 400 , 8
5737 , 500 , 10
5738 , 400 , 6
5739 , 700 , 11
5740 , 900 , 12
5741 , 600 , 9
5742 , 400 , 6
5743 , 500 , 14
5744 , 900 , 13
5745 , 800 , 13
5746 , 500 , 10
5747 , 1000 , 14
5748 , 500 , 13
5749 , 700 , 3
5750 , 600 , 10
5751 , 500 , 8
5752 , 600 , 10
5753 , 400 , 12
5754 , 500 , 14
5755 , 600 , 6
5756 , 1000 , 15
5757 , 500 , 10
5758 , 600 , 16
5759 , 500 , 11
5760 , 5400 , 15
5761 , 900 , 10
5762 , 900 , 15
5763 , 900 , 16
5764 , 1400 , 17
5765 , 400 , 7
5766 , 700 , 9
5767 , 700 , 13
5768 , 300 , 7
5769 , 600 , 9
5770 , 600 , 11
5771 , 800 , 12
5772 , 900 , 15
5773 , 600 , 10
5774 , 1000 , 15
5775 , 500 , 6
5776 , 800 , 9
5777 , 800 , 14
5778 , 500 , 6
5779 , 600 , 12
5780 , 500 , 7
5781 , 500 , 12
5782 , 600 , 10
5783 , 600 , 11
5784 , 500 , 9
5785 , 500 , 13
5786 , 400 , 7
5787 , 400 , 9
5788 , 400 , 9
5789 , 500 , 9
5790 , 500 , 16
5791 , 1200 , 18
5792 , 600 , 12
5793 , 400 , 6
5794 , 500 , 10
5795 , 400 , 10
5796 , 600 , 15
5797 , 500 , 12
5798 , 600 , 12
5799 , 600 , 5
5800 , 800 , 15
5801 , 600 , 18
5802 , 600 , 11
5803 , 600 , 8
5804 , 700 , 9
5805 , 1000 , 18
5806 , 500 , 7
5807 , 700 , 12
5808 , 700 , 12
5809 , 400 , 8
5810 , 600 , 14
5811 , 600 , 11
5812 , 900 , 13
5813 , 500 , 12
5814 , 500 , 11
5815 , 900 , 11
5816 , 400 , 6
5817 , 400 , 11
5818 , 800 , 12
5819 , 700 , 10
5820 , 300 , 8
5821 , 400 , 16
5822 , 900 , 13
5823 , 4300 , 14
5824 , 600 , 15
5825 , 800 , 12
5826 , 500 , 14
5827 , 400 , 12
5828 , 600 , 8
5829 , 400 , 11
5830 , 500 , 12
5831 , 400 , 10
5832 , 500 , 8
5833 , 500 , 11
5834 , 500 , 13
5835 , 400 , 6
5836 , 600 , 12
5837 , 700 , 13
5838 , 600 , 8
5839 , 700 , 7
5840 , 500 , 10
5841 , 600 , 15
5842 , 500 , 16
5843 , 600 , 8
5844 , 1300 , 18
5845 , 400 , 8
5846 , 500 , 6
5847 , 400 , 6
5848 , 700 , 8
5849 , 600 , 10
5850 , 500 , 7
5851 , 500 , 16
5852 , 500 , 11
5853 , 500 , 13
5854 , 400 , 8
5855 , 500 , 8
5856 , 600 , 11
5857 , 700 , 6
5858 , 900 , 14
5859 , 400 , 12
5860 , 600 , 8
5861 , 500 , 14
5862 , 700 , 15
5863 , 600 , 11
5864 , 800 , 15
5865 , 800 , 16
5866 , 900 , 13
5867 , 700 , 15
5868 , 700 , 7
5869 , 500 , 8
5870 , 800 , 12
5871 , 600 , 11
5872 , 500 , 13
5873 , 500 , 10
5874 , 500 , 7
5875 , 600 , 9
5876 , 600 , 12
5877 , 900 , 12
5878 , 400 , 9
5879 , 400 , 9
5880 , 700 , 13
5881 , 300 , 10
5882 , 900 , 8
5883 , 700 , 11
5884 , 400 , 9
5885 , 400 , 13
5886 , 900 , 10
5887 , 400 , 3
5888 , 700 , 9
5889 , 1000 , 22
5890 , 500 , 11
5891 , 500 , 15
5892 , 500 , 10
5893 , 600 , 15
5894 , 500 , 14
5895 , 500 , 11
5896 , 400 , 12
5897 , 500 , 10
5898 , 1000 , 13
5899 , 600 , 11
5900 , 500 , 11
5901 , 600 , 9
5902 , 500 , 7
5903 , 400 , 10
5904 , 300 , 3
5905 , 400 , 16
5906 , 600 , 15
5907 , 700 , 11
5908 , 1000 , 14
5909 , 500 , 7
5910 , 800 , 7
5911 , 500 , 12
5912 , 600 , 15
5913 , 500 , 12
5914 , 400 , 9
5915 , 500 , 9
5916 , 500 , 8
5917 , 600 , 13
5918 , 800 , 12
5919 , 800 , 12
5920 , 400 , 7
5921 , 400 , 5
5922 , 700 , 12
5923 , 1000 , 11
5924 , 400 , 10
5925 , 800 , 13
5926 , 1300 , 18
5927 , 800 , 12
5928 , 500 , 13
5929 , 600 , 12
5930 , 500 , 12
5931 , 500 , 12
5932 , 600 , 13
5933 , 500 , 10
5934 , 1000 , 9
5935 , 800 , 7
5936 , 1000 , 15
5937 , 800 , 10
5938 , 5300 , 7
5939 , 1000 , 7
5940 , 500 , 10
5941 , 600 , 8
5942 , 400 , 9
5943 , 400 , 11
5944 , 700 , 11
5945 , 400 , 11
5946 , 400 , 8
5947 , 400 , 11
5948 , 500 , 8
5949 , 700 , 6
5950 , 800 , 12
5951 , 600 , 13
5952 , 400 , 9
5953 , 400 , 7
5954 , 500 , 18
5955 , 800 , 13
5956 , 400 , 10
5957 , 500 , 6
5958 , 500 , 11
5959 , 600 , 11
5960 , 500 , 10
5961 , 700 , 10
5962 , 400 , 9
5963 , 400 , 8
5964 , 500 , 19
5965 , 500 , 15
5966 , 1000 , 18
5967 , 800 , 18
5968 , 600 , 13
5969 , 3500 , 14
5970 , 500 , 9
5971 , 500 , 16
5972 , 600 , 12
5973 , 900 , 11
5974 , 1000 , 15
5975 , 500 , 12
5976 , 600 , 15
5977 , 500 , 15
5978 , 500 , 13
5979 , 700 , 11
5980 , 600 , 12
5981 , 700 , 15
5982 , 500 , 12
5983 , 4200 , 12
5984 , 500 , 17
5985 , 400 , 12
5986 , 600 , 6
5987 , 500 , 13
5988 , 800 , 8
5989 , 600 , 14
5990 , 400 , 12
5991 , 600 , 7
5992 , 600 , 11
5993 , 500 , 12
5994 , 800 , 12
5995 , 800 , 15
5996 , 700 , 10
5997 , 500 , 8
5998 , 1000 , 10
5999 , 600 , 11
6000 , 500 , 13
6001 , 400 , 11
6002 , 400 , 13
6003 , 600 , 7
6004 , 500 , 11
6005 , 500 , 9
6006 , 500 , 10
6007 , 700 , 9
6008 , 400 , 14
6009 , 400 , 5
6010 , 500 , 10
6011 , 800 , 14
6012 , 400 , 10
6013 , 500 , 6
6014 , 400 , 7
6015 , 800 , 11
6016 , 1300 , 16
6017 , 400 , 5
6018 , 600 , 15
6019 , 900 , 16
6020 , 500 , 16
6021 , 600 , 9
6022 , 600 , 10
6023 , 400 , 12
6024 , 500 , 12
6025 , 1400 , 14
6026 , 600 , 8
6027 , 4300 , 17
6028 , 500 , 10
6029 , 400 , 10
6030 , 1100 , 18
6031 , 400 , 7
6032 , 700 , 14
6033 , 700 , 15
6034 , 600 , 13
6035 , 600 , 19
6036 , 500 , 15
6037 , 400 , 12
6038 , 400 , 5
6039 , 500 , 8
6040 , 500 , 8
6041 , 800 , 14
6042 , 600 , 7
6043 , 400 , 7
6044 , 500 , 7
6045 , 500 , 6
6046 , 700 , 10
6047 , 500 , 11
6048 , 700 , 16
6049 , 300 , 7
6050 , 600 , 10
6051 , 400 , 9
6052 , 900 , 12
6053 , 500 , 11
6054 , 1200 , 13
6055 , 700 , 12
6056 , 400 , 10
6057 , 500 , 16
6058 , 600 , 7
6059 , 1000 , 11
6060 , 900 , 12
6061 , 600 , 8
6062 , 600 , 11
6063 , 500 , 13
6064 , 600 , 10
6065 , 3900 , 11
6066 , 900 , 6
6067 , 400 , 10
6068 , 3500 , 10
6069 , 500 , 10
6070 , 800 , 14
6071 , 600 , 13
6072 , 800 , 10
6073 , 700 , 13
6074 , 500 , 8
6075 , 400 , 6
6076 , 500 , 10
6077 , 600 , 16
6078 , 400 , 6
6079 , 400 , 10
6080 , 600 , 10
6081 , 500 , 8
6082 , 1000 , 14
6083 , 600 , 11
6084 , 500 , 9
6085 , 600 , 11
6086 , 600 , 10
6087 , 500 , 14
6088 , 500 , 6
6089 , 500 , 12
6090 , 500 , 11
6091 , 600 , 8
6092 , 1000 , 13
6093 , 800 , 17
6094 , 600 , 10
6095 , 1000 , 15
6096 , 800 , 15
6097 , 500 , 11
6098 , 500 , 10
6099 , 600 , 12
6100 , 900 , 15
6101 , 500 , 9
6102 , 500 , 9
6103 , 500 , 10
6104 , 600 , 17
6105 , 400 , 7
6106 , 500 , 6
6107 , 4000 , 11
6108 , 600 , 13
6109 , 500 , 13
6110 , 500 , 10
6111 , 500 , 7
6112 , 700 , 10
6113 , 400 , 7
6114 , 600 , 11
6115 , 2400 , 17
6116 , 800 , 9
6117 , 600 , 11
6118 , 400 , 8
6119 , 500 , 14
6120 , 400 , 5
6121 , 900 , 15
6122 , 1000 , 13
6123 , 700 , 17
6124 , 1100 , 18
6125 , 700 , 9
6126 , 400 , 10
6127 , 500 , 11
6128 , 300 , 9
6129 , 400 , 10
6130 , 400 , 7
6131 , 300 , 8
6132 , 300 , 10
6133 , 900 , 13
6134 , 500 , 8
6135 , 600 , 5
6136 , 400 , 7
6137 , 700 , 6
6138 , 500 , 8
6139 , 400 , 10
6140 , 600 , 8
6141 , 800 , 15
6142 , 800 , 16
6143 , 600 , 7
6144 , 1000 , 13
6145 , 700 , 7
6146 , 500 , 13
6147 , 300 , 7
6148 , 700 , 13
6149 , 400 , 12
6150 , 400 , 7
6151 , 400 , 7
6152 , 400 , 5
6153 , 500 , 12
6154 , 400 , 14
6155 , 400 , 8
6156 , 500 , 8
6157 , 600 , 8
6158 , 600 , 11
6159 , 600 , 15
6160 , 700 , 7
6161 , 400 , 10
6162 , 600 , 9
6163 , 700 , 14
6164 , 400 , 11
6165 , 600 , 14
6166 , 800 , 14
6167 , 900 , 14
6168 , 500 , 15
6169 , 400 , 9
6170 , 600 , 9
6171 , 500 , 12
6172 , 500 , 9
6173 , 400 , 6
6174 , 500 , 11
6175 , 500 , 10
6176 , 700 , 18
6177 , 500 , 7
6178 , 400 , 12
6179 , 400 , 6
6180 , 500 , 5
6181 , 600 , 9
6182 , 400 , 13
6183 , 500 , 9
6184 , 400 , 11
6185 , 600 , 11
6186 , 500 , 9
6187 , 300 , 10
6188 , 800 , 17
6189 , 500 , 5
6190 , 400 , 12
6191 , 700 , 14
6192 , 400 , 9
6193 , 400 , 15
6194 , 700 , 15
6195 , 400 , 10
6196 , 7000 , 11
6197 , 700 , 11
6198 , 300 , 9
6199 , 400 , 8
6200 , 800 , 13
6201 , 1200 , 12
6202 , 900 , 5
6203 , 900 , 10
6204 , 800 , 8
6205 , 900 , 7
6206 , 1000 , 12
6207 , 800 , 8
6208 , 900 , 14
6209 , 800 , 7
6210 , 1600 , 16
6211 , 800 , 13
6212 , 1400 , 7
6213 , 1100 , 10
6214 , 1600 , 16
6215 , 900 , 10
6216 , 900 , 7
6217 , 900 , 10
6218 , 1100 , 8
6219 , 900 , 8
6220 , 1700 , 17
6221 , 800 , 12
6222 , 800 , 15
6223 , 1800 , 16
6224 , 900 , 13
6225 , 800 , 11
6226 , 1600 , 16
6227 , 1000 , 5
6228 , 700 , 10
6229 , 900 , 8
6230 , 800 , 12
6231 , 1200 , 15
6232 , 1000 , 8
6233 , 800 , 16
6234 , 600 , 13
6235 , 900 , 13
6236 , 900 , 11
6237 , 500 , 11
6238 , 500 , 10
6239 , 600 , 11
6240 , 500 , 8
6241 , 500 , 11
6242 , 600 , 13
6243 , 300 , 8
6244 , 4600 , 7
6245 , 900 , 12
6246 , 500 , 5
6247 , 800 , 11
6248 , 1000 , 16
6249 , 500 , 8
6250 , 600 , 10
6251 , 1300 , 16
6252 , 600 , 13
6253 , 400 , 5
6254 , 600 , 5
6255 , 900 , 12
6256 , 400 , 8
6257 , 400 , 4
6258 , 500 , 7
6259 , 700 , 12
6260 , 400 , 8
6261 , 4400 , 13
6262 , 600 , 7
6263 , 700 , 7
6264 , 600 , 15
6265 , 500 , 14
6266 , 400 , 6
6267 , 500 , 6
6268 , 400 , 9
6269 , 500 , 13
6270 , 600 , 13
6271 , 500 , 11
6272 , 600 , 11
6273 , 400 , 10
6274 , 800 , 11
6275 , 400 , 11
6276 , 700 , 12
6277 , 900 , 7
6278 , 1000 , 12
6279 , 900 , 12
6280 , 800 , 11
6281 , 900 , 10
6282 , 900 , 10
6283 , 1000 , 10
6284 , 800 , 11
6285 , 1400 , 10
6286 , 800 , 4
6287 , 1000 , 14
6288 , 1300 , 12
6289 , 1100 , 13
6290 , 1000 , 12
6291 , 2100 , 14
6292 , 900 , 9
6293 , 700 , 13
6294 , 400 , 12
6295 , 600 , 11
6296 , 600 , 10
6297 , 400 , 7
6298 , 500 , 10
6299 , 600 , 8
6300 , 500 , 8
6301 , 500 , 10
6302 , 500 , 10
6303 , 600 , 8
6304 , 500 , 17
6305 , 800 , 14
6306 , 900 , 12
6307 , 500 , 8
6308 , 700 , 13
6309 , 500 , 14
6310 , 600 , 14
6311 , 600 , 15
6312 , 500 , 9
6313 , 400 , 15
6314 , 1100 , 16
6315 , 500 , 11
6316 , 400 , 7
6317 , 500 , 8
6318 , 1000 , 13
6319 , 600 , 13
6320 , 900 , 11
6321 , 300 , 7
6322 , 600 , 12
6323 , 500 , 8
6324 , 600 , 10
6325 , 500 , 9
6326 , 500 , 7
6327 , 1100 , 13
6328 , 800 , 12
6329 , 600 , 12
6330 , 400 , 9
6331 , 1100 , 16
6332 , 600 , 11
6333 , 900 , 15
6334 , 600 , 8
6335 , 400 , 5
6336 , 800 , 9
6337 , 900 , 12
6338 , 900 , 9
6339 , 1500 , 13
6340 , 900 , 11
6341 , 1000 , 11
6342 , 1700 , 16
6343 , 900 , 11
6344 , 1200 , 8
6345 , 800 , 5
6346 , 1500 , 15
6347 , 1000 , 13
6348 , 1100 , 12
6349 , 700 , 18
6350 , 500 , 4
6351 , 900 , 14
6352 , 500 , 8
6353 , 500 , 8
6354 , 1000 , 15
6355 , 400 , 7
6356 , 500 , 10
6357 , 700 , 4
6358 , 800 , 7
6359 , 600 , 10
6360 , 500 , 12
6361 , 500 , 11
6362 , 500 , 7
6363 , 800 , 12
6364 , 700 , 12
6365 , 1200 , 13
6366 , 600 , 12
6367 , 1100 , 19
6368 , 1200 , 17
6369 , 500 , 5
6370 , 500 , 11
6371 , 800 , 14
6372 , 1700 , 12
6373 , 1300 , 7
6374 , 800 , 8
6375 , 1000 , 8
6376 , 1600 , 13
6377 , 900 , 11
6378 , 1200 , 8
6379 , 1200 , 9
6380 , 1000 , 17
6381 , 800 , 9
6382 , 1100 , 16
6383 , 900 , 10
6384 , 1000 , 9
6385 , 800 , 10
6386 , 1500 , 7
6387 , 1200 , 16
6388 , 400 , 8
6389 , 500 , 8
6390 , 1100 , 17
6391 , 500 , 9
6392 , 600 , 11
6393 , 400 , 6
6394 , 900 , 14
6395 , 600 , 5
6396 , 500 , 11
6397 , 700 , 17
6398 , 700 , 11
6399 , 800 , 14
6400 , 700 , 12
6401 , 400 , 8
6402 , 300 , 8
6403 , 1000 , 11
6404 , 7900 , 19
6405 , 800 , 10
6406 , 500 , 9
6407 , 400 , 12
6408 , 3000 , 9
6409 , 600 , 13
6410 , 700 , 13
6411 , 600 , 12
6412 , 600 , 8
6413 , 600 , 12
6414 , 600 , 8
6415 , 1200 , 17
6416 , 400 , 18
6417 , 800 , 15
6418 , 400 , 11
6419 , 600 , 13
6420 , 400 , 11
6421 , 900 , 15
6422 , 600 , 14
6423 , 500 , 11
6424 , 400 , 6
6425 , 500 , 11
6426 , 400 , 10
6427 , 500 , 9
6428 , 400 , 10
6429 , 900 , 8
6430 , 900 , 7
6431 , 800 , 3
6432 , 1000 , 3
6433 , 1300 , 13
6434 , 1100 , 11
6435 , 1000 , 12
6436 , 900 , 11
6437 , 1600 , 11
6438 , 1200 , 10
6439 , 800 , 8
6440 , 500 , 8
6441 , 400 , 7
6442 , 400 , 10
6443 , 500 , 10
6444 , 500 , 14
6445 , 600 , 11
6446 , 600 , 9
6447 , 500 , 6
6448 , 600 , 15
6449 , 800 , 11
6450 , 500 , 14
6451 , 400 , 6
6452 , 400 , 7
6453 , 600 , 11
6454 , 600 , 9
6455 , 500 , 12
6456 , 400 , 11
6457 , 400 , 12
6458 , 500 , 13
6459 , 5000 , 13
6460 , 600 , 9
6461 , 1000 , 19
6462 , 500 , 14
6463 , 700 , 10
6464 , 400 , 5
6465 , 500 , 10
6466 , 500 , 12
6467 , 900 , 13
6468 , 600 , 13
6469 , 1000 , 12
6470 , 900 , 7
6471 , 1600 , 13
6472 , 2100 , 20
6473 , 800 , 7
6474 , 800 , 8
6475 , 1500 , 13
6476 , 800 , 8
6477 , 900 , 12
6478 , 1100 , 11
6479 , 1000 , 9
6480 , 1000 , 10
6481 , 1000 , 14
6482 , 900 , 10
6483 , 900 , 9
6484 , 1000 , 9
6485 , 1000 , 10
6486 , 400 , 10
6487 , 1200 , 20
6488 , 600 , 13
6489 , 400 , 3
6490 , 600 , 5
6491 , 500 , 10
6492 , 900 , 15
6493 , 900 , 12
6494 , 500 , 14
6495 , 500 , 11
6496 , 400 , 6
6497 , 900 , 16
6498 , 800 , 13
6499 , 800 , 8
6500 , 5600 , 14
6501 , 700 , 12
6502 , 400 , 8
6503 , 400 , 9
6504 , 500 , 10
6505 , 1100 , 16
6506 , 1100 , 13
6507 , 1100 , 17
6508 , 600 , 20
6509 , 400 , 12
6510 , 700 , 12
6511 , 800 , 9
6512 , 500 , 11
6513 , 500 , 3
6514 , 600 , 9
6515 , 700 , 13
6516 , 500 , 12
6517 , 500 , 8
6518 , 500 , 7
6519 , 400 , 14
6520 , 400 , 4
6521 , 800 , 11
6522 , 600 , 10
6523 , 500 , 8
6524 , 900 , 12
6525 , 800 , 5
6526 , 1000 , 9
6527 , 900 , 9
6528 , 900 , 10
6529 , 1000 , 9
6530 , 1000 , 11
6531 , 900 , 10
6532 , 1100 , 12
6533 , 900 , 10
6534 , 1600 , 11
6535 , 1100 , 14
6536 , 400 , 10
6537 , 600 , 18
6538 , 600 , 7
6539 , 500 , 6
6540 , 800 , 8
6541 , 600 , 12
6542 , 500 , 9
6543 , 700 , 13
6544 , 500 , 4
6545 , 700 , 18
6546 , 500 , 9
6547 , 500 , 12
6548 , 500 , 6
6549 , 500 , 9
6550 , 800 , 9
6551 , 400 , 9
6552 , 700 , 14
6553 , 4900 , 7
6554 , 3600 , 10
6555 , 400 , 6
6556 , 800 , 11
6557 , 700 , 16
6558 , 500 , 15
6559 , 700 , 10
6560 , 700 , 14
6561 , 1600 , 18
6562 , 900 , 6
6563 , 900 , 9
6564 , 800 , 13
6565 , 900 , 11
6566 , 1400 , 6
6567 , 900 , 10
6568 , 900 , 6
6569 , 1500 , 11
6570 , 1000 , 12
6571 , 800 , 6
6572 , 1500 , 10
6573 , 1000 , 11
6574 , 1000 , 10
6575 , 1300 , 13
6576 , 1100 , 7
6577 , 600 , 16
6578 , 600 , 13
6579 , 900 , 13
6580 , 800 , 15
6581 , 400 , 12
6582 , 400 , 12
6583 , 700 , 13
6584 , 600 , 11
6585 , 700 , 9
6586 , 900 , 16
6587 , 400 , 7
6588 , 600 , 11
6589 , 400 , 5
6590 , 500 , 8
6591 , 1000 , 13
6592 , 500 , 10
6593 , 600 , 10
6594 , 500 , 14
6595 , 700 , 8
6596 , 400 , 11
6597 , 800 , 15
6598 , 600 , 13
6599 , 800 , 16
6600 , 1100 , 13
6601 , 500 , 11
6602 , 600 , 10
6603 , 400 , 8
6604 , 500 , 13
6605 , 400 , 10
6606 , 500 , 11
6607 , 400 , 12
6608 , 500 , 9
6609 , 900 , 8
6610 , 500 , 13
6611 , 500 , 8
6612 , 500 , 12
6613 , 600 , 12
6614 , 600 , 9
6615 , 500 , 10
6616 , 700 , 10
6617 , 500 , 10
6618 , 700 , 11
6619 , 1800 , 15
6620 , 800 , 12
6621 , 900 , 10
6622 , 1700 , 17
6623 , 1000 , 9
6624 , 900 , 11
6625 , 900 , 9
6626 , 1300 , 7
6627 , 900 , 14
6628 , 1400 , 11
6629 , 900 , 10
6630 , 700 , 10
6631 , 400 , 13
6632 , 700 , 11
6633 , 400 , 11
6634 , 400 , 11
6635 , 700 , 13
6636 , 600 , 11
6637 , 700 , 15
6638 , 700 , 9
6639 , 400 , 6
6640 , 500 , 5
6641 , 400 , 6
6642 , 500 , 12
6643 , 500 , 11
6644 , 500 , 13
6645 , 600 , 12
6646 , 500 , 9
6647 , 400 , 9
6648 , 400 , 12
6649 , 500 , 7
6650 , 600 , 9
6651 , 800 , 12
6652 , 800 , 12
6653 , 800 , 15
6654 , 600 , 9
6655 , 400 , 9
6656 , 1500 , 7
6657 , 500 , 10
6658 , 900 , 8
6659 , 400 , 9
6660 , 600 , 11
6661 , 500 , 11
6662 , 600 , 11
6663 , 500 , 14
6664 , 500 , 8
6665 , 500 , 8
6666 , 500 , 8
6667 , 400 , 8
6668 , 400 , 10
6669 , 600 , 14
6670 , 500 , 13
6671 , 500 , 4
6672 , 400 , 11
6673 , 500 , 7
6674 , 900 , 15
6675 , 500 , 15
6676 , 800 , 13
6677 , 1200 , 8
6678 , 900 , 9
6679 , 900 , 11
6680 , 1000 , 10
6681 , 1100 , 12
6682 , 900 , 13
6683 , 900 , 14
6684 , 900 , 12
6685 , 1100 , 10
6686 , 1000 , 18
6687 , 1200 , 8
6688 , 900 , 13
6689 , 1100 , 9
6690 , 900 , 9
6691 , 1200 , 7
6692 , 900 , 9
6693 , 900 , 11
6694 , 1000 , 10
6695 , 500 , 10
6696 , 400 , 11
6697 , 600 , 7
6698 , 600 , 11
6699 , 800 , 16
6700 , 4100 , 7
6701 , 1000 , 10
6702 , 900 , 13
6703 , 1300 , 11
6704 , 700 , 8
6705 , 400 , 12
6706 , 900 , 13
6707 , 500 , 9
6708 , 900 , 17
6709 , 800 , 11
6710 , 900 , 5
6711 , 900 , 14
6712 , 900 , 10
6713 , 1000 , 17
6714 , 500 , 11
6715 , 700 , 11
6716 , 600 , 9
6717 , 600 , 11
6718 , 500 , 10
6719 , 700 , 8
6720 , 500 , 5
6721 , 500 , 12
6722 , 700 , 15
6723 , 800 , 14
6724 , 1200 , 11
6725 , 500 , 7
6726 , 500 , 12
6727 , 400 , 9
6728 , 400 , 9
6729 , 1000 , 13
6730 , 700 , 9
6731 , 500 , 8
6732 , 500 , 11
6733 , 700 , 10
6734 , 600 , 12
6735 , 500 , 11
6736 , 400 , 11
6737 , 900 , 13
6738 , 400 , 16
6739 , 1000 , 14
6740 , 500 , 10
6741 , 7200 , 17
6742 , 400 , 14
6743 , 600 , 8
6744 , 500 , 5
6745 , 400 , 6
6746 , 700 , 11
6747 , 600 , 8
6748 , 1000 , 16
6749 , 600 , 14
6750 , 400 , 7
6751 , 400 , 12
6752 , 500 , 10
6753 , 400 , 9
6754 , 800 , 12
6755 , 600 , 11
6756 , 400 , 10
6757 , 800 , 12
6758 , 900 , 13
6759 , 600 , 10
6760 , 700 , 12
6761 , 800 , 12
6762 , 500 , 11
6763 , 600 , 16
6764 , 500 , 7
6765 , 400 , 8
6766 , 500 , 12
6767 , 700 , 12
6768 , 500 , 8
6769 , 800 , 9
6770 , 400 , 11
6771 , 500 , 9
6772 , 500 , 11
6773 , 500 , 8
6774 , 900 , 10
6775 , 400 , 9
6776 , 500 , 14
6777 , 500 , 14
6778 , 500 , 11
6779 , 800 , 15
6780 , 500 , 10
6781 , 1700 , 16
6782 , 5000 , 12
6783 , 900 , 13
6784 , 1200 , 7
6785 , 900 , 9
6786 , 1000 , 11
6787 , 1000 , 15
6788 , 1100 , 16
6789 , 6500 , 12
6790 , 1400 , 14
6791 , 1000 , 8
6792 , 400 , 8
6793 , 400 , 6
6794 , 500 , 8
6795 , 600 , 7
6796 , 500 , 14
6797 , 400 , 11
6798 , 500 , 10
6799 , 1000 , 17
6800 , 700 , 15
6801 , 500 , 13
6802 , 500 , 13
6803 , 400 , 9
6804 , 600 , 7
6805 , 700 , 10
6806 , 700 , 10
6807 , 500 , 9
6808 , 800 , 14
6809 , 400 , 9
6810 , 1600 , 19
6811 , 1000 , 12
6812 , 1100 , 4
6813 , 900 , 7
6814 , 1100 , 14
6815 , 900 , 7
6816 , 1000 , 9
6817 , 900 , 7
6818 , 800 , 7
6819 , 1000 , 15
6820 , 1300 , 7
6821 , 700 , 6
6822 , 500 , 9
6823 , 800 , 12
6824 , 1000 , 15
6825 , 400 , 10
6826 , 400 , 5
6827 , 400 , 12
6828 , 600 , 12
6829 , 400 , 7
6830 , 5000 , 8
6831 , 600 , 13
6832 , 500 , 6
6833 , 600 , 6
6834 , 800 , 14
6835 , 400 , 7
6836 , 700 , 18
6837 , 500 , 12
6838 , 700 , 13
6839 , 400 , 10
6840 , 900 , 12
6841 , 400 , 10
6842 , 400 , 5
6843 , 400 , 10
6844 , 1000 , 16
6845 , 600 , 9
6846 , 400 , 11
6847 , 3100 , 10
6848 , 500 , 8
6849 , 600 , 13
6850 , 600 , 10
6851 , 700 , 14
6852 , 600 , 12
6853 , 500 , 11
6854 , 400 , 14
6855 , 900 , 9
6856 , 500 , 13
6857 , 300 , 6
6858 , 600 , 12
6859 , 500 , 12
6860 , 500 , 8
6861 , 500 , 13
6862 , 700 , 13
6863 , 400 , 9
6864 , 500 , 9
6865 , 400 , 8
6866 , 500 , 15
6867 , 400 , 7
6868 , 500 , 8
6869 , 600 , 10
6870 , 500 , 11
6871 , 500 , 11
6872 , 600 , 8
6873 , 400 , 8
6874 , 600 , 8
6875 , 400 , 12
6876 , 1100 , 14
6877 , 600 , 11
6878 , 500 , 12
6879 , 6800 , 13
6880 , 600 , 15
6881 , 400 , 9
6882 , 400 , 10
6883 , 400 , 7
6884 , 600 , 8
6885 , 900 , 14
6886 , 500 , 11
6887 , 500 , 15
6888 , 800 , 17
6889 , 400 , 15
6890 , 500 , 10
6891 , 600 , 13
6892 , 400 , 12
6893 , 1300 , 17
6894 , 1500 , 12
6895 , 1100 , 13
6896 , 900 , 11
6897 , 1000 , 9
6898 , 1700 , 17
6899 , 1400 , 11
6900 , 900 , 11
6901 , 1100 , 10
6902 , 1000 , 9
6903 , 1000 , 14
6904 , 700 , 4
6905 , 1100 , 16
6906 , 1900 , 16
6907 , 1000 , 4
6908 , 1000 , 13
6909 , 1100 , 10
6910 , 1000 , 16
6911 , 400 , 10
6912 , 500 , 9
6913 , 700 , 12
6914 , 600 , 4
6915 , 500 , 8
6916 , 500 , 13
6917 , 500 , 6
6918 , 800 , 14
6919 , 500 , 7
6920 , 500 , 12
6921 , 600 , 10
6922 , 300 , 6
6923 , 600 , 9
6924 , 500 , 12
6925 , 900 , 16
6926 , 500 , 8
6927 , 900 , 14
6928 , 500 , 12
6929 , 500 , 13
6930 , 900 , 10
6931 , 500 , 14
6932 , 500 , 7
6933 , 500 , 11
6934 , 600 , 11
6935 , 600 , 9
6936 , 600 , 6
6937 , 700 , 11
6938 , 500 , 8
6939 , 400 , 3
6940 , 900 , 8
6941 , 300 , 4
6942 , 700 , 12
6943 , 400 , 11
6944 , 500 , 6
6945 , 600 , 14
6946 , 800 , 10
6947 , 600 , 17
6948 , 500 , 6
6949 , 500 , 10
6950 , 600 , 10
6951 , 500 , 11
6952 , 600 , 7
6953 , 400 , 8
6954 , 600 , 6
6955 , 400 , 6
6956 , 900 , 9
6957 , 900 , 14
6958 , 700 , 6
6959 , 800 , 8
6960 , 800 , 9
6961 , 1400 , 10
6962 , 1000 , 9
6963 , 800 , 8
6964 , 900 , 13
6965 , 1100 , 13
6966 , 800 , 11
6967 , 2000 , 17
6968 , 900 , 12
6969 , 800 , 15
6970 , 800 , 8
6971 , 900 , 6
6972 , 1100 , 15
6973 , 900 , 9
6974 , 1100 , 14
6975 , 1000 , 9
6976 , 1000 , 9
6977 , 2000 , 13
6978 , 8400 , 20
6979 , 600 , 6
6980 , 900 , 13
6981 , 500 , 10
6982 , 500 , 9
6983 , 700 , 13
6984 , 700 , 15
6985 , 600 , 13
6986 , 500 , 8
6987 , 700 , 17
6988 , 400 , 8
6989 , 4000 , 11
6990 , 600 , 14
6991 , 600 , 13
6992 , 600 , 9
6993 , 1600 , 11
6994 , 500 , 14
6995 , 700 , 14
6996 , 500 , 10
6997 , 400 , 8
6998 , 4400 , 12
6999 , 1500 , 10
7000 , 1100 , 10
7001 , 1600 , 16
7002 , 1000 , 10
7003 , 1600 , 14
7004 , 700 , 9
7005 , 78700 , 12
7006 , 2200 , 12
7007 , 1100 , 16
7008 , 800 , 16
7009 , 500 , 7
7010 , 1400 , 9
7011 , 1300 , 14
7012 , 1200 , 11
7013 , 900 , 4
7014 , 1600 , 15
7015 , 1000 , 11
7016 , 1000 , 11
7017 , 1000 , 14
7018 , 800 , 12
7019 , 1100 , 12
7020 , 900 , 18
7021 , 900 , 14
7022 , 700 , 12
7023 , 1100 , 9
7024 , 900 , 11
7025 , 1200 , 10
7026 , 700 , 9
7027 , 1500 , 16
7028 , 500 , 16
7029 , 700 , 15
7030 , 700 , 6
7031 , 500 , 4
7032 , 700 , 14
7033 , 700 , 9
7034 , 1500 , 11
7035 , 600 , 9
7036 , 800 , 10
7037 , 800 , 8
7038 , 500 , 13
7039 , 700 , 14
7040 , 1000 , 14
7041 , 700 , 12
7042 , 800 , 8
7043 , 1300 , 12
7044 , 700 , 12
7045 , 1100 , 13
7046 , 700 , 11
7047 , 400 , 8
7048 , 600 , 10
7049 , 1000 , 12
7050 , 600 , 8
7051 , 500 , 9
7052 , 700 , 6
7053 , 800 , 8
7054 , 1100 , 17
7055 , 800 , 10
7056 , 600 , 10
7057 , 600 , 10
7058 , 700 , 8
7059 , 500 , 9
7060 , 600 , 14
7061 , 700 , 11
7062 , 800 , 11
7063 , 700 , 4
7064 , 600 , 9
7065 , 400 , 9
7066 , 500 , 11
7067 , 500 , 12
7068 , 800 , 7
7069 , 600 , 10
7070 , 4600 , 9
7071 , 500 , 10
7072 , 600 , 14
7073 , 400 , 13
7074 , 1100 , 11
7075 , 700 , 8
7076 , 800 , 14
7077 , 800 , 13
7078 , 500 , 15
7079 , 1400 , 16
7080 , 500 , 5
7081 , 800 , 8
7082 , 1100 , 15
7083 , 1100 , 14
7084 , 700 , 15
7085 , 700 , 12
7086 , 500 , 7
7087 , 800 , 11
7088 , 800 , 16
7089 , 700 , 11
7090 , 800 , 12
7091 , 800 , 11
7092 , 600 , 13
7093 , 1200 , 14
7094 , 400 , 10
7095 , 300 , 13
7096 , 800 , 11
7097 , 800 , 14
7098 , 600 , 7
7099 , 500 , 12
7100 , 500 , 11
7101 , 600 , 14
7102 , 500 , 10
7103 , 500 , 13
7104 , 600 , 18
7105 , 400 , 11
7106 , 900 , 11
7107 , 500 , 11
7108 , 600 , 7
7109 , 700 , 8
7110 , 500 , 8
7111 , 1100 , 15
7112 , 400 , 10
7113 , 700 , 11
7114 , 700 , 8
7115 , 1000 , 16
7116 , 500 , 13
7117 , 900 , 11
7118 , 800 , 7
7119 , 6500 , 8
7120 , 1000 , 12
7121 , 1100 , 14
7122 , 1500 , 13
7123 , 900 , 9
7124 , 1000 , 13
7125 , 1600 , 11
7126 , 1100 , 17
7127 , 1000 , 9
7128 , 1900 , 16
7129 , 1100 , 9
7130 , 700 , 8
7131 , 800 , 8
7132 , 900 , 13
7133 , 400 , 8
7134 , 500 , 8
7135 , 500 , 8
7136 , 800 , 14
7137 , 800 , 14
7138 , 700 , 13
7139 , 8400 , 9
7140 , 1000 , 13
7141 , 500 , 9
7142 , 600 , 7
7143 , 600 , 15
7144 , 500 , 11
7145 , 900 , 13
7146 , 1700 , 19
7147 , 800 , 12
7148 , 700 , 10
7149 , 600 , 7
7150 , 600 , 11
7151 , 700 , 14
7152 , 400 , 13
7153 , 700 , 11
7154 , 700 , 10
7155 , 1400 , 17
7156 , 600 , 9
7157 , 1000 , 12
7158 , 500 , 10
7159 , 600 , 14
7160 , 600 , 5
7161 , 1200 , 15
7162 , 500 , 9
7163 , 5200 , 18
7164 , 600 , 10
7165 , 600 , 9
7166 , 500 , 8
7167 , 600 , 9
7168 , 500 , 10
7169 , 500 , 6
7170 , 1100 , 14
7171 , 600 , 12
7172 , 600 , 13
7173 , 500 , 15
7174 , 600 , 9
7175 , 900 , 15
7176 , 400 , 10
7177 , 500 , 13
7178 , 600 , 9
7179 , 700 , 11
7180 , 700 , 17
7181 , 600 , 6
7182 , 800 , 9
7183 , 700 , 13
7184 , 600 , 11
7185 , 600 , 17
7186 , 600 , 15
7187 , 500 , 10
7188 , 800 , 12
7189 , 700 , 13
7190 , 800 , 10
7191 , 800 , 7
7192 , 600 , 7
7193 , 600 , 11
7194 , 500 , 10
7195 , 500 , 13
7196 , 700 , 10
7197 , 600 , 12
7198 , 600 , 8
7199 , 500 , 11
7200 , 600 , 13
7201 , 700 , 9
7202 , 1000 , 15
7203 , 600 , 10
7204 , 500 , 11
7205 , 600 , 5
7206 , 700 , 11
7207 , 700 , 12
7208 , 800 , 10
7209 , 3900 , 12
7210 , 900 , 14
7211 , 900 , 12
7212 , 600 , 10
7213 , 600 , 11
7214 , 600 , 15
7215 , 600 , 10
7216 , 1300 , 19
7217 , 400 , 6
7218 , 600 , 12
7219 , 500 , 8
7220 , 500 , 15
7221 , 400 , 8
7222 , 500 , 9
7223 , 600 , 7
7224 , 500 , 8
7225 , 700 , 13
7226 , 600 , 13
7227 , 600 , 11
7228 , 1100 , 10
7229 , 500 , 11
7230 , 700 , 12
7231 , 700 , 16
7232 , 600 , 9
7233 , 600 , 18
7234 , 700 , 9
7235 , 400 , 12
7236 , 700 , 15
7237 , 500 , 14
7238 , 700 , 9
7239 , 500 , 11
7240 , 500 , 9
7241 , 500 , 8
7242 , 700 , 6
7243 , 400 , 10
7244 , 500 , 7
7245 , 600 , 11
7246 , 400 , 12
7247 , 700 , 16
7248 , 600 , 7
7249 , 1100 , 15
7250 , 500 , 9
7251 , 700 , 9
7252 , 700 , 8
7253 , 1000 , 18
7254 , 500 , 13
7255 , 500 , 10
7256 , 500 , 11
7257 , 500 , 8
7258 , 600 , 12
7259 , 800 , 14
7260 , 500 , 5
7261 , 500 , 10
7262 , 600 , 9
7263 , 500 , 12
7264 , 800 , 10
7265 , 700 , 10
7266 , 600 , 13
7267 , 1000 , 15
7268 , 800 , 15
7269 , 600 , 17
7270 , 700 , 19
7271 , 700 , 12
7272 , 500 , 6
7273 , 600 , 6
7274 , 500 , 11
7275 , 400 , 6
7276 , 500 , 10
7277 , 700 , 14
7278 , 600 , 10
7279 , 900 , 17
7280 , 700 , 8
7281 , 800 , 9
7282 , 400 , 9
7283 , 500 , 15
7284 , 500 , 13
7285 , 3300 , 12
7286 , 1000 , 12
7287 , 600 , 9
7288 , 500 , 10
7289 , 500 , 13
7290 , 900 , 11
7291 , 800 , 14
7292 , 700 , 12
7293 , 500 , 9
7294 , 1000 , 15
7295 , 500 , 10
7296 , 700 , 12
7297 , 700 , 9
7298 , 1100 , 19
7299 , 800 , 11
7300 , 400 , 8
7301 , 700 , 10
7302 , 500 , 13
7303 , 700 , 10
7304 , 600 , 11
7305 , 500 , 10
7306 , 600 , 12
7307 , 900 , 17
7308 , 600 , 15
7309 , 1100 , 12
7310 , 600 , 11
7311 , 600 , 10
7312 , 900 , 14
7313 , 13000 , 18
7314 , 1300 , 13
7315 , 1400 , 9
7316 , 700 , 12
7317 , 1300 , 11
7318 , 700 , 5
7319 , 400 , 9
7320 , 600 , 10
7321 , 700 , 9
7322 , 900 , 12
7323 , 800 , 14
7324 , 800 , 13
7325 , 600 , 6
7326 , 600 , 12
7327 , 1400 , 9
7328 , 800 , 11
7329 , 1100 , 16
7330 , 600 , 12
7331 , 900 , 10
7332 , 800 , 5
7333 , 700 , 10
7334 , 600 , 9
7335 , 900 , 7
7336 , 1300 , 15
7337 , 900 , 11
7338 , 800 , 12
7339 , 900 , 11
7340 , 800 , 11
7341 , 800 , 12
7342 , 900 , 10
7343 , 1000 , 14
7344 , 700 , 8
7345 , 500 , 8
7346 , 600 , 9
7347 , 800 , 15
7348 , 700 , 8
7349 , 700 , 10
7350 , 900 , 9
7351 , 600 , 10
7352 , 700 , 8
7353 , 700 , 7
7354 , 800 , 14
7355 , 500 , 6
7356 , 600 , 9
7357 , 600 , 5
7358 , 700 , 8
7359 , 500 , 13
7360 , 700 , 12
7361 , 600 , 6
7362 , 1100 , 19
7363 , 700 , 12
7364 , 800 , 6
7365 , 700 , 12
7366 , 900 , 12
7367 , 900 , 17
7368 , 800 , 11
7369 , 600 , 17
7370 , 700 , 16
7371 , 500 , 8
7372 , 600 , 11
7373 , 500 , 6
7374 , 500 , 8
7375 , 900 , 10
7376 , 600 , 6
7377 , 600 , 11
7378 , 800 , 10
7379 , 500 , 9
7380 , 1500 , 18
7381 , 500 , 7
7382 , 600 , 10
7383 , 1000 , 16
7384 , 700 , 7
7385 , 800 , 7
7386 , 4900 , 13
7387 , 1200 , 8
7388 , 1000 , 15
7389 , 1100 , 15
7390 , 600 , 14
7391 , 1000 , 16
7392 , 500 , 11
7393 , 800 , 8
7394 , 500 , 4
7395 , 500 , 8
7396 , 600 , 8
7397 , 600 , 10
7398 , 600 , 9
7399 , 600 , 7
7400 , 700 , 12
7401 , 700 , 15
7402 , 1200 , 17
7403 , 800 , 14
7404 , 500 , 11
7405 , 600 , 10
7406 , 800 , 11
7407 , 1200 , 16
7408 , 600 , 14
7409 , 600 , 13
7410 , 1000 , 14
7411 , 700 , 9
7412 , 500 , 13
7413 , 1100 , 21
7414 , 700 , 10
7415 , 600 , 8
7416 , 1100 , 18
7417 , 700 , 12
7418 , 600 , 12
7419 , 500 , 7
7420 , 600 , 6
7421 , 1000 , 19
7422 , 500 , 8
7423 , 900 , 10
7424 , 6100 , 15
7425 , 500 , 4
7426 , 600 , 14
7427 , 1100 , 16
7428 , 500 , 8
7429 , 500 , 12
7430 , 800 , 16
7431 , 500 , 9
7432 , 2600 , 18
7433 , 500 , 14
7434 , 1800 , 12
7435 , 1300 , 18
7436 , 1000 , 16
7437 , 600 , 11
7438 , 900 , 15
7439 , 1100 , 18
7440 , 700 , 16
7441 , 700 , 14
7442 , 700 , 13
7443 , 600 , 10
7444 , 500 , 5
7445 , 700 , 17
7446 , 600 , 7
7447 , 1000 , 10
7448 , 900 , 14
7449 , 1200 , 14
7450 , 600 , 12
7451 , 500 , 11
7452 , 1200 , 12
7453 , 800 , 9
7454 , 500 , 7
7455 , 700 , 10
7456 , 1000 , 17
7457 , 800 , 12
7458 , 700 , 10
7459 , 600 , 10
7460 , 5800 , 11
7461 , 500 , 9
7462 , 700 , 6
7463 , 700 , 14
7464 , 700 , 11
7465 , 400 , 5
7466 , 400 , 8
7467 , 400 , 8
7468 , 500 , 8
7469 , 700 , 10
7470 , 700 , 11
7471 , 400 , 8
7472 , 600 , 12
7473 , 500 , 6
7474 , 400 , 10
7475 , 600 , 15
7476 , 600 , 11
7477 , 1000 , 17
7478 , 500 , 12
7479 , 5600 , 13
7480 , 500 , 14
7481 , 500 , 9
7482 , 1000 , 15
7483 , 800 , 13
7484 , 900 , 16
7485 , 400 , 10
7486 , 700 , 6
7487 , 700 , 9
7488 , 600 , 11
7489 , 1000 , 15
7490 , 900 , 13
7491 , 400 , 11
7492 , 700 , 13
7493 , 500 , 16
7494 , 600 , 8
7495 , 1200 , 14
7496 , 800 , 13
7497 , 800 , 16
7498 , 500 , 10
7499 , 600 , 6
7500 , 700 , 10
7501 , 700 , 13
7502 , 500 , 5
7503 , 700 , 14
7504 , 500 , 13
7505 , 36500 , 12
7506 , 1600 , 11
7507 , 700 , 12
7508 , 700 , 12
7509 , 600 , 5
7510 , 600 , 9
7511 , 700 , 14
7512 , 800 , 12
7513 , 900 , 10
7514 , 800 , 11
7515 , 500 , 11
7516 , 700 , 10
7517 , 600 , 12
7518 , 1000 , 12
7519 , 800 , 14
7520 , 600 , 10
7521 , 700 , 13
7522 , 700 , 14
7523 , 500 , 9
7524 , 600 , 10
7525 , 600 , 10
7526 , 600 , 13
7527 , 1000 , 13
7528 , 600 , 7
7529 , 800 , 10
7530 , 800 , 11
7531 , 500 , 9
7532 , 500 , 10
7533 , 500 , 9
7534 , 500 , 11
7535 , 600 , 12
7536 , 400 , 9
7537 , 700 , 9
7538 , 1200 , 15
7539 , 1100 , 16
7540 , 500 , 11
7541 , 700 , 8
7542 , 500 , 8
7543 , 700 , 11
7544 , 700 , 9
7545 , 600 , 11
7546 , 500 , 8
7547 , 900 , 4
7548 , 600 , 8
7549 , 1000 , 17
7550 , 700 , 12
7551 , 600 , 11
7552 , 600 , 11
7553 , 600 , 11
7554 , 600 , 9
7555 , 500 , 10
7556 , 600 , 10
7557 , 400 , 8
7558 , 500 , 10
7559 , 500 , 11
7560 , 700 , 11
7561 , 700 , 9
7562 , 500 , 9
7563 , 600 , 10
7564 , 1200 , 16
7565 , 900 , 9
7566 , 900 , 10
7567 , 700 , 8
7568 , 500 , 10
7569 , 600 , 14
7570 , 800 , 9
7571 , 600 , 9
7572 , 1100 , 13
7573 , 500 , 12
7574 , 600 , 9
7575 , 600 , 10
7576 , 400 , 9
7577 , 1200 , 15
7578 , 4600 , 7
7579 , 700 , 10
7580 , 600 , 10
7581 , 1400 , 20
7582 , 1000 , 16
7583 , 500 , 12
7584 , 700 , 10
7585 , 400 , 6
7586 , 900 , 13
7587 , 600 , 7
7588 , 1900 , 10
7589 , 1300 , 19
7590 , 700 , 15
7591 , 500 , 7
7592 , 800 , 13
7593 , 600 , 7
7594 , 600 , 3
7595 , 600 , 7
7596 , 600 , 3
7597 , 500 , 11
7598 , 600 , 10
7599 , 500 , 13
7600 , 500 , 12
7601 , 600 , 11
7602 , 900 , 10
7603 , 700 , 9
7604 , 1000 , 7
7605 , 300 , 5
7606 , 1000 , 13
7607 , 700 , 10
7608 , 500 , 10
7609 , 600 , 14
7610 , 500 , 7
7611 , 600 , 14
7612 , 500 , 12
7613 , 1200 , 21
7614 , 500 , 10
7615 , 500 , 9
7616 , 600 , 9
7617 , 700 , 8
7618 , 600 , 10
7619 , 600 , 12
7620 , 500 , 14
7621 , 500 , 9
7622 , 800 , 13
7623 , 1100 , 15
7624 , 600 , 9
7625 , 600 , 15
7626 , 500 , 10
7627 , 600 , 9
7628 , 600 , 10
7629 , 1000 , 16
7630 , 600 , 12
7631 , 6900 , 7
7632 , 1000 , 15
7633 , 600 , 7
7634 , 1500 , 19
7635 , 1000 , 13
7636 , 700 , 8
7637 , 4000 , 11
7638 , 700 , 8
7639 , 1000 , 11
7640 , 1000 , 17
7641 , 900 , 13
7642 , 800 , 10
7643 , 700 , 15
7644 , 500 , 7
7645 , 600 , 8
7646 , 700 , 10
7647 , 600 , 12
7648 , 1800 , 16
7649 , 600 , 13
7650 , 500 , 13
7651 , 800 , 12
7652 , 1000 , 15
7653 , 800 , 11
7654 , 1100 , 13
7655 , 900 , 9
7656 , 600 , 11
7657 , 500 , 13
7658 , 700 , 9
7659 , 500 , 10
7660 , 500 , 10
7661 , 600 , 12
7662 , 500 , 9
7663 , 700 , 10
7664 , 500 , 6
7665 , 700 , 10
7666 , 600 , 12
7667 , 600 , 9
7668 , 500 , 11
7669 , 500 , 8
7670 , 500 , 11
7671 , 400 , 13
7672 , 3600 , 10
7673 , 600 , 12
7674 , 600 , 11
7675 , 500 , 13
7676 , 500 , 10
7677 , 1000 , 12
7678 , 700 , 5
7679 , 500 , 10
7680 , 4800 , 17
7681 , 1600 , 16
7682 , 1100 , 14
7683 , 1100 , 18
7684 , 600 , 16
7685 , 600 , 12
7686 , 11300 , 12
7687 , 900 , 15
7688 , 700 , 11
7689 , 500 , 8
7690 , 1500 , 21
7691 , 1000 , 13
7692 , 500 , 12
7693 , 400 , 5
7694 , 500 , 12
7695 , 500 , 8
7696 , 500 , 10
7697 , 600 , 17
7698 , 900 , 13
7699 , 500 , 14
7700 , 500 , 10
7701 , 400 , 6
7702 , 500 , 11
7703 , 600 , 14
7704 , 500 , 9
7705 , 700 , 7
7706 , 400 , 9
7707 , 1500 , 18
7708 , 600 , 11
7709 , 800 , 8
7710 , 700 , 10
7711 , 800 , 14
7712 , 800 , 10
7713 , 700 , 11
7714 , 600 , 12
7715 , 600 , 9
7716 , 800 , 12
7717 , 700 , 13
7718 , 5100 , 10
7719 , 600 , 9
7720 , 500 , 14
7721 , 400 , 11
7722 , 1100 , 21
7723 , 500 , 9
7724 , 4000 , 11
7725 , 900 , 16
7726 , 600 , 13
7727 , 700 , 8
7728 , 700 , 15
7729 , 1000 , 12
7730 , 800 , 15
7731 , 900 , 10
7732 , 500 , 8
7733 , 400 , 11
7734 , 500 , 13
7735 , 800 , 17
7736 , 900 , 13
7737 , 600 , 8
7738 , 600 , 8
7739 , 700 , 15
7740 , 400 , 5
7741 , 800 , 13
7742 , 500 , 7
7743 , 800 , 11
7744 , 400 , 8
7745 , 500 , 9
7746 , 500 , 5
7747 , 500 , 17
7748 , 600 , 7
7749 , 800 , 14
7750 , 600 , 10
7751 , 700 , 11
7752 , 900 , 9
7753 , 500 , 12
7754 , 600 , 16
7755 , 400 , 6
7756 , 600 , 12
7757 , 500 , 11
7758 , 500 , 10
7759 , 600 , 10
7760 , 400 , 9
7761 , 3800 , 11
7762 , 700 , 6
7763 , 600 , 10
7764 , 500 , 6
7765 , 600 , 12
7766 , 600 , 12
7767 , 900 , 13
7768 , 600 , 13
7769 , 500 , 9
7770 , 600 , 8
7771 , 800 , 11
7772 , 500 , 11
7773 , 500 , 10
7774 , 500 , 7
7775 , 1100 , 16
7776 , 400 , 9
7777 , 1000 , 17
7778 , 600 , 14
7779 , 500 , 13
7780 , 800 , 13
7781 , 700 , 12
7782 , 500 , 15
7783 , 600 , 16
7784 , 900 , 16
7785 , 500 , 11
7786 , 1000 , 11
7787 , 500 , 11
7788 , 600 , 13
7789 , 700 , 16
7790 , 500 , 13
7791 , 400 , 6
7792 , 700 , 13
7793 , 500 , 10
7794 , 800 , 14
7795 , 500 , 14
7796 , 500 , 11
7797 , 600 , 8
7798 , 700 , 9
7799 , 600 , 10
7800 , 500 , 5
7801 , 700 , 8
7802 , 600 , 8
7803 , 700 , 13
7804 , 600 , 6
7805 , 1000 , 17
7806 , 500 , 9
7807 , 600 , 15
7808 , 700 , 10
7809 , 4500 , 16
7810 , 600 , 14
7811 , 900 , 13
7812 , 500 , 10
7813 , 400 , 10
7814 , 500 , 14
7815 , 800 , 20
7816 , 500 , 10
7817 , 700 , 12
7818 , 600 , 11
7819 , 500 , 8
7820 , 700 , 15
7821 , 600 , 8
7822 , 500 , 10
7823 , 400 , 9
7824 , 900 , 11
7825 , 600 , 9
7826 , 400 , 9
7827 , 400 , 13
7828 , 700 , 14
7829 , 400 , 10
7830 , 500 , 6
7831 , 400 , 15
7832 , 400 , 10
7833 , 1000 , 16
7834 , 400 , 14
7835 , 400 , 9
7836 , 500 , 9
7837 , 1000 , 16
7838 , 900 , 11
7839 , 500 , 11
7840 , 500 , 14
7841 , 400 , 14
7842 , 700 , 11
7843 , 500 , 8
7844 , 900 , 19
7845 , 500 , 12
7846 , 600 , 12
7847 , 600 , 10
7848 , 900 , 10
7849 , 400 , 14
7850 , 800 , 11
7851 , 600 , 14
7852 , 500 , 10
7853 , 400 , 6
7854 , 400 , 14
7855 , 500 , 9
7856 , 400 , 14
7857 , 800 , 16
7858 , 400 , 13
7859 , 400 , 5
7860 , 500 , 9
7861 , 500 , 13
7862 , 500 , 12
7863 , 400 , 9
7864 , 400 , 11
7865 , 600 , 15
7866 , 500 , 8
7867 , 600 , 7
7868 , 300 , 8
7869 , 700 , 11
7870 , 3900 , 14
7871 , 1700 , 14
7872 , 500 , 14
7873 , 700 , 9
7874 , 500 , 13
7875 , 600 , 8
7876 , 600 , 12
7877 , 700 , 14
7878 , 500 , 7
7879 , 500 , 10
7880 , 500 , 12
7881 , 400 , 12
7882 , 1000 , 13
7883 , 500 , 9
7884 , 500 , 9
7885 , 500 , 7
7886 , 700 , 12
7887 , 400 , 6
7888 , 600 , 15
7889 , 400 , 8
7890 , 600 , 10
7891 , 800 , 12
7892 , 700 , 14
7893 , 1000 , 15
7894 , 500 , 10
7895 , 500 , 10
7896 , 600 , 14
7897 , 400 , 10
7898 , 500 , 14
7899 , 4500 , 10
7900 , 800 , 14
7901 , 500 , 10
7902 , 600 , 14
7903 , 600 , 16
7904 , 500 , 13
7905 , 600 , 11
7906 , 500 , 12
7907 , 500 , 8
7908 , 500 , 13
7909 , 400 , 6
7910 , 400 , 14
7911 , 1200 , 21
7912 , 500 , 6
7913 , 500 , 15
7914 , 800 , 15
7915 , 400 , 9
7916 , 600 , 12
7917 , 1100 , 12
7918 , 500 , 11
7919 , 1000 , 12
7920 , 500 , 7
7921 , 600 , 12
7922 , 600 , 11
7923 , 500 , 9
7924 , 600 , 13
7925 , 700 , 12
7926 , 400 , 13
7927 , 500 , 11
7928 , 500 , 9
7929 , 400 , 6
7930 , 600 , 11
7931 , 1000 , 8
7932 , 900 , 9
7933 , 700 , 5
7934 , 1500 , 13
7935 , 900 , 7
7936 , 800 , 8
7937 , 14200 , 12
7938 , 1500 , 16
7939 , 1100 , 13
7940 , 400 , 13
7941 , 500 , 11
7942 , 500 , 13
7943 , 400 , 8
7944 , 700 , 17
7945 , 700 , 12
7946 , 700 , 11
7947 , 500 , 10
7948 , 700 , 7
7949 , 1100 , 16
7950 , 600 , 9
7951 , 1000 , 13
7952 , 600 , 6
7953 , 500 , 10
7954 , 500 , 9
7955 , 600 , 14
7956 , 1200 , 17
7957 , 600 , 18
7958 , 600 , 4
7959 , 500 , 4
7960 , 600 , 15
7961 , 600 , 13
7962 , 700 , 11
7963 , 500 , 12
7964 , 600 , 16
7965 , 500 , 12
7966 , 600 , 14
7967 , 600 , 14
7968 , 800 , 15
7969 , 700 , 12
7970 , 500 , 13
7971 , 500 , 14
7972 , 700 , 17
7973 , 600 , 11
7974 , 600 , 14
7975 , 500 , 10
7976 , 500 , 7
7977 , 500 , 13
7978 , 600 , 9
7979 , 400 , 11
7980 , 4800 , 17
7981 , 1000 , 17
7982 , 600 , 10
7983 , 1100 , 9
7984 , 1100 , 18
7985 , 400 , 10
7986 , 700 , 13
7987 , 900 , 12
7988 , 800 , 11
7989 , 600 , 11
7990 , 700 , 11
7991 , 500 , 5
7992 , 800 , 10
7993 , 500 , 10
7994 , 400 , 13
7995 , 400 , 6
7996 , 600 , 12
7997 , 500 , 11
7998 , 500 , 14
7999 , 700 , 10
8000 , 600 , 9
8001 , 700 , 13
8002 , 700 , 8
8003 , 600 , 12
8004 , 700 , 10
8005 , 600 , 12
8006 , 700 , 17
8007 , 300 , 4
8008 , 700 , 8
8009 , 600 , 15
8010 , 400 , 11
8011 , 500 , 10
8012 , 800 , 15
8013 , 500 , 8
8014 , 400 , 12
8015 , 400 , 13
8016 , 400 , 13
8017 , 2900 , 11
8018 , 600 , 9
8019 , 500 , 9
8020 , 600 , 13
8021 , 4700 , 12
8022 , 800 , 19
8023 , 600 , 14
8024 , 500 , 7
8025 , 600 , 18
8026 , 600 , 11
8027 , 700 , 13
8028 , 400 , 6
8029 , 800 , 10
8030 , 400 , 11
8031 , 500 , 10
8032 , 500 , 9
8033 , 900 , 10
8034 , 500 , 16
8035 , 600 , 14
8036 , 700 , 10
8037 , 700 , 10
8038 , 600 , 13
8039 , 500 , 13
8040 , 500 , 12
8041 , 900 , 14
8042 , 600 , 8
8043 , 500 , 11
8044 , 600 , 7
8045 , 600 , 12
8046 , 700 , 13
8047 , 400 , 12
8048 , 500 , 11
8049 , 900 , 17
8050 , 900 , 12
8051 , 600 , 7
8052 , 500 , 10
8053 , 600 , 14
8054 , 500 , 6
8055 , 900 , 20
8056 , 400 , 11
8057 , 700 , 10
8058 , 500 , 12
8059 , 600 , 13
8060 , 1000 , 13
8061 , 1100 , 13
8062 , 400 , 8
8063 , 400 , 11
8064 , 500 , 8
8065 , 500 , 9
8066 , 8300 , 11
8067 , 400 , 9
8068 , 800 , 9
8069 , 600 , 11
8070 , 400 , 12
8071 , 500 , 11
8072 , 1000 , 16
8073 , 700 , 10
8074 , 500 , 9
8075 , 600 , 9
8076 , 800 , 14
8077 , 400 , 6
8078 , 300 , 5
8079 , 700 , 16
8080 , 700 , 10
8081 , 600 , 8
8082 , 800 , 11
8083 , 600 , 7
8084 , 500 , 9
8085 , 600 , 11
8086 , 500 , 10
8087 , 500 , 9
8088 , 600 , 11
8089 , 600 , 13
8090 , 400 , 9
8091 , 800 , 11
8092 , 700 , 12
8093 , 400 , 2
8094 , 400 , 7
8095 , 1000 , 15
8096 , 400 , 6
8097 , 500 , 13
8098 , 800 , 11
8099 , 500 , 13
8100 , 600 , 5
8101 , 500 , 7
8102 , 700 , 12
8103 , 1100 , 17
8104 , 500 , 12
8105 , 500 , 11
8106 , 700 , 9
8107 , 800 , 14
8108 , 600 , 15
8109 , 600 , 11
8110 , 700 , 15
8111 , 500 , 7
8112 , 500 , 9
8113 , 600 , 4
8114 , 500 , 12
8115 , 600 , 6
8116 , 500 , 8
8117 , 900 , 13
8118 , 400 , 10
8119 , 700 , 14
8120 , 800 , 13
8121 , 600 , 8
8122 , 500 , 10
8123 , 700 , 11
8124 , 500 , 12
8125 , 500 , 9
8126 , 400 , 5
8127 , 600 , 9
8128 , 800 , 9
8129 , 900 , 11
8130 , 500 , 7
8131 , 400 , 7
8132 , 500 , 7
8133 , 300 , 7
8134 , 600 , 12
8135 , 800 , 14
8136 , 700 , 12
8137 , 600 , 10
8138 , 400 , 6
8139 , 800 , 9
8140 , 600 , 14
8141 , 1100 , 14
8142 , 600 , 8
8143 , 500 , 13
8144 , 500 , 6
8145 , 700 , 13
8146 , 500 , 9
8147 , 600 , 17
8148 , 700 , 11
8149 , 700 , 12
8150 , 400 , 14
8151 , 400 , 13
8152 , 500 , 11
8153 , 300 , 6
8154 , 500 , 15
8155 , 500 , 9
8156 , 600 , 5
8157 , 700 , 13
8158 , 5200 , 13
8159 , 400 , 5
8160 , 400 , 8
8161 , 800 , 13
8162 , 500 , 12
8163 , 3300 , 11
8164 , 500 , 11
8165 , 600 , 9
8166 , 600 , 12
8167 , 1000 , 12
8168 , 1000 , 7
8169 , 700 , 6
8170 , 700 , 10
8171 , 500 , 12
8172 , 400 , 9
8173 , 900 , 6
8174 , 1100 , 13
8175 , 900 , 18
8176 , 900 , 10
8177 , 3500 , 10
8178 , 600 , 11
8179 , 500 , 10
8180 , 500 , 9
8181 , 900 , 19
8182 , 600 , 10
8183 , 600 , 11
8184 , 500 , 9
8185 , 600 , 11
8186 , 600 , 9
8187 , 700 , 11
8188 , 500 , 7
8189 , 600 , 9
8190 , 500 , 11
8191 , 400 , 5
8192 , 600 , 6
8193 , 600 , 14
8194 , 700 , 10
8195 , 700 , 9
8196 , 600 , 3
8197 , 600 , 13
8198 , 500 , 10
8199 , 4900 , 8
8200 , 1000 , 15
8201 , 600 , 10
8202 , 700 , 12
8203 , 1000 , 17
8204 , 1000 , 12
8205 , 600 , 12
8206 , 700 , 12
8207 , 500 , 7
8208 , 400 , 7
8209 , 600 , 10
8210 , 800 , 5
8211 , 800 , 9
8212 , 500 , 11
8213 , 600 , 8
8214 , 900 , 15
8215 , 400 , 7
8216 , 500 , 12
8217 , 600 , 12
8218 , 700 , 10
8219 , 500 , 8
8220 , 800 , 14
8221 , 500 , 12
8222 , 400 , 12
8223 , 400 , 8
8224 , 500 , 6
8225 , 500 , 7
8226 , 900 , 13
8227 , 500 , 5
8228 , 500 , 7
8229 , 500 , 10
8230 , 800 , 14
8231 , 300 , 6
8232 , 400 , 12
8233 , 800 , 11
8234 , 500 , 9
8235 , 600 , 14
8236 , 700 , 14
8237 , 900 , 15
8238 , 900 , 15
8239 , 300 , 9
8240 , 600 , 16
8241 , 5000 , 7
8242 , 700 , 14
8243 , 400 , 6
8244 , 800 , 15
8245 , 500 , 10
8246 , 700 , 7
8247 , 600 , 12
8248 , 600 , 16
8249 , 800 , 17
8250 , 600 , 11
8251 , 700 , 13
8252 , 500 , 9
8253 , 500 , 19
8254 , 900 , 13
8255 , 800 , 14
8256 , 500 , 6
8257 , 900 , 15
8258 , 600 , 8
8259 , 700 , 16
8260 , 1000 , 12
8261 , 900 , 15
8262 , 700 , 9
8263 , 900 , 7
8264 , 600 , 14
8265 , 300 , 6
8266 , 1200 , 15
8267 , 600 , 11
8268 , 400 , 7
8269 , 600 , 12
8270 , 1100 , 16
8271 , 900 , 15
8272 , 700 , 14
8273 , 600 , 12
8274 , 400 , 15
8275 , 400 , 11
8276 , 500 , 15
8277 , 5700 , 14
8278 , 800 , 10
8279 , 1100 , 12
8280 , 800 , 10
8281 , 900 , 6
8282 , 500 , 9
8283 , 900 , 11
8284 , 500 , 9
8285 , 700 , 9
8286 , 600 , 11
8287 , 700 , 8
8288 , 800 , 13
8289 , 600 , 13
8290 , 600 , 9
8291 , 400 , 8
8292 , 400 , 6
8293 , 600 , 12
8294 , 700 , 10
8295 , 600 , 11
8296 , 500 , 13
8297 , 500 , 10
8298 , 900 , 16
8299 , 1100 , 10
8300 , 600 , 15
8301 , 800 , 17
8302 , 600 , 13
8303 , 600 , 16
8304 , 700 , 14
8305 , 400 , 9
8306 , 800 , 14
8307 , 400 , 7
8308 , 600 , 9
8309 , 3300 , 18
8310 , 500 , 6
8311 , 400 , 7
8312 , 600 , 13
8313 , 600 , 12
8314 , 1000 , 10
8315 , 700 , 14
8316 , 400 , 9
8317 , 500 , 11
8318 , 600 , 10
8319 , 600 , 9
8320 , 400 , 3
8321 , 400 , 3
8322 , 400 , 8
8323 , 500 , 10
8324 , 700 , 10
8325 , 400 , 8
8326 , 400 , 9
8327 , 800 , 12
8328 , 5900 , 16
8329 , 800 , 9
8330 , 500 , 14
8331 , 1100 , 12
8332 , 500 , 10
8333 , 500 , 16
8334 , 800 , 10
8335 , 500 , 10
8336 , 800 , 15
8337 , 800 , 9
8338 , 700 , 10
8339 , 500 , 15
8340 , 500 , 16
8341 , 400 , 8
8342 , 700 , 9
8343 , 600 , 11
8344 , 500 , 14
8345 , 500 , 11
8346 , 600 , 15
8347 , 400 , 8
8348 , 800 , 15
8349 , 900 , 11
8350 , 400 , 11
8351 , 500 , 7
8352 , 700 , 10
8353 , 600 , 10
8354 , 400 , 8
8355 , 500 , 12
8356 , 800 , 13
8357 , 700 , 11
8358 , 500 , 7
8359 , 600 , 13
8360 , 500 , 11
8361 , 400 , 6
8362 , 500 , 10
8363 , 600 , 11
8364 , 600 , 10
8365 , 400 , 8
8366 , 500 , 11
8367 , 600 , 9
8368 , 400 , 8
8369 , 600 , 11
8370 , 900 , 14
8371 , 4800 , 19
8372 , 900 , 13
8373 , 400 , 5
8374 , 600 , 8
8375 , 600 , 13
8376 , 700 , 13
8377 , 600 , 10
8378 , 700 , 12
8379 , 700 , 15
8380 , 400 , 8
8381 , 500 , 11
8382 , 700 , 8
8383 , 1000 , 18
8384 , 500 , 11
8385 , 500 , 10
8386 , 1100 , 16
8387 , 600 , 12
8388 , 900 , 12
8389 , 600 , 11
8390 , 400 , 12
8391 , 800 , 14
8392 , 900 , 11
8393 , 500 , 13
8394 , 800 , 13
8395 , 400 , 7
8396 , 500 , 12
8397 , 500 , 12
8398 , 500 , 9
8399 , 500 , 5
8400 , 500 , 14
8401 , 500 , 7
8402 , 500 , 9
8403 , 1100 , 18
8404 , 600 , 12
8405 , 600 , 5
8406 , 400 , 10
8407 , 400 , 10
8408 , 500 , 9
8409 , 700 , 11
8410 , 500 , 8
8411 , 500 , 10
8412 , 500 , 10
8413 , 700 , 14
8414 , 600 , 13
8415 , 500 , 13
8416 , 600 , 13
8417 , 500 , 10
8418 , 4200 , 10
8419 , 800 , 11
8420 , 400 , 10
8421 , 400 , 9
8422 , 500 , 5
8423 , 500 , 7
8424 , 800 , 14
8425 , 500 , 11
8426 , 700 , 16
8427 , 400 , 8
8428 , 400 , 9
8429 , 500 , 11
8430 , 500 , 9
8431 , 500 , 8
8432 , 800 , 14
8433 , 400 , 14
8434 , 400 , 7
8435 , 400 , 12
8436 , 500 , 10
8437 , 500 , 12
8438 , 500 , 15
8439 , 600 , 15
8440 , 1100 , 15
8441 , 1100 , 17
8442 , 500 , 15
8443 , 500 , 8
8444 , 1000 , 22
8445 , 400 , 12
8446 , 500 , 13
8447 , 900 , 13
8448 , 600 , 6
8449 , 600 , 13
8450 , 900 , 11
8451 , 700 , 13
8452 , 600 , 11
8453 , 700 , 13
8454 , 1400 , 18
8455 , 600 , 12
8456 , 1800 , 12
8457 , 600 , 7
8458 , 1100 , 10
8459 , 5800 , 11
8460 , 500 , 10
8461 , 700 , 11
8462 , 700 , 16
8463 , 600 , 7
8464 , 800 , 9
8465 , 600 , 15
8466 , 500 , 15
8467 , 500 , 12
8468 , 800 , 10
8469 , 500 , 8
8470 , 600 , 14
8471 , 800 , 12
8472 , 500 , 8
8473 , 600 , 13
8474 , 800 , 13
8475 , 800 , 13
8476 , 1100 , 17
8477 , 500 , 12
8478 , 500 , 13
8479 , 600 , 10
8480 , 500 , 12
8481 , 600 , 8
8482 , 500 , 9
8483 , 600 , 14
8484 , 700 , 11
8485 , 600 , 14
8486 , 1100 , 16
8487 , 400 , 11
8488 , 700 , 13
8489 , 500 , 13
8490 , 500 , 16
8491 , 700 , 13
8492 , 500 , 7
8493 , 500 , 11
8494 , 600 , 9
8495 , 500 , 10
8496 , 700 , 11
8497 , 600 , 8
8498 , 500 , 6
8499 , 800 , 11
8500 , 600 , 8
8501 , 800 , 12
8502 , 8300 , 17
8503 , 1100 , 14
8504 , 800 , 15
8505 , 600 , 14
8506 , 400 , 9
8507 , 600 , 9
8508 , 500 , 9
8509 , 500 , 14
8510 , 600 , 13
8511 , 800 , 7
8512 , 500 , 12
8513 , 600 , 14
8514 , 500 , 6
8515 , 700 , 15
8516 , 500 , 6
8517 , 400 , 15
8518 , 400 , 8
8519 , 600 , 8
8520 , 600 , 13
8521 , 900 , 10
8522 , 600 , 9
8523 , 800 , 13
8524 , 400 , 10
8525 , 500 , 8
8526 , 700 , 14
8527 , 600 , 11
8528 , 500 , 10
8529 , 400 , 4
8530 , 600 , 12
8531 , 700 , 15
8532 , 600 , 13
8533 , 900 , 19
8534 , 500 , 13
8535 , 600 , 12
8536 , 600 , 13
8537 , 1000 , 15
8538 , 500 , 12
8539 , 900 , 7
8540 , 500 , 10
8541 , 500 , 7
8542 , 400 , 11
8543 , 600 , 13
8544 , 4900 , 9
8545 , 1600 , 12
8546 , 800 , 10
8547 , 900 , 12
8548 , 1400 , 9
8549 , 1600 , 11
8550 , 1400 , 16
8551 , 1000 , 14
8552 , 500 , 10
8553 , 1000 , 9
8554 , 1000 , 11
8555 , 800 , 9
8556 , 600 , 7
8557 , 800 , 13
8558 , 500 , 11
8559 , 700 , 10
8560 , 600 , 11
8561 , 800 , 13
8562 , 1000 , 14
8563 , 400 , 9
8564 , 600 , 18
8565 , 400 , 10
8566 , 700 , 10
8567 , 600 , 10
8568 , 900 , 14
8569 , 500 , 12
8570 , 500 , 9
8571 , 500 , 11
8572 , 500 , 9
8573 , 500 , 5
8574 , 500 , 12
8575 , 500 , 14
8576 , 600 , 11
8577 , 900 , 12
8578 , 600 , 9
8579 , 500 , 8
8580 , 900 , 18
8581 , 600 , 14
8582 , 600 , 10
8583 , 400 , 8
8584 , 400 , 10
8585 , 800 , 15
8586 , 700 , 12
8587 , 400 , 12
8588 , 600 , 13
8589 , 800 , 13
8590 , 400 , 12
8591 , 4400 , 15
8592 , 800 , 8
8593 , 600 , 7
8594 , 600 , 13
8595 , 600 , 11
8596 , 1200 , 14
8597 , 400 , 9
8598 , 800 , 13
8599 , 400 , 8
8600 , 500 , 12
8601 , 600 , 13
8602 , 3600 , 14
8603 , 600 , 12
8604 , 500 , 12
8605 , 400 , 12
8606 , 900 , 11
8607 , 400 , 12
8608 , 700 , 12
8609 , 500 , 10
8610 , 1000 , 15
8611 , 400 , 10
8612 , 400 , 10
8613 , 500 , 11
8614 , 900 , 12
8615 , 600 , 4
8616 , 500 , 15
8617 , 500 , 8
8618 , 600 , 12
8619 , 600 , 9
8620 , 800 , 14
8621 , 600 , 14
8622 , 700 , 15
8623 , 600 , 9
8624 , 500 , 9
8625 , 500 , 11
8626 , 800 , 16
8627 , 700 , 9
8628 , 500 , 13
8629 , 600 , 9
8630 , 1300 , 18
8631 , 800 , 14
8632 , 600 , 10
8633 , 500 , 10
8634 , 500 , 10
8635 , 700 , 13
8636 , 600 , 10
8637 , 400 , 9
8638 , 900 , 15
8639 , 700 , 13
8640 , 1000 , 12
8641 , 600 , 12
8642 , 500 , 10
8643 , 500 , 13
8644 , 600 , 11
8645 , 400 , 13
8646 , 500 , 15
8647 , 500 , 11
8648 , 900 , 18
8649 , 600 , 10
8650 , 900 , 14
8651 , 600 , 12
8652 , 700 , 14
8653 , 500 , 8
8654 , 600 , 16
8655 , 500 , 12
8656 , 600 , 11
8657 , 600 , 12
8658 , 500 , 10
8659 , 400 , 12
8660 , 400 , 16
8661 , 500 , 3
8662 , 600 , 12
8663 , 900 , 8
8664 , 500 , 12
8665 , 500 , 8
8666 , 1000 , 7
8667 , 800 , 15
8668 , 600 , 9
8669 , 1800 , 12
8670 , 1300 , 15
8671 , 600 , 13
8672 , 500 , 13
8673 , 900 , 11
8674 , 600 , 4
8675 , 1200 , 17
8676 , 700 , 9
8677 , 900 , 12
8678 , 500 , 13
8679 , 700 , 7
8680 , 1400 , 13
8681 , 600 , 11
8682 , 700 , 4
8683 , 700 , 12
8684 , 700 , 10
8685 , 600 , 13
8686 , 600 , 9
8687 , 600 , 12
8688 , 600 , 9
8689 , 900 , 15
8690 , 600 , 8
8691 , 600 , 10
8692 , 500 , 11
8693 , 700 , 15
8694 , 700 , 7
8695 , 500 , 9
8696 , 600 , 12
8697 , 900 , 11
8698 , 500 , 6
8699 , 500 , 6
8700 , 1200 , 15
8701 , 400 , 4
8702 , 500 , 11
8703 , 500 , 8
8704 , 35000 , 9
8705 , 600 , 11
8706 , 1600 , 14
8707 , 700 , 13
8708 , 600 , 10
8709 , 600 , 10
8710 , 1000 , 15
8711 , 500 , 6
8712 , 1000 , 16
8713 , 600 , 11
8714 , 1300 , 19
8715 , 1000 , 12
8716 , 700 , 10
8717 , 500 , 11
8718 , 500 , 15
8719 , 500 , 15
8720 , 600 , 13
8721 , 700 , 9
8722 , 1200 , 17
8723 , 800 , 11
8724 , 700 , 15
8725 , 500 , 13
8726 , 500 , 9
8727 , 600 , 10
8728 , 700 , 13
8729 , 600 , 6
8730 , 900 , 13
8731 , 500 , 10
8732 , 500 , 11
8733 , 500 , 8
8734 , 700 , 10
8735 , 700 , 16
8736 , 1100 , 18
8737 , 800 , 14
8738 , 1200 , 16
8739 , 500 , 10
8740 , 1000 , 12
8741 , 600 , 10
8742 , 500 , 10
8743 , 800 , 9
8744 , 500 , 15
8745 , 900 , 12
8746 , 700 , 15
8747 , 500 , 6
8748 , 3100 , 3
8749 , 700 , 18
8750 , 400 , 10
8751 , 600 , 10
8752 , 700 , 12
8753 , 400 , 15
8754 , 500 , 7
8755 , 400 , 6
8756 , 1000 , 13
8757 , 900 , 16
8758 , 2800 , 14
8759 , 500 , 13
8760 , 800 , 16
8761 , 1100 , 12
8762 , 500 , 5
8763 , 400 , 8
8764 , 700 , 8
8765 , 1000 , 11
8766 , 700 , 17
8767 , 700 , 3
8768 , 400 , 6
8769 , 500 , 13
8770 , 600 , 13
8771 , 500 , 13
8772 , 400 , 14
8773 , 5200 , 13
8774 , 500 , 11
8775 , 800 , 11
8776 , 700 , 8
8777 , 700 , 8
8778 , 600 , 11
8779 , 800 , 14
8780 , 500 , 13
8781 , 1000 , 15
8782 , 1000 , 15
8783 , 1000 , 11
8784 , 600 , 9
8785 , 600 , 14
8786 , 600 , 9
8787 , 500 , 12
8788 , 600 , 11
8789 , 800 , 15
8790 , 500 , 13
8791 , 400 , 12
8792 , 1000 , 17
8793 , 1200 , 19
8794 , 900 , 9
8795 , 600 , 12
8796 , 600 , 13
8797 , 600 , 13
8798 , 600 , 10
8799 , 800 , 11
8800 , 400 , 11
8801 , 800 , 8
8802 , 700 , 10
8803 , 700 , 11
8804 , 600 , 9
8805 , 600 , 15
8806 , 600 , 7
8807 , 600 , 14
8808 , 800 , 10
8809 , 600 , 9
8810 , 900 , 12
8811 , 1000 , 14
8812 , 600 , 16
8813 , 1100 , 17
8814 , 600 , 13
8815 , 5800 , 17
8816 , 600 , 4
8817 , 500 , 11
8818 , 800 , 14
8819 , 900 , 19
8820 , 400 , 8
8821 , 600 , 10
8822 , 600 , 9
8823 , 800 , 12
8824 , 700 , 11
8825 , 600 , 11
8826 , 600 , 10
8827 , 700 , 10
8828 , 600 , 18
8829 , 400 , 11
8830 , 800 , 10
8831 , 700 , 12
8832 , 600 , 7
8833 , 500 , 14
8834 , 600 , 9
8835 , 500 , 7
8836 , 600 , 9
8837 , 600 , 13
8838 , 500 , 4
8839 , 600 , 13
8840 , 700 , 12
8841 , 600 , 10
8842 , 600 , 19
8843 , 800 , 7
8844 , 500 , 11
8845 , 600 , 8
8846 , 400 , 5
8847 , 500 , 9
8848 , 400 , 11
8849 , 500 , 9
8850 , 500 , 9
8851 , 600 , 12
8852 , 400 , 11
8853 , 500 , 12
8854 , 600 , 9
8855 , 1400 , 20
8856 , 600 , 11
8857 , 600 , 10
8858 , 500 , 7
8859 , 500 , 13
8860 , 800 , 12
8861 , 700 , 11
8862 , 500 , 7
8863 , 600 , 17
8864 , 3600 , 8
8865 , 500 , 9
8866 , 500 , 11
8867 , 400 , 5
8868 , 400 , 17
8869 , 500 , 15
8870 , 600 , 7
8871 , 700 , 15
8872 , 1000 , 10
8873 , 500 , 8
8874 , 600 , 13
8875 , 600 , 10
8876 , 1000 , 17
8877 , 500 , 11
8878 , 800 , 13
8879 , 600 , 7
8880 , 600 , 11
8881 , 1000 , 15
8882 , 500 , 8
8883 , 600 , 14
8884 , 800 , 12
8885 , 500 , 10
8886 , 500 , 11
8887 , 600 , 8
8888 , 1000 , 13
8889 , 400 , 9
8890 , 600 , 9
8891 , 700 , 10
8892 , 900 , 14
8893 , 500 , 12
8894 , 700 , 11
8895 , 3200 , 13
8896 , 700 , 10
8897 , 600 , 13
8898 , 600 , 13
8899 , 900 , 12
8900 , 400 , 10
8901 , 500 , 8
8902 , 400 , 12
8903 , 600 , 21
8904 , 3400 , 9
8905 , 1400 , 13
8906 , 400 , 2
8907 , 32700 , 20
8908 , 1200 , 12
8909 , 600 , 8
8910 , 700 , 11
8911 , 600 , 10
8912 , 500 , 7
8913 , 800 , 9
8914 , 500 , 9
8915 , 600 , 15
8916 , 1000 , 19
8917 , 700 , 10
8918 , 600 , 8
8919 , 500 , 8
8920 , 800 , 16
8921 , 600 , 9
8922 , 500 , 11
8923 , 500 , 5
8924 , 500 , 17
8925 , 1000 , 18
8926 , 600 , 15
8927 , 500 , 10
8928 , 500 , 10
8929 , 800 , 9
8930 , 500 , 11
8931 , 500 , 11
8932 , 700 , 13
8933 , 500 , 10
8934 , 400 , 14
8935 , 700 , 13
8936 , 700 , 12
8937 , 400 , 7
8938 , 500 , 10
8939 , 900 , 10
8940 , 600 , 9
8941 , 1000 , 13
8942 , 700 , 12
8943 , 400 , 10
8944 , 500 , 8
8945 , 700 , 17
8946 , 800 , 17
8947 , 700 , 12
8948 , 600 , 7
8949 , 700 , 10
8950 , 500 , 9
8951 , 800 , 9
8952 , 5000 , 13
8953 , 700 , 8
8954 , 500 , 9
8955 , 300 , 6
8956 , 700 , 10
8957 , 600 , 12
8958 , 800 , 10
8959 , 400 , 5
8960 , 500 , 9
8961 , 700 , 12
8962 , 800 , 13
8963 , 800 , 19
8964 , 800 , 8
8965 , 500 , 16
8966 , 600 , 17
8967 , 600 , 15
8968 , 400 , 11
8969 , 700 , 14
8970 , 600 , 15
8971 , 500 , 12
8972 , 400 , 7
8973 , 700 , 11
8974 , 500 , 14
8975 , 400 , 10
8976 , 400 , 5
8977 , 700 , 10
8978 , 1000 , 15
8979 , 400 , 8
8980 , 500 , 13
8981 , 500 , 7
8982 , 600 , 10
8983 , 600 , 10
8984 , 700 , 9
8985 , 600 , 9
8986 , 800 , 10
8987 , 600 , 13
8988 , 700 , 11
8989 , 500 , 8
8990 , 600 , 9
8991 , 500 , 11
8992 , 900 , 18
8993 , 800 , 7
8994 , 700 , 11
8995 , 500 , 13
8996 , 700 , 10
8997 , 700 , 5
8998 , 700 , 8
8999 , 700 , 10
9000 , 500 , 7
9001 , 800 , 7
9002 , 600 , 12
9003 , 800 , 11
9004 , 400 , 9
9005 , 500 , 8
9006 , 500 , 11
9007 , 700 , 15
9008 , 500 , 13
9009 , 500 , 11
9010 , 600 , 8
9011 , 700 , 10
9012 , 900 , 12
9013 , 900 , 19
9014 , 700 , 11
9015 , 600 , 16
9016 , 500 , 10
9017 , 700 , 11
9018 , 1000 , 19
9019 , 500 , 10
9020 , 600 , 8
9021 , 500 , 13
9022 , 500 , 7
9023 , 700 , 12
9024 , 600 , 8
9025 , 800 , 9
9026 , 500 , 6
9027 , 500 , 6
9028 , 700 , 15
9029 , 500 , 9
9030 , 400 , 8
9031 , 800 , 11
9032 , 500 , 12
9033 , 900 , 20
9034 , 500 , 11
9035 , 800 , 16
9036 , 400 , 7
9037 , 800 , 16
9038 , 700 , 9
9039 , 400 , 10
9040 , 700 , 8
9041 , 3000 , 17
9042 , 600 , 11
9043 , 700 , 8
9044 , 800 , 11
9045 , 600 , 9
9046 , 700 , 12
9047 , 400 , 8
9048 , 600 , 14
9049 , 400 , 8
9050 , 500 , 10
9051 , 700 , 13
9052 , 500 , 7
9053 , 600 , 10
9054 , 600 , 14
9055 , 700 , 13
9056 , 600 , 12
9057 , 600 , 9
9058 , 600 , 5
9059 , 700 , 6
9060 , 500 , 10
9061 , 400 , 12
9062 , 900 , 16
9063 , 500 , 10
9064 , 400 , 9
9065 , 500 , 9
9066 , 500 , 16
9067 , 500 , 10
9068 , 600 , 8
9069 , 500 , 7
9070 , 600 , 9
9071 , 600 , 8
9072 , 400 , 12
9073 , 500 , 9
9074 , 600 , 11
9075 , 600 , 10
9076 , 800 , 11
9077 , 400 , 13
9078 , 500 , 6
9079 , 500 , 13
9080 , 600 , 9
9081 , 700 , 10
9082 , 700 , 9
9083 , 800 , 17
9084 , 500 , 13
9085 , 500 , 8
9086 , 800 , 13
9087 , 600 , 10
9088 , 600 , 10
9089 , 400 , 5
9090 , 600 , 9
9091 , 3500 , 10
9092 , 600 , 12
9093 , 500 , 10
9094 , 1000 , 18
9095 , 600 , 10
9096 , 500 , 7
9097 , 600 , 15
9098 , 600 , 11
9099 , 900 , 16
9100 , 500 , 16
9101 , 400 , 12
9102 , 600 , 11
9103 , 700 , 12
9104 , 400 , 12
9105 , 400 , 10
9106 , 900 , 13
9107 , 900 , 12
9108 , 400 , 11
9109 , 900 , 16
9110 , 300 , 5
9111 , 600 , 15
9112 , 600 , 9
9113 , 700 , 11
9114 , 600 , 10
9115 , 600 , 9
9116 , 600 , 13
9117 , 600 , 9
9118 , 600 , 9
9119 , 500 , 11
9120 , 500 , 6
9121 , 700 , 17
9122 , 500 , 9
9123 , 500 , 8
9124 , 600 , 9
9125 , 500 , 11
9126 , 400 , 12
9127 , 500 , 1
9128 , 600 , 12
9129 , 400 , 8
9130 , 500 , 7
9131 , 700 , 10
9132 , 400 , 9
9133 , 1200 , 17
9134 , 3500 , 12
9135 , 400 , 8
9136 , 600 , 10
9137 , 500 , 8
9138 , 500 , 10
9139 , 600 , 15
9140 , 500 , 7
9141 , 1000 , 13
9142 , 600 , 9
9143 , 500 , 13
9144 , 800 , 14
9145 , 500 , 8
9146 , 1100 , 14
9147 , 300 , 7
9148 , 400 , 13
9149 , 500 , 13
9150 , 400 , 17
9151 , 500 , 12
9152 , 500 , 10
9153 , 900 , 15
9154 , 1100 , 17
9155 , 500 , 15
9156 , 600 , 14
9157 , 600 , 6
9158 , 600 , 15
9159 , 600 , 8
9160 , 800 , 12
9161 , 500 , 8
9162 , 400 , 13
9163 , 500 , 11
9164 , 900 , 14
9165 , 700 , 12
9166 , 700 , 10
9167 , 300 , 5
9168 , 1000 , 16
9169 , 600 , 10
9170 , 500 , 5
9171 , 400 , 12
9172 , 400 , 10
9173 , 500 , 11
9174 , 600 , 11
9175 , 700 , 13
9176 , 500 , 7
9177 , 600 , 12
9178 , 600 , 10
9179 , 500 , 11
9180 , 500 , 10
9181 , 600 , 16
9182 , 4800 , 12
9183 , 600 , 10
9184 , 700 , 17
9185 , 1200 , 16
9186 , 500 , 10
9187 , 2700 , 5
9188 , 500 , 12
9189 , 700 , 9
9190 , 800 , 8
9191 , 500 , 11
9192 , 500 , 8
9193 , 600 , 10
9194 , 600 , 12
9195 , 900 , 12
9196 , 1000 , 13
9197 , 600 , 13
9198 , 300 , 5
9199 , 500 , 13
9200 , 800 , 13
9201 , 900 , 12
9202 , 400 , 9
9203 , 500 , 10
9204 , 600 , 8
9205 , 600 , 12
9206 , 500 , 10
9207 , 900 , 10
9208 , 700 , 10
9209 , 600 , 7
9210 , 700 , 10
9211 , 800 , 13
9212 , 500 , 8
9213 , 500 , 9
9214 , 500 , 11
9215 , 500 , 6
9216 , 600 , 12
9217 , 500 , 7
9218 , 1000 , 15
9219 , 500 , 6
9220 , 600 , 10
9221 , 600 , 12
9222 , 700 , 13
9223 , 500 , 7
9224 , 600 , 14
9225 , 500 , 9
9226 , 500 , 13
9227 , 3600 , 12
9228 , 600 , 10
9229 , 700 , 14
9230 , 400 , 15
9231 , 700 , 17
9232 , 500 , 9
9233 , 900 , 9
9234 , 500 , 8
9235 , 500 , 7
9236 , 400 , 6
9237 , 500 , 10
9238 , 600 , 14
9239 , 800 , 9
9240 , 600 , 15
9241 , 1000 , 17
9242 , 400 , 6
9243 , 500 , 13
9244 , 600 , 14
9245 , 500 , 9
9246 , 500 , 8
9247 , 800 , 12
9248 , 600 , 11
9249 , 500 , 8
9250 , 400 , 8
9251 , 500 , 11
9252 , 600 , 8
9253 , 500 , 9
9254 , 600 , 14
9255 , 800 , 17
9256 , 500 , 8
9257 , 500 , 11
9258 , 500 , 13
9259 , 700 , 9
9260 , 700 , 16
9261 , 600 , 10
9262 , 800 , 15
9263 , 500 , 10
9264 , 600 , 17
9265 , 500 , 10
9266 , 500 , 8
9267 , 600 , 10
9268 , 600 , 13
9269 , 900 , 14
9270 , 600 , 16
9271 , 800 , 9
9272 , 600 , 14
9273 , 700 , 11
9274 , 500 , 10
9275 , 1000 , 14
9276 , 700 , 18
9277 , 600 , 12
9278 , 500 , 14
9279 , 800 , 12
9280 , 500 , 8
9281 , 1000 , 13
9282 , 700 , 13
9283 , 400 , 10
9284 , 600 , 15
9285 , 500 , 10
9286 , 500 , 11
9287 , 500 , 12
9288 , 600 , 10
9289 , 500 , 13
9290 , 600 , 7
9291 , 800 , 14
9292 , 500 , 10
9293 , 400 , 9
9294 , 400 , 11
9295 , 500 , 11
9296 , 500 , 10
9297 , 600 , 11
9298 , 1000 , 12
9299 , 400 , 9
9300 , 700 , 10
9301 , 500 , 11
9302 , 400 , 9
9303 , 600 , 9
9304 , 600 , 10
9305 , 400 , 9
9306 , 400 , 11
9307 , 800 , 11
9308 , 500 , 10
9309 , 400 , 6
9310 , 1000 , 17
9311 , 500 , 7
9312 , 600 , 12
9313 , 500 , 9
9314 , 900 , 14
9315 , 600 , 7
9316 , 800 , 13
9317 , 1000 , 15
9318 , 600 , 17
9319 , 500 , 8
9320 , 800 , 16
9321 , 500 , 9
9322 , 600 , 11
9323 , 400 , 6
9324 , 400 , 8
9325 , 800 , 10
9326 , 600 , 8
9327 , 500 , 16
9328 , 400 , 8
9329 , 900 , 11
9330 , 600 , 13
9331 , 600 , 7
9332 , 800 , 14
9333 , 2900 , 11
9334 , 700 , 9
9335 , 400 , 7
9336 , 700 , 11
9337 , 600 , 12
9338 , 500 , 10
9339 , 1000 , 16
9340 , 800 , 10
9341 , 400 , 9
9342 , 900 , 14
9343 , 600 , 18
9344 , 600 , 8
9345 , 400 , 8
9346 , 600 , 13
9347 , 600 , 10
9348 , 600 , 13
9349 , 800 , 8
9350 , 600 , 10
9351 , 500 , 12
9352 , 500 , 10
9353 , 1000 , 15
9354 , 800 , 16
9355 , 500 , 11
9356 , 500 , 10
9357 , 500 , 7
9358 , 500 , 8
9359 , 500 , 11
9360 , 500 , 5
9361 , 900 , 8
9362 , 700 , 14
9363 , 800 , 12
9364 , 600 , 17
9365 , 400 , 7
9366 , 600 , 13
9367 , 800 , 11
9368 , 500 , 6
9369 , 400 , 7
9370 , 1000 , 17
9371 , 1700 , 7
9372 , 1000 , 12
9373 , 800 , 9
9374 , 2000 , 7
9375 , 1100 , 9
9376 , 1300 , 14
9377 , 600 , 7
9378 , 1500 , 12
9379 , 600 , 7
9380 , 700 , 17
9381 , 500 , 4
9382 , 700 , 5
9383 , 7600 , 9
9384 , 700 , 11
9385 , 800 , 6
9386 , 600 , 14
9387 , 900 , 8
9388 , 800 , 10
9389 , 800 , 14
9390 , 1200 , 20
9391 , 800 , 6
9392 , 6600 , 8
9393 , 1500 , 10
9394 , 700 , 8
9395 , 700 , 11
9396 , 800 , 15
9397 , 600 , 14
9398 , 600 , 7
9399 , 700 , 10
9400 , 700 , 12
9401 , 900 , 13
9402 , 500 , 6
9403 , 1000 , 16
9404 , 600 , 8
9405 , 600 , 11
9406 , 900 , 12
9407 , 900 , 10
9408 , 600 , 9
9409 , 500 , 9
9410 , 700 , 10
9411 , 800 , 8
9412 , 600 , 11
9413 , 600 , 16
9414 , 1200 , 17
9415 , 800 , 11
9416 , 700 , 9
9417 , 1300 , 17
9418 , 500 , 13
9419 , 700 , 9
9420 , 600 , 10
9421 , 700 , 14
9422 , 700 , 14
9423 , 700 , 8
9424 , 700 , 12
9425 , 700 , 13
9426 , 500 , 9
9427 , 1200 , 13
9428 , 1000 , 13
9429 , 500 , 10
9430 , 700 , 10
9431 , 800 , 7
9432 , 500 , 4
9433 , 700 , 19
9434 , 700 , 13
9435 , 600 , 11
9436 , 700 , 14
9437 , 1000 , 11
9438 , 600 , 18
9439 , 800 , 11
9440 , 600 , 11
9441 , 1000 , 12
9442 , 1000 , 11
9443 , 900 , 11
9444 , 700 , 10
9445 , 700 , 9
9446 , 600 , 9
9447 , 700 , 9
9448 , 700 , 9
9449 , 700 , 15
9450 , 900 , 13
9451 , 700 , 7
9452 , 700 , 15
9453 , 500 , 9
9454 , 600 , 7
9455 , 700 , 18
9456 , 600 , 16
9457 , 800 , 6
9458 , 600 , 10
9459 , 800 , 8
9460 , 500 , 13
9461 , 600 , 8
9462 , 700 , 9
9463 , 1100 , 15
9464 , 700 , 11
9465 , 1000 , 13
9466 , 700 , 13
9467 , 600 , 12
9468 , 600 , 13
9469 , 900 , 13
9470 , 500 , 6
9471 , 700 , 14
9472 , 700 , 9
9473 , 500 , 7
9474 , 900 , 13
9475 , 600 , 8
9476 , 500 , 12
9477 , 700 , 14
9478 , 900 , 13
9479 , 800 , 12
9480 , 1900 , 7
9481 , 600 , 13
9482 , 600 , 11
9483 , 700 , 13
9484 , 600 , 11
9485 , 1200 , 20
9486 , 900 , 15
9487 , 500 , 10
9488 , 800 , 12
9489 , 700 , 13
9490 , 600 , 12
9491 , 1000 , 14
9492 , 600 , 7
9493 , 700 , 13
9494 , 500 , 12
9495 , 600 , 11
9496 , 700 , 12
9497 , 600 , 10
9498 , 600 , 13
9499 , 1100 , 16
9500 , 700 , 14
9501 , 900 , 11
9502 , 600 , 9
9503 , 500 , 7
9504 , 900 , 14
9505 , 700 , 12
9506 , 800 , 13
9507 , 500 , 13
9508 , 1100 , 11
9509 , 700 , 10
9510 , 600 , 14
9511 , 600 , 7
9512 , 800 , 7
9513 , 1000 , 14
9514 , 500 , 10
9515 , 1200 , 15
9516 , 600 , 11
9517 , 700 , 7
9518 , 600 , 16
9519 , 900 , 14
9520 , 1100 , 12
9521 , 12800 , 12
9522 , 900 , 17
9523 , 700 , 13
9524 , 900 , 15
9525 , 800 , 8
9526 , 1500 , 12
9527 , 800 , 9
9528 , 1000 , 15
9529 , 800 , 16
9530 , 600 , 10
9531 , 800 , 10
9532 , 5100 , 10
9533 , 500 , 8
9534 , 1200 , 15
9535 , 800 , 15
9536 , 600 , 10
9537 , 600 , 9
9538 , 600 , 5
9539 , 600 , 7
9540 , 1200 , 16
9541 , 500 , 7
9542 , 1200 , 12
9543 , 800 , 10
9544 , 600 , 8
9545 , 600 , 8
9546 , 800 , 12
9547 , 700 , 12
9548 , 500 , 5
9549 , 600 , 12
9550 , 700 , 11
9551 , 700 , 13
9552 , 1100 , 12
9553 , 600 , 13
9554 , 600 , 15
9555 , 500 , 8
9556 , 800 , 9
9557 , 700 , 8
9558 , 800 , 13
9559 , 600 , 14
9560 , 600 , 8
9561 , 600 , 10
9562 , 700 , 8
9563 , 500 , 14
9564 , 700 , 10
9565 , 600 , 17
9566 , 700 , 10
9567 , 700 , 8
9568 , 400 , 5
9569 , 600 , 14
9570 , 700 , 12
9571 , 400 , 5
9572 , 1100 , 10
9573 , 600 , 14
9574 , 500 , 6
9575 , 600 , 15
9576 , 500 , 10
9577 , 1200 , 12
9578 , 1000 , 16
9579 , 900 , 16
9580 , 500 , 7
9581 , 700 , 10
9582 , 800 , 13
9583 , 4100 , 13
9584 , 700 , 7
9585 , 600 , 10
9586 , 700 , 15
9587 , 1300 , 14
9588 , 700 , 10
9589 , 700 , 14
9590 , 800 , 13
9591 , 600 , 9
9592 , 800 , 9
9593 , 800 , 19
9594 , 700 , 19
9595 , 700 , 14
9596 , 500 , 13
9597 , 500 , 11
9598 , 700 , 12
9599 , 800 , 11
9600 , 400 , 13
9601 , 600 , 13
9602 , 700 , 15
9603 , 1100 , 15
9604 , 500 , 10
9605 , 500 , 13
9606 , 600 , 12
9607 , 500 , 10
9608 , 600 , 14
9609 , 600 , 6
9610 , 600 , 16
9611 , 700 , 12
9612 , 600 , 5
9613 , 15100 , 14
9614 , 1000 , 12
9615 , 600 , 11
9616 , 600 , 10
9617 , 600 , 8
9618 , 600 , 4
9619 , 800 , 8
9620 , 600 , 22
9621 , 700 , 10
9622 , 1300 , 16
9623 , 900 , 9
9624 , 600 , 8
9625 , 900 , 14
9626 , 4600 , 15
9627 , 800 , 15
9628 , 4500 , 10
9629 , 700 , 11
9630 , 500 , 8
9631 , 700 , 16
9632 , 1500 , 15
9633 , 3700 , 13
9634 , 600 , 14
9635 , 600 , 10
9636 , 600 , 10
9637 , 900 , 14
9638 , 700 , 11
9639 , 700 , 6
9640 , 700 , 9
9641 , 500 , 18
9642 , 700 , 11
9643 , 400 , 6
9644 , 600 , 12
9645 , 1000 , 13
9646 , 700 , 12
9647 , 700 , 7
9648 , 600 , 9
9649 , 800 , 17
9650 , 900 , 12
9651 , 900 , 9
9652 , 700 , 7
9653 , 900 , 21
9654 , 600 , 5
9655 , 700 , 11
9656 , 600 , 12
9657 , 600 , 10
9658 , 500 , 9
9659 , 500 , 12
9660 , 500 , 7
9661 , 500 , 5
9662 , 900 , 12
9663 , 500 , 8
9664 , 1000 , 19
9665 , 1200 , 17
9666 , 700 , 5
9667 , 400 , 9
9668 , 900 , 18
9669 , 4600 , 10
9670 , 900 , 14
9671 , 500 , 17
9672 , 700 , 15
9673 , 600 , 11
9674 , 500 , 12
9675 , 1000 , 18
9676 , 1300 , 13
9677 , 600 , 9
9678 , 1200 , 15
9679 , 700 , 11
9680 , 700 , 18
9681 , 700 , 10
9682 , 4200 , 15
9683 , 1000 , 15
9684 , 400 , 11
9685 , 600 , 11
9686 , 700 , 14
9687 , 500 , 11
9688 , 500 , 9
9689 , 500 , 13
9690 , 500 , 6
9691 , 500 , 14
9692 , 500 , 11
9693 , 1000 , 17
9694 , 700 , 12
9695 , 500 , 12
9696 , 400 , 14
9697 , 700 , 11
9698 , 600 , 12
9699 , 500 , 13
9700 , 500 , 11
9701 , 1100 , 11
9702 , 600 , 8
9703 , 500 , 12
9704 , 500 , 10
9705 , 700 , 13
9706 , 500 , 20
9707 , 700 , 10
9708 , 600 , 11
9709 , 600 , 12
9710 , 500 , 4
9711 , 500 , 12
9712 , 500 , 7
9713 , 700 , 17
9714 , 600 , 11
9715 , 800 , 10
9716 , 600 , 9
9717 , 800 , 12
9718 , 1200 , 13
9719 , 500 , 8
9720 , 700 , 16
9721 , 600 , 10
9722 , 1000 , 17
9723 , 500 , 12
9724 , 500 , 8
9725 , 600 , 11
9726 , 600 , 6
9727 , 600 , 11
9728 , 1600 , 11
9729 , 600 , 7
9730 , 400 , 9
9731 , 700 , 13
9732 , 1100 , 17
9733 , 500 , 11
9734 , 400 , 14
9735 , 1000 , 19
9736 , 600 , 12
9737 , 1000 , 18
9738 , 400 , 6
9739 , 500 , 12
9740 , 800 , 19
9741 , 700 , 18
9742 , 700 , 12
9743 , 600 , 9
9744 , 700 , 12
9745 , 800 , 15
9746 , 1000 , 22
9747 , 800 , 14
9748 , 1000 , 15
9749 , 400 , 9
9750 , 600 , 13
9751 , 400 , 15
9752 , 500 , 11
9753 , 800 , 15
9754 , 500 , 17
9755 , 600 , 8
9756 , 600 , 9
9757 , 800 , 7
9758 , 500 , 9
9759 , 1500 , 18
9760 , 500 , 12
9761 , 600 , 11
9762 , 600 , 11
9763 , 800 , 14
9764 , 400 , 9
9765 , 700 , 10
9766 , 500 , 9
9767 , 600 , 9
9768 , 700 , 8
9769 , 500 , 11
9770 , 800 , 12
9771 , 600 , 9
9772 , 3400 , 11
9773 , 600 , 11
9774 , 700 , 13
9775 , 800 , 13
9776 , 500 , 18
9777 , 500 , 5
9778 , 500 , 9
9779 , 600 , 14
9780 , 600 , 12
9781 , 700 , 8
9782 , 300 , 10
9783 , 500 , 13
9784 , 500 , 8
9785 , 800 , 9
9786 , 500 , 13
9787 , 600 , 13
9788 , 600 , 13
9789 , 300 , 11
9790 , 1200 , 13
9791 , 800 , 14
9792 , 500 , 10
9793 , 600 , 13
9794 , 500 , 11
9795 , 500 , 11
9796 , 900 , 13
9797 , 700 , 11
9798 , 600 , 17
9799 , 500 , 13
9800 , 4300 , 12
9801 , 700 , 19
9802 , 600 , 10
9803 , 600 , 8
9804 , 800 , 10
9805 , 600 , 9
9806 , 500 , 7
9807 , 800 , 11
9808 , 1000 , 17
9809 , 600 , 6
9810 , 800 , 13
9811 , 800 , 8
9812 , 1200 , 18
9813 , 600 , 9
9814 , 1000 , 15
9815 , 300 , 4
9816 , 500 , 6
9817 , 500 , 8
9818 , 500 , 3
9819 , 1000 , 12
9820 , 700 , 15
9821 , 1000 , 17
9822 , 500 , 12
9823 , 400 , 12
9824 , 500 , 14
9825 , 600 , 12
9826 , 1100 , 15
9827 , 600 , 12
9828 , 500 , 13
9829 , 600 , 11
9830 , 600 , 9
9831 , 600 , 10
9832 , 400 , 8
9833 , 400 , 9
9834 , 400 , 6
9835 , 600 , 14
9836 , 900 , 11
9837 , 900 , 10
9838 , 500 , 12
9839 , 600 , 12
9840 , 900 , 15
9841 , 500 , 9
9842 , 500 , 9
9843 , 800 , 18
9844 , 500 , 15
9845 , 400 , 10
9846 , 4400 , 8
9847 , 500 , 9
9848 , 600 , 6
9849 , 500 , 10
9850 , 800 , 13
9851 , 700 , 12
9852 , 600 , 11
9853 , 600 , 10
9854 , 700 , 11
9855 , 700 , 11
9856 , 500 , 12
9857 , 600 , 9
9858 , 500 , 7
9859 , 400 , 10
9860 , 500 , 10
9861 , 500 , 10
9862 , 700 , 14
9863 , 600 , 10
9864 , 500 , 9
9865 , 600 , 10
9866 , 500 , 16
9867 , 800 , 14
9868 , 600 , 10
9869 , 600 , 10
9870 , 500 , 8
9871 , 400 , 8
9872 , 600 , 13
9873 , 600 , 13
9874 , 900 , 12
9875 , 500 , 8
9876 , 500 , 13
9877 , 400 , 6
9878 , 500 , 10
9879 , 500 , 10
9880 , 500 , 15
9881 , 600 , 16
9882 , 600 , 9
9883 , 600 , 6
9884 , 500 , 14
9885 , 400 , 13
9886 , 500 , 10
9887 , 500 , 10
9888 , 500 , 15
9889 , 500 , 13
9890 , 600 , 11
9891 , 700 , 13
9892 , 500 , 10
9893 , 500 , 6
9894 , 500 , 11
9895 , 1000 , 12
9896 , 600 , 15
9897 , 700 , 8
9898 , 500 , 14
9899 , 700 , 15
9900 , 600 , 13
9901 , 1300 , 14
9902 , 400 , 9
9903 , 600 , 8
9904 , 5100 , 14
9905 , 600 , 12
9906 , 600 , 10
9907 , 600 , 16
9908 , 500 , 10
9909 , 900 , 15
9910 , 800 , 15
9911 , 1000 , 13
9912 , 500 , 8
9913 , 700 , 16
9914 , 1200 , 14
9915 , 1100 , 21
9916 , 500 , 9
9917 , 600 , 13
9918 , 500 , 5
9919 , 3500 , 13
9920 , 600 , 8
9921 , 500 , 8
9922 , 1100 , 23
9923 , 700 , 13
9924 , 800 , 9
9925 , 800 , 10
9926 , 600 , 11
9927 , 500 , 7
9928 , 600 , 8
9929 , 600 , 10
9930 , 600 , 12
9931 , 600 , 15
9932 , 400 , 13
9933 , 700 , 17
9934 , 600 , 8
9935 , 400 , 12
9936 , 500 , 9
9937 , 600 , 7
9938 , 700 , 17
9939 , 400 , 14
9940 , 400 , 11
9941 , 400 , 11
9942 , 900 , 9
9943 , 500 , 14
9944 , 500 , 9
9945 , 400 , 7
9946 , 4400 , 10
9947 , 500 , 8
9948 , 800 , 7
9949 , 700 , 8
9950 , 600 , 15
9951 , 400 , 15
9952 , 800 , 11
9953 , 700 , 12
9954 , 700 , 14
9955 , 900 , 12
9956 , 600 , 10
9957 , 900 , 14
9958 , 500 , 9
9959 , 500 , 9
9960 , 500 , 11
9961 , 700 , 11
9962 , 600 , 14
9963 , 1000 , 13
9964 , 500 , 11
9965 , 1000 , 13
9966 , 600 , 15
9967 , 700 , 8
9968 , 600 , 14
9969 , 500 , 15
9970 , 500 , 10
9971 , 600 , 9
9972 , 500 , 9
9973 , 400 , 7
9974 , 900 , 17
9975 , 700 , 12
9976 , 600 , 9
9977 , 800 , 15
9978 , 600 , 16
9979 , 1000 , 14
9980 , 500 , 7
9981 , 600 , 10
9982 , 1100 , 16
9983 , 700 , 14
9984 , 600 , 5
9985 , 900 , 14
9986 , 400 , 6
9987 , 4700 , 14
9988 , 600 , 2
9989 , 500 , 18
9990 , 500 , 12
9991 , 600 , 10
9992 , 800 , 8
9993 , 700 , 9
9994 , 1300 , 15
9995 , 500 , 14
9996 , 600 , 8
9997 , 500 , 7
9998 , 500 , 5
9999 , 800 , 15
10000 , 900 , 14
