step,key,operations,nanos
1,431130,1,11321000
2,392763,2,15300
3,211248,3,2600
4,948884,1,1800
5,969970,1,2500
6,87525,5,20200
7,21505,5,3400
8,796918,3,2600
9,255519,3,2600
10,118093,4,7000
11,977182,1,2200
12,67502,5,3400
13,955276,3,5600
14,572292,5,7300
15,164476,4,3000
16,678032,4,2800
17,688456,4,2900
18,576170,5,7100
19,268743,5,2900
20,572209,6,3300
21,241400,7,5200
22,327863,5,3900
23,357226,7,10300
24,462913,12,11800
25,411243,2,3500
26,515241,6,8300
27,146030,7,7700
28,307458,6,3600
29,917387,3,2900
30,298246,6,10900
31,356730,3,2900
32,510756,6,3400
33,472430,7,3400
34,291085,7,3500
35,748217,5,3400
36,177727,5,2900
37,835212,4,3200
38,708093,6,8500
39,490713,7,9900
40,781164,9,8700
41,362379,5,3600
42,168065,7,3800
43,299823,6,8300
44,412737,8,9100
45,593975,3,3700
46,700534,7,3900
47,2807,8,4000
48,16935,8,11900
49,470157,6,3500
50,748443,7,8500
51,627193,3,6900
52,524440,4,3300
53,205558,7,12700
54,764756,5,3800
55,977160,2,3100
56,564410,4,3000
57,725713,4,2900
58,204059,6,4100
59,28261,8,4100
60,626003,4,3400
61,25897,11,10100
62,722819,5,9900
63,327552,6,3600
64,426601,3,3300
65,809094,3,3000
66,650794,5,8300
67,992798,1,2500
68,329719,5,3300
69,183775,7,3600
70,669499,3,3200
71,682390,2,2600
72,967501,5,3400
73,641453,5,7400
74,910429,4,3200
75,427573,5,8300
76,273733,9,3900
77,80986,7,7900
78,582460,5,8600
79,90625,8,4100
80,112093,8,4000
81,218200,6,3800
82,812594,5,8700
83,661403,3,3100
84,257142,4,3400
85,337807,6,3100
86,912593,4,3500
87,714109,7,3600
88,536744,7,3700
89,500398,6,3000
90,774479,4,2900
91,523747,8,9500
92,877696,6,3600
93,829923,3,4200
94,513295,11,10600
95,986759,4,7400
96,924823,11,18300
97,48229,13,25400
98,643976,6,4700
99,945476,4,3800
100,173328,8,9500
101,29870,12,14100
102,501140,6,8300
103,77532,7,4300
104,10029,9,4900
105,934983,5,4600
106,141911,6,4400
107,162709,7,16100
108,863246,6,4800
109,545275,4,4100
110,552522,4,5400
111,742846,6,9300
112,308104,9,9100
113,207597,5,4200
114,324451,8,4700
115,294031,9,15000
116,512670,7,34200
117,308806,9,5400
118,557795,4,4000
119,930606,5,9700
120,755679,5,4300
121,330246,7,4800
122,111228,7,4600
123,234958,7,5100
124,135323,8,5200
125,222652,7,9100
126,42332,8,5300
127,582322,7,5000
128,617923,5,7200
129,476433,7,5100
130,749402,6,5000
131,142352,7,4600
132,198172,9,5500
133,226238,6,4600
134,167932,10,10000
135,446672,7,5000
136,459168,7,4800
137,890525,6,5000
138,473442,8,5100
139,136627,8,10300
140,56433,13,11500
141,1373,11,5500
142,35027,8,4800
143,656721,7,10200
144,12923,9,4700
145,349904,6,4400
146,464803,6,4900
147,46778,9,10600
148,477093,6,9400
149,716447,7,5100
150,455741,9,15600
151,901630,6,4500
152,178035,7,4900
153,5021,11,11100
154,540755,11,12700
155,945481,4,3700
156,290299,16,16100
157,772600,6,8600
158,341151,13,11300
159,562342,4,4100
160,629441,6,36900
161,942284,6,5700
162,734996,6,4800
163,992740,2,3900
164,730610,9,11400
165,18065,8,5300
166,28070,8,5100
167,539030,6,9700
168,945529,4,4000
169,559029,5,4800
170,186291,9,5600
171,766324,10,12100
172,434434,8,5300
173,28741,7,4700
174,471308,4,4400
175,807006,5,4900
176,791881,6,9800
177,230212,5,4500
178,896996,9,11300
179,660929,6,5200
180,325342,9,9500
181,774046,5,4400
182,253589,5,4700
183,768210,6,8900
184,242999,6,4800
185,126774,8,5600
186,523785,7,9700
187,204536,9,15500
188,581745,10,20500
189,918492,8,8000
190,920331,4,3100
191,563398,4,4600
192,912293,3,9900
193,195866,7,4500
194,887978,4,3000
195,601766,9,6000
196,569379,5,9400
197,46189,7,5400
198,479943,3,3800
199,539793,12,9900
200,263374,3,3800
201,16209,10,5700
202,676668,7,4800
203,680378,6,4500
204,927188,5,9700
205,401269,6,4700
206,662377,6,4300
207,610122,9,11800
208,825991,4,4300
209,184654,9,5400
210,226780,8,10900
211,590150,12,6000
212,673693,9,5400
213,900488,7,4800
214,881948,6,4400
215,482894,4,4200
216,282305,11,5800
217,974359,2,3900
218,643731,7,4600
219,997183,1,3600
220,530323,3,4100
221,821675,5,4600
222,524181,5,4700
223,571511,3,4200
224,187843,11,44200
225,812673,6,5100
226,561553,4,4200
227,303416,8,8200
228,399493,7,4800
229,345174,11,10800
230,595987,10,18400
231,586405,14,11400
232,546417,7,8500
233,520118,7,7900
234,263347,6,7900
235,356266,8,5500
236,313659,7,5100
237,761587,14,11700
238,308510,10,5900
239,386553,10,6000
240,705290,5,4700
241,702386,6,4700
242,551486,6,6900
243,656431,7,8900
244,34230,12,6100
245,405088,9,8800
246,862921,9,6100
247,685141,5,8000
248,89891,11,6000
249,585730,9,5200
250,312675,9,5500
251,784193,7,4900
252,280245,13,6100
253,395881,10,5900
254,789425,7,5000
255,252253,6,4700
256,738095,3,7800
257,803459,7,10000
258,838459,9,13500
259,874815,6,4500
260,177131,11,10800
261,601358,7,8600
262,576509,9,5500
263,856760,9,5400
264,277816,13,11400
265,241064,6,4300
266,518347,8,5400
267,129065,10,5800
268,452107,9,5600
269,180099,7,4800
270,866206,9,11100
271,641294,9,5700
272,266340,4,4400
273,900788,11,27200
274,324031,10,10100
275,996510,4,7900
276,340159,10,5500
277,878186,5,4400
278,217806,9,5700
279,117643,8,4700
280,65842,10,5700
281,891067,8,5000
282,420399,8,4900
283,980452,3,4000
284,444137,10,10700
285,896410,8,5200
286,902866,6,4700
287,969819,5,4400
288,465788,8,11600
289,226725,10,8800
290,674590,5,4800
291,297440,15,34300
292,711018,4,4600
293,758619,14,12600
294,477882,14,16800
295,814507,6,9200
296,778037,5,5600
297,945963,7,11400
298,411575,8,4500
299,993241,3,3300
300,563993,7,4600
301,955047,4,3400
302,700189,8,9800
303,577134,9,4000
304,666666,5,3700
305,455960,9,4200
306,495569,9,9300
307,785913,8,4900
308,858633,5,3700
309,741866,3,3300
310,160352,8,4600
311,972565,4,38100
312,839938,7,5600
313,30984,13,12300
314,733674,5,7800
315,999243,1,3200
316,290694,8,4100
317,653955,8,3900
318,581613,11,10100
319,491605,10,6400
320,676800,4,7400
321,905387,6,5100
322,545005,9,6000
323,650494,10,18800
324,247509,8,16700
325,818688,5,4200
326,891518,8,11000
327,542629,9,8400
328,206781,7,4000
329,705986,7,6600
330,560302,6,3800
331,841248,7,4000
332,953593,5,3300
333,584741,8,3900
334,69137,17,16600
335,975036,5,7600
336,19696,10,3800
337,893857,7,10200
338,750953,7,3600
339,220771,9,3900
340,625386,4,3100
341,539109,8,7800
342,487794,5,3000
343,746007,2,3100
344,182056,8,10600
345,340011,9,4700
346,140488,11,10000
347,538842,10,3900
348,918813,3,3000
349,465959,9,4300
350,470518,10,12000
351,218224,10,4200
352,228557,9,15900
353,793241,9,4900
354,20956,12,9400
355,812860,7,4300
356,899329,7,9700
357,152706,9,6700
358,897212,8,5300
359,136007,11,5900
360,493732,10,4800
361,303923,6,4600
362,292577,7,4000
363,331680,11,5300
364,330302,11,10000
365,529856,5,3800
366,661164,8,3900
367,372765,12,13600
368,201226,9,12600
369,16596,11,4400
370,408380,5,3200
371,760895,9,26600
372,946741,9,12200
373,866718,8,8900
374,241081,10,10600
375,636852,10,151000
376,261366,7,5200
377,31529,12,5900
378,160894,7,4500
379,82165,7,4700
380,323588,7,4900
381,1802,13,6000
382,992992,4,18700
383,327952,5,4600
384,269945,11,9600
385,314802,8,4600
386,561887,4,4200
387,100992,11,21500
388,398145,7,9300
389,876515,3,3800
390,450921,11,9200
391,829432,4,4100
392,717950,6,3700
393,886848,3,3500
394,201029,7,3800
395,325055,9,4800
396,762876,6,5100
397,278717,9,227900
398,904546,8,17500
399,447092,8,13300
400,830860,3,5100
401,656693,12,17700
402,830077,4,4700
403,663347,7,5200
404,678143,7,6300
405,13978,12,12400
406,513833,5,5200
407,773968,7,5500
408,741441,6,8100
409,933510,3,4300
410,884542,4,4900
411,638720,8,12000
412,932431,4,5100
413,996337,2,4700
414,102688,10,4500
415,381208,7,4400
416,27094,11,4700
417,2108,13,4800
418,525867,5,4800
419,133613,8,10600
420,239850,8,4500
421,286249,11,13900
422,497848,10,26400
423,119193,11,6200
424,416095,5,10100
425,932974,6,13500
426,157775,8,15100
427,916447,13,12200
428,556488,4,4600
429,39134,10,4800
430,435753,10,9900
431,759654,9,13000
432,424969,5,9900
433,984711,4,6500
434,693408,10,15200
435,162786,11,25600
436,348059,7,5700
437,212379,17,23400
438,79541,8,4400
439,85904,8,7900
440,675100,7,4300
441,442054,9,4300
442,109438,7,3800
443,503391,6,4600
444,483985,5,4800
445,940894,7,5000
446,939498,8,4100
447,708652,7,4900
448,566201,4,10100
449,457721,7,13100
450,460402,6,5200
451,312230,10,12300
452,153678,8,11900
453,390360,7,5000
454,36318,13,19300
455,489297,6,9600
456,470107,10,6000
457,12864,13,7800
458,270641,11,11600
459,937638,9,11300
460,827125,6,9800
461,282281,8,9300
462,924467,6,10600
463,353559,8,11700
464,44759,13,12100
465,726608,7,21400
466,609497,9,6400
467,138543,10,6500
468,862174,6,9300
469,754599,7,9200
470,585746,9,4300
471,64344,9,4300
472,751517,8,4200
473,656557,7,4800
474,325616,7,8700
475,2806,15,14100
476,475294,7,4300
477,915480,9,4500
478,870065,7,8600
479,357425,11,10100
480,569526,9,9500
481,163757,6,3900
482,677098,7,12800
483,528465,6,5100
484,62148,10,10900
485,436530,11,575700
486,972367,7,5400
487,294786,10,10400
488,309254,11,4700
489,766716,6,4000
490,202401,6,3900
491,735990,4,3600
492,417047,9,8800
493,11234,14,10700
494,801204,8,10200
495,484713,7,4200
496,795721,9,9400
497,869074,6,3900
498,151324,10,4700
499,814016,14,20500
500,536603,6,8400
501,44673,10,4600
502,762676,10,9900
503,522891,13,11400
504,924823,5,3800
505,569150,8,9100
506,128970,8,4600
507,676778,7,4200
508,369995,8,11100
509,598304,8,4500
510,981674,5,7000
511,951819,5,3900
512,219233,13,35700
513,166174,13,44600
514,524934,6,11900
515,872721,5,4200
516,684957,5,4200
517,18685,17,29600
518,441471,12,23300
519,315088,11,5200
520,109875,10,8800
521,290468,12,8900
522,594834,10,5000
523,324725,11,4800
524,122051,9,8300
525,750731,11,11300
526,498530,7,4500
527,785667,8,8600
528,854898,8,4000
529,856338,8,3800
530,229342,6,4200
531,844664,9,9100
532,423974,7,4200
533,99182,10,4300
534,937230,9,10700
535,347726,8,12400
536,329565,7,17800
537,566590,4,5800
538,283775,16,26500
539,349213,12,11600
540,858411,9,21400
541,351100,14,15700
542,477001,6,5400
543,334109,9,5600
544,930894,6,5300
545,23310,12,11700
546,947386,4,4600
547,569674,4,4500
548,764527,13,13000
549,858748,9,10400
550,273825,7,4800
551,202848,9,17200
552,87480,6,5200
553,90813,10,4700
554,241336,6,4000
555,744518,5,4500
556,292492,7,4300
557,294314,8,4300
558,791087,5,22900
559,760391,5,4300
560,636967,10,4900
561,725908,9,9600
562,941969,7,8900
563,183611,14,13900
564,190548,10,5100
565,12337,11,4900
566,757653,8,4000
567,243588,8,4900
568,479557,6,4400
569,404657,8,4400
570,699012,14,10200
571,248564,9,8600
572,525842,6,4500
573,900015,7,8700
574,5889,10,4500
575,316044,7,5000
576,325649,4,3500
577,760514,5,3800
578,836282,7,4200
579,496863,8,9900
580,451854,7,5800
581,390516,6,5400
582,992170,5,9600
583,315350,8,4300
584,8551,10,5000
585,30794,11,5000
586,397064,7,4200
587,410956,6,8500
588,33543,9,3900
589,689026,11,12600
590,165583,13,10600
591,802777,5,3800
592,651645,8,4400
593,186715,7,3800
594,126443,7,4200
595,590572,13,10600
596,482424,5,4200
597,741262,8,8100
598,674493,9,4600
599,955282,4,3500
600,917089,7,15200
601,945946,7,4600
602,733259,7,4500
603,985043,5,4000
604,376533,7,5200
605,255805,8,10100
606,348935,8,5300
607,661435,11,15500
608,535678,5,5900
609,892798,8,4600
610,538682,9,4700
611,962806,4,3800
612,666829,9,4200
613,214503,9,20200
614,567629,6,8900
615,892373,8,7900
616,892821,8,5800
617,491473,8,5700
618,321268,9,9600
619,156973,12,9300
620,426375,6,4700
621,10199,13,7700
622,675128,11,8600
623,905822,8,8900
624,16262,12,6700
625,734317,8,4900
626,999007,2,4200
627,565553,4,4800
628,842790,7,5300
629,469641,11,4900
630,534137,6,4000
631,935451,9,5000
632,112838,8,4700
633,566399,6,4100
634,798922,4,4700
635,610078,16,11600
636,863943,5,4700
637,98794,10,6800
638,5391,14,18400
639,695759,14,10900
640,166568,12,9000
641,133446,6,9200
642,774959,5,3800
643,904690,5,4900
644,266048,5,3800
645,354907,8,4300
646,60927,11,4900
647,551233,6,5000
648,967959,3,3400
649,680788,8,38200
650,22578,12,5300
651,679372,14,12400
652,963040,4,7100
653,406510,8,9300
654,405276,8,9400
655,861818,4,5500
656,45207,9,5800
657,643084,8,5600
658,11809,11,11500
659,442221,9,6600
660,922035,8,6300
661,873319,7,9900
662,575806,11,6000
663,520580,8,15400
664,750729,8,9400
665,161698,11,7000
666,713267,6,5600
667,885370,6,16300
668,842109,8,6000
669,952187,11,16100
670,329100,9,11300
671,114155,8,6100
672,207461,7,5800
673,556190,4,5200
674,579083,11,6300
675,509111,4,5200
676,668732,8,5700
677,289428,8,6000
678,87028,7,5500
679,775423,7,9700
680,331071,11,6800
681,903768,8,5900
682,171061,12,12000
683,229389,5,5100
684,256999,7,5700
685,706186,9,14200
686,424431,7,9400
687,826192,7,5800
688,559940,8,11900
689,60861,11,11200
690,250085,8,10800
691,709828,8,5600
692,500531,7,5300
693,218987,9,6300
694,475712,8,4400
695,135024,5,4000
696,263484,6,4300
697,306056,5,4100
698,28668,9,4500
699,863113,9,4800
700,376138,10,11800
701,303795,7,4100
702,921587,9,30900
703,383732,9,5500
704,434567,10,4900
705,541449,7,4700
706,329988,13,10800
707,154281,11,4900
708,192020,10,4500
709,297556,7,4000
710,197856,9,4200
711,7859,12,4800
712,797218,5,4200
713,78049,7,4500
714,147825,11,4900
715,289107,8,14800
716,549104,7,12400
717,71471,9,4400
718,280550,9,4700
719,313861,5,3900
720,341281,11,8800
721,849795,8,8500
722,947935,5,9100
723,756442,9,11000
724,124409,8,4200
725,528345,5,3800
726,245618,7,4500
727,421508,8,4400
728,302196,9,4400
729,108980,10,4200
730,11544,11,6500
731,512304,6,4200
732,55555,12,9400
733,32471,10,4400
734,507768,5,3900
735,507790,7,8300
736,925988,6,3900
737,110732,8,4500
738,641613,9,4900
739,291628,9,15000
740,909788,7,4400
741,647137,9,8300
742,473974,9,9300
743,901248,9,9000
744,872980,7,4400
745,883699,3,3500
746,6682,13,5300
747,328388,5,4000
748,652749,6,7900
749,599778,8,4500
750,498549,6,4200
751,297596,9,8700
752,138754,15,9400
753,693156,12,5100
754,773316,7,25400
755,677203,10,17200
756,70361,10,5300
757,575349,12,8100
758,243977,8,7400
759,301539,9,12600
760,5637,14,10500
761,191724,11,21100
762,535099,8,8300
763,656212,9,5000
764,199483,8,4000
765,782953,9,8700
766,199630,8,8200
767,606364,10,8300
768,102606,12,17800
769,463339,7,5300
770,376730,7,4200
771,779684,4,3700
772,802601,6,3900
773,99390,14,12600
774,99755,13,9200
775,173067,10,7400
776,695017,13,10700
777,870929,5,4000
778,762660,10,4400
779,678467,10,4700
780,981909,7,4800
781,907685,13,11600
782,787536,7,4400
783,189849,12,5000
784,436666,12,5300
785,850210,6,4000
786,551751,4,4100
787,569299,3,3200
788,570599,4,4300
789,432580,12,5400
790,74169,12,14600
791,191218,11,5100
792,40066,7,7700
793,845362,8,4700
794,784282,7,4200
795,86743,11,8900
796,531974,5,4100
797,96367,12,4700
798,693482,14,9800
799,185730,9,5000
800,585946,8,4400
801,646505,10,17700
802,650271,8,4300
803,863029,10,4800
804,718606,6,7300
805,121391,9,9100
806,761970,10,9400
807,3191,14,10700
808,832052,4,4100
809,234816,12,11000
810,788803,7,4400
811,420660,9,5100
812,116441,9,4900
813,341503,15,12300
814,987114,11,12700
815,188226,13,99500
816,842655,12,15100
817,111682,13,33400
818,308315,8,9500
819,310206,9,9300
820,654264,8,27900
821,850697,9,11600
822,980853,7,9100
823,532501,6,4100
824,85953,16,11000
825,308555,8,5500
826,260071,12,10700
827,342815,11,5200
828,200121,12,15200
829,619948,6,4400
830,887871,4,9300
831,962597,6,3900
832,909148,5,8200
833,166220,11,68900
834,760209,6,20800
835,897859,5,2800
836,370848,12,3300
837,613241,8,2800
838,352000,10,30200
839,650601,9,8000
840,633611,9,7000
841,482500,6,2600
842,56172,15,3300
843,908091,5,2100
844,933935,2,1600
845,941745,9,2700
846,854328,7,2300
847,275480,10,7100
848,36739,11,2600
849,664904,11,2600
850,748342,11,44000
851,404408,12,16000
852,896160,6,1900
853,572552,13,2100
854,231538,11,1800
855,865391,10,12600
856,62485,13,1700
857,743291,5,1500
858,595992,11,1500
859,247374,6,1300
860,778663,4,1500
861,425253,8,6100
862,402371,16,15000
863,959016,7,2800
864,463144,9,1800
865,378646,11,8400
866,206050,8,6000
867,140850,12,1700
868,465650,7,1400
869,179167,11,1600
870,7817,14,1600
871,30980,13,7200
872,958529,7,5400
873,152929,13,1600
874,285906,10,1700
875,884284,9,7000
876,278826,12,1600
877,197697,15,8100
878,171437,12,1600
879,132226,10,1600
880,506364,8,1300
881,832503,6,1500
882,89099,13,1600
883,346085,14,15700
884,232882,11,1700
885,709318,8,1600
886,447203,10,1300
887,862756,7,5700
888,733585,6,1500
889,297606,9,1600
890,190304,11,1500
891,75722,13,2800
892,715492,8,2700
893,921949,6,2600
894,451623,9,2600
895,217392,11,1700
896,616082,9,14000
897,273164,12,32600
898,216648,11,9600
899,637478,8,1700
900,900121,9,1800
901,495077,8,1600
902,623104,9,5100
903,62445,14,1800
904,450217,10,5700
905,174362,12,1600
906,206121,7,1500
907,38555,13,5400
908,714399,8,4300
909,6833,15,1500
910,498111,9,1400
911,736865,5,1300
912,743836,5,1300
913,367957,11,1800
914,330191,13,1500
915,886762,6,1500
916,235330,11,46700
917,371398,11,3600
918,918142,7,2000
919,455129,16,14800
920,633483,9,1900
921,415343,8,818900
922,715827,6,18500
923,31541,13,1300
924,698245,7,900
925,978200,5,1000
926,718370,6,700
927,753505,7,1000
928,780526,5,8600
929,36018,11,900
930,685750,6,800
931,369860,11,1100
932,221544,9,1000
933,703696,5,700
934,565338,6,900
935,488519,6,1400
936,224408,10,6200
937,110901,8,900
938,524645,10,5200
939,805436,3,700
940,779361,10,5800
941,424328,9,1000
942,440672,11,5000
943,910940,4,900
944,876920,5,900
945,755492,7,800
946,678708,9,4700
947,15145,15,1200
948,801444,6,4400
949,394060,11,900
950,417909,8,4600
951,754610,8,1300
952,857429,13,8100
953,200187,7,1200
954,347333,12,900
955,772469,4,700
956,396382,9,5000
957,120282,11,900
958,614438,8,900
959,31518,12,1000
960,588495,9,4900
961,70987,10,900
962,780384,4,600
963,889582,5,4500
964,508723,6,800
965,389794,16,6400
966,311947,8,800
967,854775,9,900
968,972835,6,800
969,465012,10,4900
970,39290,10,900
971,182659,10,900
972,360005,15,5600
973,166471,12,1000
974,951300,10,900
975,453589,12,800
976,532901,11,6300
977,837929,10,900
978,838256,10,700
979,743815,6,800
980,985197,6,900
981,383260,13,13300
982,969788,4,900
983,134162,10,5000
984,106564,10,900
985,543086,8,900
986,899274,5,800
987,276076,10,900
988,673409,10,1000
989,324328,6,700
990,926248,4,700
991,807820,2,500
992,465227,8,600
993,186204,10,700
994,342522,11,900
995,275465,12,900
996,482511,8,6200
997,99361,14,5300
998,393542,11,800
999,642592,8,900
1000,642908,10,4800
1001,130716,14,4700
1002,594780,11,800
1003,47892,10,4300
1004,534238,8,900
1005,740660,7,700
1006,627936,12,3200
1007,319536,10,1500
1008,848373,7,1200
1009,546983,9,1200
1010,27574,10,1100
1011,59048,17,11700
1012,213105,13,1100
1013,307131,6,1000
1014,78664,12,349400
1015,138718,16,16100
1016,179692,12,10700
1017,787596,8,1100
1018,746486,5,5000
1019,369856,11,4600
1020,240004,8,900
1021,952708,10,12200
1022,364635,11,7200
1023,464142,7,1000
1024,343476,14,1000
1025,852458,10,8300
1026,996281,3,800
1027,27257,13,5600
1028,718159,7,1000
1029,955217,6,800
1030,836992,11,5200
1031,942119,8,800
1032,918872,5,800
1033,739248,9,900
1034,13696,10,900
1035,657556,4,1200
1036,80256,13,1000
1037,41874,15,6200
1038,658600,4,700
1039,320786,9,11200
1040,614397,9,5800
1041,543268,10,480600
1042,510202,7,121600
1043,259248,10,9600
1044,440771,10,1200
1045,858604,7,1000
1046,464461,7,700
1047,518969,10,1000
1048,170145,16,9900
1049,642265,7,1100
1050,8062,14,1100
1051,372692,8,800
1052,228219,9,5800
1053,347957,12,5100
1054,630004,13,5800
1055,644105,14,8000
1056,325600,9,4100
1057,496822,14,17100
1058,662863,12,9700
1059,251555,10,1400
1060,988743,4,1200
1061,816564,10,1500
1062,653933,6,1300
1063,216944,14,7800
1064,344363,14,5100
1065,573622,14,4800
1066,939480,8,1100
1067,193445,9,700
1068,391680,9,700
1069,477605,15,12600
1070,119247,11,1100
1071,904542,7,900
1072,18320,16,900
1073,795234,7,5500
1074,500912,11,5000
1075,489220,9,9300
1076,507639,7,900
1077,494515,9,700
1078,228287,8,700
1079,646024,8,900
1080,625911,7,800
1081,696344,10,6100
1082,194069,9,700
1083,80203,14,1000
1084,624825,9,700
1085,22268,14,900
1086,185575,11,5700
1087,477152,12,800
1088,420769,9,800
1089,514951,4,600
1090,35762,11,800
1091,947177,6,1300
1092,645004,9,1700
1093,887824,6,900
1094,574400,13,800
1095,287838,9,800
1096,213737,12,8400
1097,22832,13,800
1098,169818,12,800
1099,811564,12,1600
1100,122737,10,7900
1101,493874,12,10400
1102,563211,6,900
1103,938489,11,9600
1104,168132,13,800
1105,165926,15,800
1106,354252,9,900
1107,532230,10,5600
1108,235554,10,1000
1109,115029,12,800
1110,552849,6,700
1111,983342,3,600
1112,480258,11,1200
1113,600782,11,900
1114,984623,3,3400
1115,861579,8,1000
1116,789266,12,12800
1117,955487,7,800
1118,709480,9,800
1119,491448,11,1000
1120,713612,8,5400
1121,220575,8,800
1122,692629,9,700
1123,837488,10,600
1124,191666,13,700
1125,682088,7,700
1126,211438,14,600
1127,761045,10,800
1128,588454,9,700
1129,604963,12,600
1130,869369,6,700
1131,934989,10,900
1132,658152,5,600
1133,244156,10,5800
1134,382413,14,1100
1135,572295,16,900
1136,566316,8,5500
1137,487732,7,1300
1138,777026,5,1000
1139,379676,7,800
1140,176471,11,900
1141,484948,8,500
1142,835576,13,700
1143,939536,7,700
1144,265750,7,700
1145,434303,13,1000
1146,988160,7,32100
1147,936759,9,1600
1148,667227,9,1000
1149,521377,8,900
1150,673194,11,800
1151,212276,14,800
1152,157045,14,6800
1153,62724,14,2100
1154,585643,10,1300
1155,498397,8,900
1156,965579,4,900
1157,655873,7,800
1158,987179,6,700
1159,773754,8,1200
1160,147637,17,11700
1161,882771,7,900
1162,821929,12,900
1163,369068,11,900
1164,927544,3,700
1165,626695,10,900
1166,943820,9,6200
1167,106475,12,1000
1168,431643,14,5800
1169,30479,15,1000
1170,257479,9,700
1171,574888,15,5500
1172,300202,10,1000
1173,811703,12,1000
1174,290599,7,700
1175,294801,9,600
1176,745927,5,800
1177,185711,15,6200
1178,213820,18,7800
1179,477683,11,900
1180,186919,8,700
1181,555078,6,900
1182,115170,11,900
1183,416697,9,900
1184,829232,11,4500
1185,714744,8,900
1186,168555,11,10400
1187,33298,10,1100
1188,912238,4,800
1189,231198,12,1000
1190,6250,11,900
1191,602353,13,1000
1192,98284,12,800
1193,628035,8,700
1194,529246,9,900
1195,791470,4,700
1196,462773,8,700
1197,915671,8,4000
1198,497658,8,700
1199,486538,8,700
1200,519527,10,7600
1201,490237,6,700
1202,583821,17,6800
1203,850895,10,1100
1204,167792,10,800
1205,516159,12,1000
1206,565203,10,16900
1207,106326,11,5800
1208,412136,9,900
1209,839521,9,900
1210,392215,10,800
1211,242722,9,800
1212,900043,10,800
1213,565203,6,4500
1214,573507,13,5700
1215,139114,10,4700
1216,265681,7,3900
1217,12799,13,1000
1218,353158,11,900
1219,331124,13,900
1220,915052,10,700
1221,201539,10,800
1222,174304,9,700
1223,587869,8,900
1224,468702,11,5600
1225,296633,9,900
1226,800205,4,1100
1227,548213,9,1161400
1228,767092,7,1400
1229,277105,10,1200
1230,442636,9,1100
1231,739079,9,6300
1232,692194,10,1000
1233,953216,9,1200
1234,448650,8,700
1235,411510,11,1000
1236,593980,11,2700
1237,676466,11,1100
1238,276080,13,2121300
1239,89218,17,12200
1240,587343,8,5100
1241,323098,8,1000
1242,239238,13,5700
1243,67882,16,5800
1244,609242,11,4900
1245,472651,9,1100
1246,115714,11,800
1247,104172,11,900
1248,706412,9,900
1249,733471,13,7800
1250,618801,14,6600
1251,100264,7,800
1252,935579,13,5500
1253,779828,8,3800
1254,296577,10,900
1255,538659,16,7900
1256,879838,8,4200
1257,686967,9,21300
1258,768425,8,4000
1259,210086,6,900
1260,25352,12,1000
1261,944024,7,800
1262,330229,14,1100
1263,484102,10,4700
1264,987426,6,800
1265,314973,7,900
1266,822577,10,1000
1267,120831,10,900
1268,311651,9,800
1269,632018,10,9800
1270,592753,12,5300
1271,829242,9,900
1272,271182,15,5800
1273,795486,4,900
1274,692156,10,900
1275,407534,11,1300
1276,469160,10,900
1277,108530,10,800
1278,658323,8,4200
1279,204898,10,900
1280,967317,4,900
1281,155418,10,1000
1282,598497,10,4100
1283,969232,5,600
1284,477583,13,4900
1285,579382,14,1000
1286,839808,9,700
1287,803110,3,700
1288,281601,12,4300
1289,974530,7,4100
1290,883877,6,600
1291,631270,11,800
1292,609670,10,800
1293,727312,7,700
1294,95146,11,900
1295,618221,10,600
1296,116985,12,4900
1297,576600,9,900
1298,799287,5,600
1299,401488,14,4900
1300,158072,7,800
1301,423974,11,8700
1302,675403,11,800
1303,798114,7,500
1304,814010,14,1000
1305,895857,7,700
1306,932140,5,4200
1307,248274,13,5000
1308,394122,11,900
1309,206092,10,3800
1310,801833,6,700
1311,244657,13,5000
1312,775648,7,800
1313,623669,7,600
1314,138185,10,800
1315,166994,11,900
1316,509210,6,700
1317,916747,12,6900
1318,805010,5,600
1319,950410,9,600
1320,716124,9,3900
1321,511581,8,3600
1322,816567,13,4000
1323,55767,13,900
1324,828033,16,5000
1325,153118,9,800
1326,253791,11,317500
1327,263389,13,11800
1328,685628,7,1700
1329,792436,7,800
1330,111694,13,1300
1331,812363,14,6600
1332,165008,13,5600
1333,166959,14,5100
1334,290674,7,1000
1335,520733,13,5200
1336,913960,8,900
1337,399063,12,4900
1338,346380,13,77000
1339,72314,13,5500
1340,553875,8,900
1341,119070,9,900
1342,471865,4,900
1343,207997,7,900
1344,213344,12,800
1345,185396,12,1000
1346,898013,7,1100
1347,982609,5,700
1348,610899,12,800
1349,818554,7,800
1350,100075,7,700
1351,474165,4,7100
1352,366145,9,5500
1353,388494,8,900
1354,268818,13,1000
1355,373215,5,900
1356,50125,14,900
1357,484997,15,6100
1358,649031,9,4300
1359,115453,9,800
1360,519679,9,900
1361,829366,9,4800
1362,962923,7,1000
1363,563990,8,800
1364,236030,8,800
1365,322739,8,800
1366,118362,10,500
1367,930511,6,5500
1368,57450,13,1200
1369,249043,8,800
1370,982288,5,3700
1371,612234,11,4300
1372,175960,6,3700
1373,583083,14,1200
1374,591991,13,900
1375,926121,5,700
1376,10027,14,5000
1377,424539,8,3600
1378,361361,8,800
1379,706416,13,5100
1380,163147,9,4100
1381,932036,5,600
1382,670398,10,3600
1383,267592,4,600
1384,793861,5,4100
1385,694807,7,700
1386,346795,9,1200
1387,906144,8,800
1388,108799,9,800
1389,339913,9,800
1390,712023,8,800
1391,476462,3,700
1392,265238,6,700
1393,130467,8,900
1394,135939,13,900
1395,131668,7,400
1396,211350,13,800
1397,68597,11,800
1398,850550,12,1100
1399,138269,10,600
1400,86485,10,700
1401,515690,13,6100
1402,784682,8,1100
1403,786086,8,600
1404,272620,12,4800
1405,654391,10,1000
1406,530070,8,700
1407,107737,11,700
1408,74643,11,600
1409,720749,6,800
1410,33049,11,700
1411,350549,10,4400
1412,760024,9,1000
1413,754031,10,4100
1414,96640,9,700
1415,23466,14,4600
1416,399484,6,4500
1417,803581,6,700
1418,258868,9,700
1419,281216,10,900
1420,947946,4,600
1421,738030,5,700
1422,335747,8,800
1423,170455,7,700
1424,416085,8,900
1425,486460,10,1000
1426,581513,13,13900
1427,224488,8,1000
1428,36205,9,700
1429,338745,10,900
1430,981626,4,800
1431,676651,10,700
1432,340221,7,600
1433,213216,13,800
1434,194255,11,5500
1435,260338,9,4300
1436,935972,11,4700
1437,273479,9,1000
1438,576267,11,900
1439,928050,5,600
1440,844077,5,700
1441,772592,5,600
1442,947177,6,4200
1443,400034,5,600
1444,982670,3,500
1445,51070,14,900
1446,368740,7,800
1447,372925,8,4600
1448,521210,9,1000
1449,577476,15,900
1450,507810,11,900
1451,864609,7,800
1452,742243,5,500
1453,230009,6,600
1454,618430,10,4700
1455,692057,10,11638100
1456,742031,6,2500
1457,778824,6,1700
1458,899313,8,34400
1459,499256,7,1400
1460,865814,6,1100
1461,607620,17,76400
1462,776284,7,1000
1463,739868,5,1100
1464,923318,4,800
1465,140089,9,1100
1466,914548,8,700
1467,356690,6,900
1468,877842,9,1100
1469,842461,8,800
1470,259978,9,1000
1471,270552,10,900
1472,321357,11,2400
1473,126822,7,800
1474,847798,6,800
1475,761469,11,1000
1476,209215,7,800
1477,245109,8,800
1478,676127,11,1900
1479,596197,12,1000
1480,402067,10,1000
1481,696240,8,700
1482,24298,17,2100
1483,797737,7,1200
1484,67069,11,1400
1485,876333,11,1400
1486,898557,8,800
1487,689499,10,61600
1488,565210,6,1200
1489,567177,5,29000
1490,584751,15,4000
1491,15847,17,2900
1492,594021,13,1100
1493,346201,10,1500
1494,59214,13,1000
1495,931668,6,1000
1496,966803,7,1300
1497,933304,4,500
1498,269132,12,900
1499,70378,11,1100
1500,21517,10,800
1501,656256,10,1700
1502,149382,8,800
1503,788590,6,9600
1504,996232,6,2000
1505,292052,11,1000
1506,744626,6,800
1507,873097,11,1800
1508,588482,15,1900
1509,23065,15,1000
1510,439589,9,900
1511,326919,9,1700
1512,700058,5,900
1513,36740,13,1500
1514,696127,9,1100
1515,80762,10,800
1516,573004,16,2000
1517,885902,5,800
1518,594356,15,1400
1519,262207,6,700
1520,534921,9,900
1521,295493,15,2100
1522,332471,10,800
1523,470168,7,900
1524,998383,3,600
1525,56700,18,2000
1526,150085,10,1200
1527,426873,4,800
1528,564778,7,900
1529,725987,9,800
1530,531083,8,900
1531,236126,9,1000
1532,403558,9,700
1533,184049,14,1400
1534,940852,6,800
1535,456217,6,800
1536,938992,9,3200
1537,407549,8,900
1538,527123,10,800
1539,332586,12,1500
1540,984680,3,700
1541,232108,9,700
1542,744874,5,900
1543,155398,12,1200
1544,799781,5,700
1545,429125,3,700
1546,485909,12,1000
1547,289146,8,1300
1548,906725,7,1200
1549,172065,7,800
1550,204054,10,800
1551,396585,8,1200
1552,734063,9,1000
1553,924350,6,1000
1554,556542,8,1100
1555,266673,6,1500
1556,792584,6,1000
1557,692850,11,247900
1558,71156,8,1000
1559,190188,14,1000
1560,736333,7,700
1561,535676,10,2300
1562,424421,5,600
1563,67218,10,700
1564,258355,9,1000
1565,655478,6,1400
1566,645448,6,1300
1567,389756,11,2600
1568,194905,10,700
1569,692646,8,800
1570,117132,9,900
1571,849731,5,800
1572,249415,9,900
1573,678645,14,1700
1574,116065,12,700
1575,931143,6,8000
1576,281798,9,800
1577,178103,16,1000
1578,264608,10,1300
1579,788940,9,700
1580,940251,7,900
1581,920744,6,700
1582,757784,8,800
1583,510718,10,1700
1584,120609,10,800
1585,469432,7,900
1586,385526,14,1900
1587,139541,11,9100
1588,680834,8,1500
1589,560445,8,1100
1590,932880,3,600
1591,641299,11,900
1592,546962,12,800
1593,255944,7,700
1594,146894,9,700
1595,195051,10,500
1596,634760,8,1300
1597,242386,11,1100
1598,934453,2,700
1599,805820,6,900
1600,999065,2,400
1601,222356,12,900
1602,98129,11,1100
1603,135098,5,600
1604,915635,7,600
1605,147637,8,600
1606,108927,11,1300
1607,578798,11,900
1608,644435,8,700
1609,894942,9,1500
1610,815316,10,1000
1611,552404,8,900
1612,213891,13,1500
1613,592362,12,900
1614,979310,6,1100
1615,908322,6,1100
1616,529588,12,1400
1617,31481,13,1600
1618,488725,11,900
1619,809640,12,1200
1620,417715,7,1900
1621,570787,8,1700
1622,592141,12,1700
1623,311826,11,1300
1624,706123,11,1300
1625,796938,9,600
1626,917562,9,700
1627,532747,14,1400
1628,809912,11,800
1629,316361,8,600
1630,229168,10,900
1631,700988,6,700
1632,193731,13,1000
1633,967241,10,2200
1634,301271,13,6300
1635,629938,9,900
1636,120767,9,1000
1637,292914,9,1600
1638,793079,6,700
1639,227806,10,800
1640,732382,10,700
1641,963773,13,1200
1642,134630,7,700
1643,603189,12,9700
1644,818352,11,1300
1645,583016,8,700
1646,186827,10,1600
1647,857976,11,1700
1648,362938,14,2200
1649,863299,11,1200
1650,828238,8,800
1651,222862,13,1200
1652,869999,8,500
1653,39784,11,700
1654,972126,11,1600
1655,948557,3,900
1656,258894,9,800
1657,378312,6,700
1658,176542,6,800
1659,835479,12,1600
1660,431383,11,1000
1661,818207,10,700
1662,335277,10,900
1663,635233,6,500
1664,949739,7,600
1665,937481,7,900
1666,482512,9,900
1667,139343,14,1600
1668,148031,15,1600
1669,780527,4,700
1670,86847,11,1200
1671,110203,9,800
1672,319612,7,800
1673,31193,12,800
1674,708041,9,800
1675,480085,13,1100
1676,523255,11,900
1677,705000,4,600
1678,99812,10,1200
1679,261476,11,1200
1680,388936,8,700
1681,281051,12,1600
1682,758549,8,700
1683,628011,9,700
1684,534857,8,700
1685,807246,3,500
1686,269304,12,900
1687,673958,10,1000
1688,564461,10,1400
1689,36484,10,1100
1690,793197,8,1100
1691,437683,9,1200
1692,129466,9,1000
1693,866713,7,900
1694,305119,6,900
1695,171598,8,700
1696,272164,12,900
1697,747802,3,700
1698,505586,13,900
1699,404789,12,2000
1700,517064,13,800
1701,819440,7,500
1702,431880,13,2100
1703,419306,4,500
1704,980865,5,800
1705,515703,15,700
1706,246448,10,1100
1707,297623,7,700
1708,632235,10,800
1709,810220,13,900
1710,835885,10,1000
1711,751243,12,800
1712,294898,8,800
1713,227077,10,1100
1714,19230,13,1200
1715,301475,7,1000
1716,576405,9,1000
1717,901851,12,1400
1718,560398,10,700
1719,527556,10,700
1720,41661,10,700
1721,702531,8,1000
1722,926490,10,700
1723,654276,8,800
1724,54004,14,1600
1725,799482,7,900
1726,491707,11,1200
1727,615848,6,700
1728,228292,8,600
1729,515518,16,1600
1730,354416,7,700
1731,998152,4,1100
1732,176365,5,700
1733,428921,4,600
1734,222345,12,700
1735,34639,11,700
1736,601089,8,800
1737,656792,4,700
1738,429393,5,900
1739,857951,11,1500
1740,313376,8,800
1741,232955,8,1300
1742,199257,14,2600
1743,925905,9,1500
1744,669580,12,2000
1745,997125,10,1200
1746,107869,9,700
1747,307674,13,800
1748,769576,7,700
1749,526290,12,700
1750,558102,13,1600
1751,129993,8,700
1752,717714,6,900
1753,494408,12,138800
1754,279323,13,2300
1755,940524,6,800
1756,881369,6,600
1757,67527,11,800
1758,150773,8,7200
1759,732498,10,8000
1760,541597,7,1000
1761,146746,11,700
1762,978430,5,600
1763,89708,12,900
1764,473986,7,1800
1765,544207,7,600
1766,802804,7,1400
1767,527885,12,1200
1768,140752,11,900
1769,551171,9,700
1770,396831,7,700
1771,875921,9,600
1772,558123,14,1700
1773,22678,8,900
1774,839069,10,800
1775,563993,7,600
1776,386026,11,1200
1777,815326,9,700
1778,546119,5,700
1779,161012,8,800
1780,642197,9,600
1781,137144,14,1300
1782,701378,5,1300
1783,178905,17,2200
1784,805632,11,2200
1785,128857,8,1200
1786,135844,13,800
1787,748624,15,2000
1788,680574,11,1300
1789,529218,11,700
1790,881728,8,5900
1791,342577,10,900
1792,777220,7,1200
1793,308562,11,1400
1794,771088,8,900
1795,733829,10,800
1796,484764,10,900
1797,473333,5,700
1798,573502,10,800
1799,518729,14,1500
1800,588162,8,900
1801,761338,11,1300
1802,443855,6,700
1803,255440,7,700
1804,484703,12,800
1805,800003,5,600
1806,117548,14,1600
1807,459464,7,800
1808,414111,6,600
1809,540885,9,700
1810,976911,5,600
1811,556309,9,700
1812,328177,5,1300
1813,714128,10,900
1814,230982,12,1300
1815,518425,11,700
1816,372251,6,700
1817,547640,12,1200
1818,276391,9,800
1819,561173,7,800
1820,765879,13,5700
1821,48945,16,1000
1822,518545,11,600
1823,897769,8,700
1824,606029,6,600
1825,501898,7,700
1826,914010,11,1600
1827,348791,11,800
1828,246606,8,700
1829,577776,11,1000
1830,115290,10,900
1831,540646,7,600
1832,618603,7,700
1833,976707,6,500
1834,914899,11,1200
1835,511746,9,900
1836,113424,10,900
1837,435397,7,600
1838,749947,14,1700
1839,235329,8,600
1840,484481,12,1100
1841,542638,6,500
1842,736552,8,800
1843,164257,6,700
1844,684303,11,1300
1845,287582,10,700
1846,344856,10,1000
1847,138604,11,700
1848,551286,12,700
1849,532650,10,800
1850,642713,10,700
1851,72285,15,800
1852,957590,4,700
1853,560535,8,900
1854,375899,5,700
1855,321821,7,1000
1856,431244,11,1600
1857,140517,12,900
1858,387024,9,800
1859,296038,7,800
1860,320621,7,800
1861,336962,9,1000
1862,585469,9,900
1863,511305,11,1100
1864,989535,6,1100
1865,83552,11,5700
1866,235489,7,800
1867,597770,10,3200
1868,126739,11,1400
1869,547232,12,1000
1870,801470,4,1000
1871,746409,6,900
1872,633122,9,2900
1873,483309,14,1100
1874,676232,10,1000
1875,848188,7,1500
1876,634499,8,800
1877,589926,5,800
1878,207913,9,1400
1879,781175,15,2900
1880,847015,13,1400
1881,764275,6,900
1882,880815,8,900
1883,290894,10,1000
1884,214897,17,2400
1885,402681,11,1600
1886,559699,9,1100
1887,540913,9,1600
1888,191765,10,1000
1889,861544,11,1000
1890,778407,7,800
1891,653558,8,900
1892,678540,12,1000
1893,702001,6,800
1894,969755,7,900
1895,360085,8,1000
1896,126257,12,9400
1897,483733,14,800
1898,757931,11,1500
1899,7244,13,900
1900,748348,11,900
1901,593689,9,800
1902,455977,9,2000
1903,943843,8,900
1904,760856,6,500
1905,42710,10,1000
1906,523810,9,900
1907,978570,5,800
1908,228642,11,1100
1909,318188,9,1600
1910,492656,11,800
1911,279006,10,800
1912,113792,12,1600
1913,705111,5,700
1914,666780,14,900
1915,13706,9,700
1916,324060,5,600
1917,151834,9,1400
1918,403949,8,600
1919,666826,14,900
1920,626172,13,1700
1921,809367,16,1800
1922,859154,11,1100
1923,23307,14,1400
1924,626560,14,1900
1925,767872,7,800
1926,768679,5,300
1927,227503,9,700
1928,861879,14,6300
1929,658728,3,600
1930,646439,8,800
1931,830956,9,900
1932,737885,7,800
1933,816691,17,2200
1934,10863,13,900
1935,459540,12,1600
1936,877237,7,700
1937,99692,7,900
1938,978667,7,1100
1939,685167,8,1300
1940,92351,11,700
1941,363893,9,1300
1942,904991,11,2100
1943,698116,8,800
1944,979031,5,600
1945,410585,6,600
1946,328468,5,1300
1947,736695,8,1300
1948,376874,6,1000
1949,694398,8,700
1950,684573,11,700
1951,738252,14,1200
1952,549909,11,800
1953,52982,14,900
1954,375684,7,700
1955,114505,13,800
1956,343900,12,900
1957,702132,6,600
1958,311190,10,4000
1959,239994,9,1800
1960,14915,15,2300
1961,498779,9,900
1962,59848,12,1200
1963,409870,9,1100
1964,726668,9,800
1965,394162,11,1400
1966,225477,10,900
1967,521567,10,800
1968,6542,10,900
1969,16564,12,800
1970,248725,10,1900
1971,174223,9,900
1972,813359,13,800
1973,810628,12,800
1974,175467,9,1000
1975,180686,16,1900
1976,458366,9,1300
1977,328446,6,600
1978,831947,11,1100
1979,746935,5,700
1980,755439,10,900
1981,280041,9,700
1982,926870,14,2100
1983,376538,7,700
1984,658548,5,600
1985,558472,10,1300
1986,671987,12,19000
1987,877333,12,2900
1988,523188,14,1000
1989,90192,13,1900
1990,247964,12,1000
1991,954715,7,1600
1992,55786,13,1700
1993,589939,8,1600
1994,471874,5,700
1995,137622,12,900
1996,865245,7,900
1997,927963,10,1600
1998,412062,8,1400
1999,556777,8,700
2000,745463,6,700
2001,153330,11,900
2002,516758,15,1300
2003,532366,12,1200
2004,915077,9,700
2005,997086,6,900
2006,421256,8,900
2007,910751,5,600
2008,112394,13,800
2009,279882,12,1300
2010,96501,11,47300
2011,842288,9,2100
2012,70720,11,1000
2013,396064,9,1300
2014,777357,6,900
2015,836057,8,900
2016,827884,11,900
2017,393043,11,700
2018,981139,6,800
2019,248977,9,1100
2020,207325,11,800
2021,439000,7,1100
2022,573804,12,800
2023,896053,8,1000
2024,61889,11,800
2025,455540,5,500
2026,772618,12,900
2027,180009,18,2100
2028,812003,9,800
2029,492976,14,2000
2030,880240,8,700
2031,320597,8,800
2032,835717,9,1400
2033,615210,8,900
2034,201697,13,1400
2035,111889,11,900
2036,832149,7,600
2037,27654,10,700
2038,751529,10,900
2039,75227,18,2400
2040,232080,10,800
2041,207489,15,1600
2042,59911,17,1500
2043,715077,10,1000
2044,411184,5,600
2045,492069,16,1400
2046,828981,9,700
2047,419948,4,153300
2048,38227,15,2500
2049,255257,8,700
2050,480854,13,900
2051,162658,7,700
2052,564650,9,900
2053,679056,13,1600
2054,247995,12,1200
2055,696749,10,700
2056,794266,6,800
2057,919074,9,1400
2058,474898,4,900
2059,474665,5,500
2060,968178,8,1000
2061,636343,7,800
2062,574956,10,700
2063,485128,14,1600
2064,682697,13,12900
2065,197279,19,2600
2066,149225,9,900
2067,271930,18,2300
2068,727924,11,1200
2069,119552,9,53300
2070,981955,7,1000
2071,235048,9,1800
2072,278306,12,1600
2073,392295,7,900
2074,137715,13,1200
2075,741593,11,900
2076,126996,10,1400
2077,140159,9,1000
2078,700035,9,600
2079,970359,10,800
2080,181051,9,800
2081,433055,9,700
2082,181938,11,1700
2083,70892,11,1500
2084,56815,12,800
2085,308477,10,800
2086,409149,9,700
2087,265319,12,1900
2088,579210,11,1000
2089,486912,12,800
2090,603728,9,800
2091,615035,9,1200
2092,21215,9,800
2093,454196,7,700
2094,100681,7,1200
2095,401574,10,800
2096,627418,9,800
2097,562391,8,1000
2098,199141,11,1600
2099,348206,12,11400
2100,477430,16,1200
2101,979280,5,900
2102,657993,8,1200
2103,724327,10,1500
2104,702933,9,900
2105,953983,6,700
2106,916399,9,800
2107,173970,9,600
2108,538751,11,800
2109,529071,13,800
2110,213611,10,900
2111,560544,9,600
2112,6201,14,1300
2113,55272,14,1600
2114,548057,12,1000
2115,600916,10,500
2116,897793,6,800
2117,986338,6,500
2118,802469,4,700
2119,754310,10,1300
2120,344165,11,1400
2121,172563,9,1000
2122,337783,11,1100
2123,981827,8,1100
2124,799933,9,1200
2125,134889,10,900
2126,390009,11,800
2127,353682,9,600
2128,262603,6,902900
2129,648916,7,1500
2130,132934,13,4600
2131,945938,6,1400
2132,41325,11,1100
2133,531962,8,1000
2134,350832,10,1000
2135,8703,12,1000
2136,474940,6,1600
2137,49102,16,2700
2138,789614,10,2100
2139,352339,8,7800
2140,501893,9,1100
2141,844795,9,1100
2142,830753,8,900
2143,392264,8,900
2144,951458,6,700
2145,91066,12,1300
2146,752193,11,900
2147,567740,9,1000
2148,905588,7,900
2149,251715,12,1900
2150,605288,10,1700
2151,358638,11,1600
2152,360446,11,1600
2153,987935,4,900
2154,883067,8,900
2155,758757,8,700
2156,536161,8,700
2157,932572,5,1000
2158,340273,10,1100
2159,723888,9,900
2160,534768,10,700
2161,213658,10,1000
2162,965441,10,1500
2163,846856,7,1400
2164,841839,11,800
2165,196355,11,1000
2166,492,15,1100
2167,38993,11,900
2168,635245,8,800
2169,25432,11,900
2170,762916,8,800
2171,835711,9,900
2172,928379,5,600
2173,501478,12,1100
2174,536984,14,1300
2175,280598,10,1500
2176,694408,9,1000
2177,904471,4,700
2178,376989,5,800
2179,243274,11,900
2180,775898,10,900
2181,306468,5,800
2182,46778,8,600
2183,78276,8,1000
2184,271083,14,1000
2185,843432,8,700
2186,386000,13,800
2187,261190,10,800
2188,143838,14,2000
2189,254416,15,1600
2190,643620,9,700
2191,977509,6,700
2192,308700,7,900
2193,251759,11,700
2194,682123,15,2000
2195,919285,7,900
2196,660496,9,1800
2197,447342,7,1000
2198,695089,14,5300
2199,662148,13,1400
2200,40251,11,1400
2201,921505,8,700
2202,717893,10,800
2203,422332,7,700
2204,811188,12,900
2205,258804,10,700
2206,276868,9,700
2207,344044,11,6900
2208,521280,15,2000
2209,975108,10,1600
2210,202721,9,800
2211,146592,12,700
2212,617674,8,1200
2213,858314,7,900
2214,7694,13,1100
2215,180204,12,1100
2216,629247,9,800
2217,566002,6,1100
2218,693162,9,800
2219,83656,11,900
2220,682568,13,800
2221,145482,14,1100
2222,356167,9,700
2223,945173,9,1500
2224,750629,12,800
2225,937301,8,1000
2226,320406,9,900
2227,511486,11,1600
2228,505123,18,1500
2229,473152,9,1200
2230,13618,13,1200
2231,765881,9,1200
2232,3257,12,1200
2233,536748,14,1600
2234,328454,6,800
2235,284973,9,800
2236,558917,10,900
2237,255082,10,700
2238,580315,10,1100
2239,412846,7,7300
2240,352670,10,1300
2241,977797,6,700
2242,406465,7,1400
2243,221091,12,800
2244,492373,15,1800
2245,994936,6,1000
2246,218073,8,1000
2247,657417,6,700
2248,983437,6,900
2249,842368,9,600
2250,732222,12,1500
2251,43920,10,800
2252,805940,5,1100
2253,305484,6,1000
2254,307790,9,800
2255,276131,10,900
2256,755549,10,900
2257,957266,4,900
2258,914904,8,800
2259,880773,7,1400
2260,933244,7,800
2261,636411,10,1400
2262,674084,11,900
2263,774935,9,800
2264,190013,10,1400
2265,715966,13,1300
2266,50969,11,900
2267,348534,13,900
2268,349569,12,6700
2269,345035,10,900
2270,736911,9,6100
2271,28161,12,900
2272,684342,11,600
2273,289949,10,900
2274,881586,11,1500
2275,787512,11,900
2276,117009,12,800
2277,634738,10,600
2278,696591,13,1600
2279,968960,7,700
2280,727979,10,1400
2281,829271,10,900
2282,608702,12,2000
2283,593091,11,900
2284,165365,10,1000
2285,183068,9,700
2286,898156,8,1300
2287,418740,8,1000
2288,127834,9,1200
2289,431592,13,2000
2290,884804,12,1600
2291,171312,12,1500
2292,475568,3,500
2293,480869,12,900
2294,875962,7,700
2295,815616,11,1000
2296,26585,14,900
2297,171739,11,1400
2298,603060,9,800
2299,331643,16,1600
2300,310780,7,7600
2301,320603,8,800
2302,874581,7,800
2303,192136,9,800
2304,733979,10,900
2305,825169,12,800
2306,386662,14,1600
2307,14657,15,1100
2308,669010,13,1600
2309,524989,9,1000
2310,591651,12,800
2311,129844,9,900
2312,147435,15,1500
2313,656187,8,900
2314,356640,19,2700
2315,760643,10,1300
2316,125728,13,900
2317,405758,9,1200
2318,406358,11,1200
2319,91947,12,1200
2320,675182,13,1000
2321,161179,9,900
2322,703374,8,1200
2323,296865,7,1100
2324,868690,8,1200
2325,509249,10,800
2326,915305,9,1100
2327,3032,14,800
2328,681507,9,800
2329,553863,10,1000
2330,97994,13,1000
2331,514208,8,800
2332,268299,5,1100
2333,534558,11,800
2334,422752,10,1800
2335,192488,9,700
2336,339491,9,600
2337,65702,13,1100
2338,912851,12,1400
2339,198692,10,1200
2340,754858,14,900
2341,365660,8,600
2342,231434,10,700
2343,761865,9,700
2344,226338,11,800
2345,562352,9,700
2346,437783,7,700
2347,343477,12,900
2348,691272,12,800
2349,352820,9,700
2350,464768,5,500
2351,349357,10,700
2352,768430,7,800
2353,429297,10,1300
2354,558699,11,700
2355,470334,7,1200
2356,2358,16,1200
2357,186644,10,900
2358,461477,7,700
2359,690948,12,1300
2360,691053,11,600
2361,703878,13,1200
2362,184079,11,800
2363,685321,10,800
2364,837249,9,800
2365,956185,4,700
2366,963493,11,800
2367,727045,13,900
2368,645025,9,800
2369,650013,9,1500
2370,847980,7,600
2371,462020,7,500
2372,898800,6,900
2373,898899,10,1400
2374,804600,6,800
2375,330789,12,1200
2376,522021,11,1100
2377,508025,10,800
2378,894679,7,600
2379,917310,6,500
2380,325057,6,700
2381,645572,13,1600
2382,399325,12,1600
2383,748765,11,700
2384,814702,14,900
2385,778092,9,700
2386,812877,14,800
2387,605545,8,800
2388,126897,12,800
2389,969761,7,600
2390,557473,10,1100
2391,713512,10,1600
2392,60684,11,2100
2393,960411,2,500
2394,290615,9,12500
2395,333466,12,1600
2396,369075,12,1300
2397,917199,9,1000
2398,81624,14,1100
2399,37378,13,1500
2400,54888,10,2300
2401,642877,14,5300
2402,391781,13,2400
2403,326148,7,1100
2404,228021,8,900
2405,124198,8,1200
2406,537376,14,2000
2407,926185,6,900
2408,966278,8,900
2409,805596,7,1100
2410,252308,11,900
2411,222912,10,900
2412,11360,14,1900
2413,198833,9,1100
2414,799459,7,1000
2415,885344,7,1300
2416,967490,7,800
2417,174993,8,1000
2418,387050,6,700
2419,947592,6,900
2420,775190,8,1000
2421,757932,12,900
2422,929042,5,700
2423,622311,9,900
2424,75028,9,900
2425,649611,8,700
2426,427894,8,1000
2427,500727,11,1100
2428,19252,11,5500
2429,420548,9,800
2430,504684,14,2100
2431,826051,11,1100
2432,524237,16,2200
2433,713417,13,1300
2434,186098,7,900
2435,671434,17,2800
2436,259663,10,800
2437,28250,11,1000
2438,50359,11,900
2439,743996,10,800
2440,599322,13,4300
2441,839387,8,1300
2442,524547,10,900
2443,858337,6,1000
2444,146232,13,1900
2445,157120,9,800
2446,438083,9,1400
2447,193817,8,1100
2448,397246,8,900
2449,735972,9,1300
2450,10293,14,1300
2451,928254,6,900
2452,944826,8,700
2453,755513,14,1900
2454,919276,8,900
2455,300837,10,1000
2456,616729,8,1000
2457,338970,9,1000
2458,544704,8,1000
2459,846596,8,700
2460,56216,8,700
2461,688509,16,1300
2462,823638,13,1500
2463,346477,7,800
2464,503205,10,700
2465,159172,7,600
2466,163528,7,700
2467,152568,11,1300
2468,753490,11,1100
2469,440498,5,600
2470,309808,10,1000
2471,529984,10,1300
2472,879732,6,700
2473,256250,9,700
2474,969174,7,800
2475,731523,15,1600
2476,285470,11,1000
2477,6451,11,900
2478,839476,7,600
2479,81581,14,1700
2480,897013,10,1000
2481,871401,4,800
2482,845282,10,700
2483,799022,9,700
2484,962096,2,800
2485,272397,15,2000
2486,182946,9,900
2487,705095,7,900
2488,546671,19,2700
2489,47308,12,1400
2490,988938,5,700
2491,892133,8,700
2492,676596,11,900
2493,240956,3,900
2494,856266,8,800
2495,596516,12,700
2496,217794,9,800
2497,256371,9,700
2498,389017,8,700
2499,386484,10,800
2500,248144,12,900
2501,854322,11,1200
2502,627841,11,1300
2503,791321,7,700
2504,214122,8,1100
2505,212159,10,1200
2506,529475,11,900
2507,498764,16,1500
2508,8165,13,800
2509,989136,5,500
2510,909800,6,1000
2511,330815,9,1000
2512,917757,9,700
2513,857955,8,1000
2514,494181,12,800
2515,554622,10,700
2516,286029,15,1400
2517,550379,11,800
2518,169833,9,1000
2519,47025,10,1100
2520,789289,7,600
2521,348964,11,1100
2522,492999,12,1300
2523,22782,7,700
2524,774235,10,1400
2525,114824,14,1300
2526,787515,10,1200
2527,233739,6,700
2528,800441,5,500
2529,423514,6,700
2530,760155,14,1600
2531,563297,9,1000
2532,179424,11,800
2533,955679,5,700
2534,806171,4,1300
2535,485420,13,1200
2536,259023,12,1900
2537,638636,7,900
2538,540733,7,900
2539,600031,14,800
2540,382946,9,700
2541,210523,4,800
2542,470227,7,900
2543,282484,14,1900
2544,389672,8,400
2545,480279,14,1500
2546,930354,5,600
2547,150481,10,800
2548,183588,8,600
2549,815063,13,1600
2550,687925,9,900
2551,326086,10,1400
2552,832093,14,1600
2553,336040,10,900
2554,778667,19,94700
2555,155187,11,1300
2556,117410,16,2200
2557,711842,17,2200
2558,370782,10,1200
2559,627143,15,1500
2560,946654,7,2900
2561,292924,10,1300
2562,896641,5,800
2563,58595,12,1200
2564,584019,7,1100
2565,470204,9,1100
2566,361461,9,1000
2567,444188,6,1000
2568,409783,12,28400
2569,16134,12,1300
2570,894392,8,800
2571,345567,8,800
2572,902632,7,2100
2573,499670,11,800
2574,499882,11,800
2575,322031,9,1000
2576,620364,9,800
2577,33289,15,14500
2578,712189,6,700
2579,879883,8,1100
2580,90185,13,1000
2581,549845,12,700
2582,386425,12,1300
2583,81643,13,1100
2584,962974,9,800
2585,572954,12,1500
2586,137706,13,1700
2587,97256,14,900
2588,865372,7,900
2589,271120,13,1200
2590,291687,11,1000
2591,597819,13,900
2592,682949,11,1700
2593,530207,9,800
2594,372095,9,600
2595,788893,15,2100
2596,483391,16,1400
2597,430349,7,1100
2598,377857,8,1100
2599,759182,9,1200
2600,898165,8,800
2601,298065,13,1500
2602,245096,13,900
2603,181106,10,800
2604,21579,11,1200
2605,576455,12,1300
2606,248673,14,900
2607,761429,10,700
2608,397243,11,800
2609,877885,8,700
2610,188155,13,1000
2611,561423,10,7200
2612,808657,3,600
2613,413674,11,900
2614,736874,7,700
2615,428099,7,500
2616,19839,19,2000
2617,425406,8,600
2618,246392,15,800
2619,572225,4,700
2620,205662,10,700
2621,970005,12,1000
2622,239945,7,900
2623,328780,9,900
2624,628162,8,700
2625,659781,4,900
2626,69641,10,900
2627,535733,9,900
2628,304056,14,1300
2629,48406,15,1700
2630,924788,5,700
2631,869478,5,800
2632,305886,7,600
2633,629201,8,600
2634,93633,10,700
2635,873531,8,800
2636,743199,6,700
2637,939889,8,900
2638,27244,13,9700
2639,277642,8,900
2640,683147,10,800
2641,873654,10,1400
2642,533023,9,600
2643,598723,11,800
2644,713679,5,600
2645,348185,12,900
2646,450428,7,1100
2647,180019,10,700
2648,165461,11,900
2649,669082,10,1100
2650,308618,12,1200
2651,99491,10,1000
2652,199931,9,900
2653,649781,7,700
2654,660089,4,500
2655,447389,8,600
2656,137128,15,900
2657,991155,6,1100
2658,559699,13,1600
2659,78350,8,700
2660,43409,12,900
2661,624028,6,700
2662,69249,11,700
2663,290311,10,700
2664,39687,11,800
2665,345546,9,800
2666,265592,10,1100
2667,391517,8,700
2668,744762,7,1000
2669,383000,12,800
2670,899518,4,700
2671,910961,4,700
2672,450766,5,500
2673,914042,10,900
2674,128157,17,2500
2675,105162,14,1300
2676,605336,9,700
2677,426727,8,700
2678,491362,13,1000
2679,358110,11,800
2680,887221,7,800
2681,767088,8,900
2682,563730,15,1500
2683,375920,10,1300
2684,717831,7,1100
2685,136948,16,700
2686,595819,8,700
2687,276947,10,600
2688,715725,10,600
2689,649388,8,900
2690,307218,6,700
2691,876748,8,900
2692,857502,9,1000
2693,123042,10,900
2694,35102,16,1500
2695,299157,8,600
2696,738690,6,900
2697,350335,10,800
2698,978495,8,1000
2699,321086,10,1200
2700,68717,9,700
2701,523265,14,1900
2702,117772,10,1100
2703,201519,10,900
2704,273817,12,1100
2705,207691,9,1300
2706,871081,5,800
2707,966280,10,1300
2708,273790,13,800
2709,761942,10,700
2710,330513,12,900
2711,817897,14,1800
2712,956657,6,1100
2713,263622,13,1100
2714,541190,10,700
2715,481229,11,900
2716,710231,10,800
2717,254743,14,1100
2718,696850,7,900
2719,228177,9,800
2720,252868,15,1200
2721,673590,8,600
2722,64632,13,1300
2723,432531,12,900
2724,459764,11,1000
2725,45484,10,700
2726,924156,8,700
2727,393397,12,800
2728,741412,10,1300
2729,58933,14,1500
2730,624780,8,900
2731,878017,8,700
2732,351310,13,1100
2733,312431,9,800
2734,264074,12,800
2735,140391,9,800
2736,926208,9,1400
2737,793070,7,700
2738,894519,10,1000
2739,32609,10,700
2740,876632,9,700
2741,253356,13,700
2742,474813,8,800
2743,775607,5,800
2744,581214,10,1200
2745,297310,8,700
2746,196313,12,800
2747,263710,13,700
2748,988734,6,500
2749,815777,10,800
2750,999267,1,600
2751,941628,6,700
2752,327648,15,1700
2753,768659,10,1000
2754,225083,11,1300
2755,716487,9,800
2756,974374,11,1500
2757,291967,12,800
2758,518866,8,800
2759,803531,8,800
2760,837889,9,700
2761,850672,11,900
2762,339474,10,800
2763,906122,7,800
2764,134064,9,900
2765,431078,5,600
2766,363179,11,800
2767,487805,17,9300
2768,156183,10,800
2769,315622,8,700
2770,567547,7,700
2771,733817,7,800
2772,478264,14,900
2773,426220,8,700
2774,687705,8,600
2775,776877,9,1300
2776,999440,6,1000
2777,845244,10,1100
2778,309183,13,1800
2779,902856,6,1100
2780,344528,12,1300
2781,952087,12,1700
2782,737553,7,4900
2783,922807,10,1000
2784,111414,14,1000
2785,92360,12,700
2786,648782,10,700
2787,888396,6,900
2788,51528,14,900
2789,573981,13,1400
2790,744914,9,1000
2791,483642,12,800
2792,663213,11,1200
2793,638643,6,900
2794,54789,14,1300
2795,635901,8,800
2796,679848,8,800
2797,891499,11,900
2798,87332,12,900
2799,775126,7,900
2800,730097,6,900
2801,907385,7,1100
2802,971626,7,1000
2803,725172,4,600
2804,369266,8,800
2805,946843,8,900
2806,420250,7,800
2807,242543,17,1500
2808,268379,10,900
2809,603046,10,900
2810,764652,7,700
2811,201389,11,800
2812,624482,7,600
2813,328187,7,600
2814,897426,8,1000
2815,157159,11,800
2816,214171,7,800
2817,597529,11,800
2818,515045,6,700
2819,952774,6,600
2820,953711,8,700
2821,338892,11,1100
2822,699057,7,800
2823,484455,11,800
2824,925244,10,600
2825,848324,11,1400
2826,470233,10,1400
2827,298238,10,800
2828,871817,4,500
2829,459904,10,1100
2830,834409,10,1000
2831,157590,10,1000
2832,905892,6,500
2833,361833,9,800
2834,724150,8,900
2835,86134,13,800
2836,162266,15,1600
2837,392699,7,600
2838,482164,12,800
2839,940895,9,800
2840,657939,7,900
2841,948446,6,1000
2842,128212,10,1000
2843,537843,10,1000
2844,342791,13,1800
2845,207891,7,700
2846,865751,9,800
2847,21552,11,1100
2848,995105,6,600
2849,638538,7,900
2850,680180,8,600
2851,706841,10,700
2852,903854,5,500
2853,951440,9,600
2854,238754,5,800
2855,640117,5,500
2856,175618,8,800
2857,481445,13,800
2858,124099,10,800
2859,498481,12,800
2860,165992,11,1400
2861,705196,4,700
2862,159597,9,600
2863,179744,12,800
2864,307011,8,700
2865,992955,3,600
2866,178773,12,700
2867,969507,12,1700
2868,53317,11,700
2869,149970,9,900
2870,956250,6,500
2871,971620,7,500
2872,8523,14,1600
2873,671721,9,900
2874,939436,9,800
2875,97596,14,1000
2876,955540,5,600
2877,469538,12,1300
2878,821271,7,900
2879,175605,8,800
2880,628125,9,1100
2881,387614,8,700
2882,511984,9,600
2883,238889,5,400
2884,855450,10,700
2885,611947,10,800
2886,751514,9,700
2887,55817,11,700
2888,414930,10,700
2889,752219,10,7000
2890,569781,5,1000
2891,60026,11,1100
2892,659416,5,900
2893,383408,11,800
2894,335141,9,800
2895,31897,12,800
2896,193313,7,700
2897,789555,10,900
2898,456890,4,800
2899,868127,9,700
2900,892487,10,1500
2901,16804,10,800
2902,803713,7,800
2903,159840,9,600
2904,310105,10,700
2905,756939,7,800
2906,562918,8,800
2907,215405,10,900
2908,932444,7,1000
2909,827821,9,1300
2910,738756,6,600
2911,429402,7,600
2912,886243,8,1100
2913,162586,8,500
2914,328203,9,1100
2915,202522,10,700
2916,139014,11,800
2917,694563,9,1000
2918,486029,11,700
2919,138054,14,900
2920,339330,10,700
2921,677994,6,700
2922,915109,12,1000
2923,497468,14,1200
2924,983021,4,800
2925,514130,9,900
2926,910788,3,600
2927,464548,9,1400
2928,99732,10,600
2929,639316,6,500
2930,503065,9,1000
2931,266702,11,1200
2932,387251,9,800
2933,966707,5,700
2934,229213,12,1700
2935,59959,12,700
2936,211856,13,900
2937,381000,10,1200
2938,560568,10,800
2939,930987,8,800
2940,877044,9,900
2941,618487,10,800
2942,552211,8,900
2943,878468,9,1200
2944,680967,8,700
2945,564482,9,900
2946,148091,12,800
2947,477776,16,800
2948,465095,13,1300
2949,338556,14,900
2950,415854,11,800
2951,713169,8,1100
2952,355876,12,4500
2953,209557,7,800
2954,950150,8,700
2955,475614,6,1200
2956,604412,11,1000
2957,825300,10,900
2958,755135,8,800
2959,226534,11,1300
2960,420974,8,800
2961,946212,10,1200
2962,357159,8,600
2963,845780,9,700
2964,245917,15,1100
2965,199429,10,1100
2966,736801,7,700
2967,820559,8,800
2968,269571,16,1700
2969,545251,8,800
2970,621397,8,600
2971,368665,9,700
2972,378671,7,600
2973,855044,11,900
2974,996920,6,1100
2975,662295,10,800
2976,484060,13,700
2977,912090,4,800
2978,211443,13,1400
2979,771631,8,800
2980,738224,9,700
2981,845176,8,700
2982,828402,7,600
2983,302989,9,900
2984,239310,8,800
2985,963042,8,600
2986,958156,7,700
2987,28865,13,7200
2988,824536,9,800
2989,242813,18,1900
2990,293898,11,1000
2991,415874,11,700
2992,331268,12,900
2993,768613,9,800
2994,417686,9,700
2995,299798,10,1300
2996,290329,10,700
2997,188445,12,900
2998,880194,8,700
2999,560969,10,700
3000,189063,14,1400
3001,892193,10,700
3002,176177,7,700
3003,101146,17,1500
3004,76385,8,900
3005,652120,9,1000
3006,126886,11,1100
3007,990134,5,700
3008,857144,11,800
3009,133541,11,800
3010,261671,18,1800
3011,605404,14,1300
3012,292821,13,1100
3013,876637,7,600
3014,446477,9,1400
3015,456031,6,600
3016,73938,9,800
3017,393363,13,1000
3018,278507,12,900
3019,635658,10,6300
3020,602517,12,800
3021,813902,13,900
3022,98265,13,800
3023,583261,9,800
3024,650154,6,700
3025,383452,13,1600
3026,19996,12,800
3027,543734,9,1000
3028,606717,13,800
3029,630400,7,500
3030,383795,12,1000
3031,354187,12,700
3032,709233,12,1800
3033,572998,15,1600
3034,922432,10,700
3035,468180,13,1300
3036,356575,9,700
3037,51640,13,900
3038,445714,8,800
3039,594117,12,1200
3040,478126,15,800
3041,824041,10,700
3042,498251,14,800
3043,78009,11,800
3044,521803,13,1600
3045,42414,13,1300
3046,627955,11,700
3047,235818,15,1300
3048,804229,9,1100
3049,20204,12,700
3050,36440,10,800
3051,536925,12,7700
3052,721544,11,1500
3053,289805,14,800
3054,604767,10,700
3055,264603,15,1400
3056,108724,14,800
3057,371085,10,1200
3058,456620,7,800
3059,17497,11,800
3060,149466,12,1100
3061,874800,8,700
3062,310889,10,800
3063,943481,13,1500
3064,415699,13,800
3065,430934,8,1000
3066,517943,11,1000
3067,330281,14,1300
3068,713468,9,800
3069,764710,9,900
3070,261935,11,700
3071,678570,10,1000
3072,628305,9,700
3073,407784,6,800
3074,424019,8,700
3075,728683,5,600
3076,763621,8,600
3077,705903,12,800
3078,163415,8,800
3079,764755,7,600
3080,103227,14,800
3081,775411,7,6100
3082,526661,9,800
3083,524062,8,700
3084,233861,11,1400
3085,11389,14,1000
3086,446865,8,800
3087,488223,11,800
3088,463798,8,800
3089,577147,13,800
3090,312441,10,800
3091,862563,6,800
3092,801286,8,900
3093,255667,14,1700
3094,537176,10,700
3095,712502,8,700
3096,939394,11,800
3097,235605,10,1200
3098,348105,14,900
3099,777343,8,700
3100,325069,8,900
3101,152809,13,1000
3102,108722,15,800
3103,780294,7,700
3104,790775,8,1000
3105,786151,9,800
3106,296436,17,1500
3107,110166,13,600
3108,196471,13,800
3109,112997,12,800
3110,831789,11,800
3111,925118,11,1000
3112,882376,4,600
3113,690347,14,1800
3114,378216,6,700
3115,421873,10,700
3116,697758,7,700
3117,388642,13,900
3118,623714,9,800
3119,521805,11,1400
3120,45252,11,700
3121,693227,15,1900
3122,758394,8,800
3123,359865,11,4300
3124,598868,12,1100
3125,354381,13,1100
3126,984052,6,800
3127,389095,13,1400
3128,373138,7,600
3129,4166,14,900
3130,265577,17,1200
3131,821369,7,800
3132,324709,12,600
3133,739138,7,1000
3134,35215,11,900
3135,961536,6,800
3136,742194,5,700
3137,188201,15,1300
3138,473697,4,600
3139,781471,11,700
3140,958230,5,600
3141,904531,4,500
3142,226923,11,1000
3143,115598,11,600
3144,988352,7,800
3145,286423,16,1200
3146,856884,11,4400
3147,942906,10,1200
3148,693674,8,1300
3149,912065,5,1000
3150,411463,14,1300
3151,463178,10,1100
3152,733042,3,700
3153,583713,11,1900
3154,610912,11,900
3155,141821,12,1400
3156,604249,12,800
3157,197184,15,2300
3158,510064,9,1000
3159,2607,17,2700
3160,105879,14,1300
3161,184046,15,1100
3162,50957,13,1100
3163,462330,8,1200
3164,640856,5,1000
3165,991991,4,1100
3166,216953,8,1100
3167,12025,12,900
3168,108695,15,2800
3169,121908,13,1400
3170,913869,14,1200
3171,756392,9,1000
3172,691798,9,900
3173,368893,8,1000
3174,54723,13,800
3175,197671,14,2300
3176,221175,10,900
3177,952764,7,900
3178,334365,10,3200
3179,916638,8,1400
3180,230394,11,3800
3181,78045,10,10700
3182,177140,6,1400
3183,489082,9,900
3184,171156,11,900
3185,296865,11,1900
3186,931680,6,900
3187,567508,10,2100
3188,236008,8,1000
3189,998354,3,900
3190,13057,13,1100
3191,542195,10,1500
3192,940324,12,2400
3193,275473,10,1300
3194,263976,10,900
3195,836264,11,1300
3196,212411,11,700
3197,474763,7,1000
3198,117798,8,800
3199,532760,12,700
3200,62330,10,800
3201,782410,11,1200
3202,987118,8,700
3203,306198,10,700
3204,545097,9,600
3205,496743,16,1700
3206,766633,13,1500
3207,432110,13,900
3208,924865,12,900
3209,765406,12,600
3210,993111,2,500
3211,759231,7,800
3212,881316,7,1200
3213,395194,11,900
3214,287900,16,1400
3215,693056,11,1500
3216,640189,8,1400
3217,436527,8,600
3218,327727,9,1000
3219,486435,13,1300
3220,82645,15,1000
3221,92742,14,1300
3222,903066,8,900
3223,286870,16,1800
3224,595535,10,1100
3225,282803,17,1400
3226,815726,11,900
3227,638374,13,1300
3228,641441,11,1500
3229,496898,15,1300
3230,970951,8,800
3231,930750,10,1100
3232,350831,10,800
3233,659120,5,1000
3234,22712,9,900
3235,119950,14,1700
3236,851206,15,3100
3237,423062,10,1900
3238,402066,8,1000
3239,638023,9,800
3240,383025,14,1200
3241,973504,7,700
3242,730646,7,1400
3243,834498,8,8700
3244,712700,8,900
3245,304668,14,2400
3246,53685,11,1100
3247,286976,10,800
3248,617795,6,900
3249,956430,7,1000
3250,308159,13,1000
3251,681804,9,1200
3252,659445,4,900
3253,61152,10,1100
3254,40624,8,900
3255,549117,11,2100
3256,41963,11,800
3257,638359,11,900
3258,513172,7,600
3259,144728,11,900
3260,221407,9,1400
3261,451617,9,700
3262,713363,10,900
3263,393618,13,1400
3264,631434,7,700
3265,796074,5,700
3266,136413,14,900
3267,917106,9,700
3268,328542,8,700
3269,89549,14,900
3270,28786,17,2000
3271,374741,9,800
3272,368733,10,700
3273,861671,6,700
3274,717774,7,800
3275,604491,10,8400
3276,589140,8,900
3277,665096,9,900
3278,183472,14,1600
3279,522527,8,900
3280,285176,11,600
3281,576771,8,800
3282,373958,10,500
3283,636981,9,600
3284,327387,6,700
3285,659557,6,1200
3286,758391,9,600
3287,926731,9,800
3288,574283,10,800
3289,987778,6,600
3290,742924,6,800
3291,672482,11,900
3292,533640,10,600
3293,654571,6,700
3294,304636,9,10100
3295,709750,7,700
3296,7199,17,1000
3297,956795,8,1300
3298,243602,10,1000
3299,319656,12,1100
3300,542951,8,600
3301,778001,7,800
3302,228733,9,800
3303,280829,9,1200
3304,917591,12,900
3305,312024,12,2100
3306,738036,9,1400
3307,122239,11,800
3308,689283,9,1000
3309,216897,12,1500
3310,791300,8,900
3311,107137,17,2200
3312,434033,12,1400
3313,459858,10,1200
3314,582647,10,1100
3315,46848,15,1600
3316,926620,10,700
3317,195864,11,700
3318,184675,14,1200
3319,517285,12,900
3320,847492,10,800
3321,898808,8,1100
3322,160012,10,1100
3323,344360,10,1400
3324,772144,8,800
3325,65508,12,800
3326,499319,14,1100
3327,519246,10,700
3328,285634,12,700
3329,24169,14,1000
3330,418188,11,900
3331,340050,11,1000
3332,373493,10,1000
3333,445796,8,900
3334,247206,10,1000
3335,17698,12,1000
3336,902261,7,900
3337,742356,4,75200
3338,533883,12,1800
3339,379520,7,900
3340,882394,4,700
3341,996747,6,800
3342,981283,7,8300
3343,143625,13,1100
3344,868611,8,1700
3345,57087,12,700
3346,460486,8,600
3347,5203,16,1100
3348,186443,12,1200
3349,324989,10,1300
3350,166631,11,1100
3351,124463,15,900
3352,167147,8,500
3353,464317,10,900
3354,450503,8,2900
3355,520589,11,1300
3356,734764,7,900
3357,249232,10,1000
3358,454647,8,1100
3359,541247,10,800
3360,250502,8,600
3361,501046,9,800
3362,986302,8,1000
3363,514198,8,1300
3364,125658,14,2100
3365,834252,10,900
3366,220194,7,800
3367,239529,7,900
3368,84873,13,1100
3369,162274,10,800
3370,613975,10,1700
3371,898676,8,1000
3372,445999,13,2200
3373,894955,6,9500
3374,884289,7,900
3375,564316,7,800
3376,528320,9,900
3377,764045,8,800
3378,324136,8,900
3379,649616,9,900
3380,849853,5,800
3381,905945,6,800
3382,175223,9,1900
3383,394316,14,2800
3384,128402,10,800
3385,894165,7,800
3386,262641,9,900
3387,535095,11,1400
3388,928207,7,700
3389,350388,12,286400
3390,857073,10,1200
3391,682988,12,1400
3392,394305,12,1900
3393,984231,5,800
3394,285916,11,800
3395,584854,12,1100
3396,779117,6,600
3397,960844,5,800
3398,483301,15,1000
3399,364021,14,1600
3400,134440,8,800
3401,252613,16,1000
3402,485436,14,800
3403,728509,7,800
3404,964502,6,900
3405,483108,15,2900
3406,757268,7,1100
3407,768733,7,800
3408,105469,14,1600
3409,132482,10,900
3410,851727,11,1100
3411,351517,16,2100
3412,123653,11,900
3413,564655,10,1500
3414,580937,14,2200
3415,557856,11,1600
3416,640014,8,1000
3417,805059,5,800
3418,499262,13,700
3419,353865,14,1700
3420,19310,12,1100
3421,922003,8,1100
3422,367897,23,2600
3423,543482,10,900
3424,147589,13,800
3425,870015,13,2000
3426,292058,11,1000
3427,993592,8,1300
3428,817471,11,1100
3429,802537,6,1100
3430,991522,7,1200
3431,173227,6,600
3432,703910,7,2500
3433,915648,11,14700
3434,765470,12,1100
3435,233281,8,1200
3436,150626,11,1300
3437,50042,13,900
3438,730446,7,1200
3439,141297,15,1300
3440,579790,13,1400
3441,537568,11,1000
3442,808689,3,600
3443,814685,13,900
3444,712311,10,1400
3445,449603,6,1100
3446,9359,14,3900
3447,554512,9,700
3448,166323,10,700
3449,630092,9,1300
3450,974946,4,700
3451,897319,9,700
3452,203932,9,800
3453,538929,8,900
3454,5922,17,1000
3455,380685,9,1400
3456,248808,10,1300
3457,388,20,1000
3458,522412,9,1000
3459,792351,10,1000
3460,676198,11,1800
3461,944741,10,1300
3462,820622,11,2600
3463,313326,12,1600
3464,792343,11,31300
3465,397656,9,10000
3466,914161,16,2900
3467,736738,12,2100
3468,880551,8,900
3469,6193,16,1400
3470,937316,16,2800
3471,707195,10,1100
3472,633606,8,900
3473,271212,10,1100
3474,826753,10,800
3475,431539,16,2100
3476,726440,10,1200
3477,725913,13,1200
3478,616574,13,1800
3479,147456,15,1000
3480,935957,14,1300
3481,857076,11,1000
3482,787282,9,800
3483,506869,11,1000
3484,569261,7,900
3485,846803,8,700
3486,45441,11,1000
3487,956936,6,600
3488,996540,7,900
3489,89848,17,1100
3490,997830,5,500
3491,945326,8,1000
3492,387062,9,1000
3493,905030,3,900
3494,328412,8,900
3495,657187,8,800
3496,683087,15,1600
3497,13073,14,900
3498,166762,11,1000
3499,926534,11,1400
3500,119161,13,1200
3501,914510,11,700
3502,710729,10,800
3503,282720,14,1400
3504,402043,9,800
3505,123369,12,700
3506,854067,13,1500
3507,802565,4,700
3508,789483,10,1000
3509,582390,9,900
3510,862665,7,600
3511,517907,14,1700
3512,401224,6,700
3513,608575,16,1400
3514,601920,13,1200
3515,173591,11,700
3516,308342,14,900
3517,526715,9,800
3518,73258,11,800
3519,396944,9,900
3520,125910,12,800
3521,543840,11,1400
3522,228509,10,1200
3523,50443,14,800
3524,644481,10,1700
3525,357072,8,800
3526,364930,12,900
3527,435053,12,600
3528,814242,16,1900
3529,695726,7,700
3530,152572,8,500
3531,179087,14,900
3532,58989,12,900
3533,275284,13,1900
3534,939762,8,700
3535,731075,6,600
3536,685632,13,700
3537,971165,10,1800
3538,723899,8,900
3539,127990,12,1800
3540,371860,12,800
3541,689565,12,800
3542,721381,8,600
3543,949422,10,800
3544,533408,15,1700
3545,697904,10,1300
3546,749858,14,1000
3547,427442,8,800
3548,895306,6,600
3549,15536,16,1600
3550,789968,8,600
3551,309576,12,800
3552,149130,11,600
3553,508736,8,900
3554,222371,7,1100
3555,803993,9,700
3556,748254,15,1800
3557,545669,7,600
3558,77106,11,1300
3559,391537,7,800
3560,643364,8,600
3561,864245,8,1200
3562,262362,13,1200
3563,612131,12,800
3564,149271,13,900
3565,650119,7,700
3566,812819,9,800
3567,163593,8,800
3568,47016,10,700
3569,757898,12,800
3570,878093,10,700
3571,762601,10,900
3572,356024,11,900
3573,556242,8,600
3574,453318,10,1300
3575,794932,6,600
3576,564976,7,1100
3577,92236,12,900
3578,42283,11,800
3579,439528,9,700
3580,759998,9,800
3581,723699,6,500
3582,904872,5,500
3583,471253,6,800
3584,803884,9,3500
3585,476955,4,900
3586,421006,9,800
3587,597436,11,900
3588,935518,9,900
3589,765547,12,900
3590,278688,11,800
3591,128978,17,8600
3592,829992,13,1000
3593,467368,10,800
3594,55226,11,900
3595,541349,13,2000
3596,305994,7,4200
3597,474412,6,600
3598,172447,9,700
3599,344534,11,900
3600,304649,9,600
3601,28917,9,800
3602,692765,10,800
3603,191876,9,800
3604,378027,9,800
3605,853401,12,800
3606,717151,7,1200
3607,631881,13,2100
3608,306062,10,1000
3609,720855,9,800
3610,44815,9,700
3611,366686,13,900
3612,178021,5,500
3613,8650,16,800
3614,193382,8,600
3615,871258,6,600
3616,802320,7,500
3617,960119,7,800
3618,304977,11,1400
3619,275607,11,700
3620,458263,12,700
3621,802309,7,700
3622,610881,9,600
3623,378997,7,500
3624,92292,12,800
3625,957900,7,700
3626,126544,11,600
3627,181048,14,1500
3628,142874,14,1000
3629,594501,9,1000
3630,903563,7,1100
3631,943181,9,800
3632,877877,9,600
3633,308322,15,800
3634,442400,9,800
3635,556778,7,5800
3636,399999,8,600
3637,669303,11,1100
3638,793445,8,1400
3639,765523,12,1400
3640,653132,10,1400
3641,304981,11,1200
3642,552962,11,1900
3643,327352,7,600
3644,889107,4,700
3645,194808,14,900
3646,844285,7,700
3647,671483,11,600
3648,465866,8,1000
3649,266390,8,800
3650,730464,5,600
3651,896272,7,600
3652,213597,10,700
3653,469847,7,600
3654,6601,18,1800
3655,172990,8,600
3656,832458,11,1300
3657,897508,8,700
3658,335502,17,1200
3659,847042,10,1100
3660,154396,12,1500
3661,591449,14,800
3662,351626,11,800
3663,505874,10,600
3664,110785,13,1300
3665,97940,13,1000
3666,415241,12,1400
3667,632575,14,1400
3668,510090,11,1000
3669,633839,14,1200
3670,662860,14,1200
3671,724083,8,700
3672,573824,13,900
3673,852874,13,700
3674,977913,5,700
3675,587034,9,800
3676,349149,12,1400
3677,702017,11,1500
3678,707874,11,1100
3679,109854,13,700
3680,464430,11,800
3681,894909,8,1000
3682,615152,7,900
3683,363658,9,1000
3684,537795,12,1200
3685,273446,9,800
3686,978156,7,1200
3687,810000,11,600
3688,887183,6,600
3689,941110,8,800
3690,42793,11,1100
3691,690982,10,600
3692,632355,10,1200
3693,829481,12,900
3694,257874,17,1900
3695,824394,12,1300
3696,931074,8,1000
3697,233488,10,1500
3698,118028,8,900
3699,487143,12,900
3700,920608,13,1700
3701,104901,16,1000
3702,196935,13,1000
3703,847376,9,700
3704,218556,10,700
3705,921785,16,1600
3706,966246,8,900
3707,54953,14,1300
3708,677847,8,800
3709,834985,8,600
3710,964744,6,700
3711,252772,16,1500
3712,957775,8,600
3713,936304,9,700
3714,290035,11,1500
3715,997929,5,600
3716,36765,12,1000
3717,103925,13,800
3718,470173,6,700
3719,174479,11,800
3720,530536,8,1000
3721,550212,11,1300
3722,838678,11,1200
3723,584071,7,800
3724,501763,12,1400
3725,840123,7,900
3726,273557,8,600
3727,540633,10,600
3728,938634,9,1100
3729,732187,5,800
3730,181085,19,1700
3731,848006,8,700
3732,840788,7,500
3733,674942,8,700
3734,170571,10,1200
3735,220107,10,800
3736,155477,10,700
3737,898023,8,1800
3738,897279,10,1500
3739,310407,12,800
3740,723667,7,700
3741,713909,5,800
3742,309925,13,1100
3743,338420,16,1300
3744,455747,7,800
3745,737458,6,800
3746,684127,12,700
3747,298769,11,1100
3748,194752,15,1000
3749,410312,5,900
3750,176209,7,700
3751,14944,18,1900
3752,150951,9,700
3753,536787,14,1200
3754,535944,13,1000
3755,564939,9,700
3756,694033,9,800
3757,751122,17,1800
3758,442183,11,900
3759,49506,17,1600
3760,796462,5,500
3761,612022,12,900
3762,770992,15,1700
3763,377791,10,1300
3764,416954,16,1300
3765,641437,9,900
3766,354380,11,900
3767,633227,9,700
3768,601375,8,1100
3769,494808,11,1400
3770,196087,12,800
3771,456665,5,600
3772,987943,10,2000
3773,251624,20,1900
3774,910507,5,800
3775,289200,11,5000
3776,917148,13,1600
3777,441544,9,700
3778,658727,6,900
3779,390182,10,1100
3780,306879,7,700
3781,501668,12,800
3782,165883,12,1100
3783,859943,10,900
3784,246049,11,1000
3785,303399,10,900
3786,300403,11,1000
3787,273365,11,800
3788,733857,8,800
3789,214578,12,800
3790,875229,10,1000
3791,703562,7,800
3792,247490,9,700
3793,169768,10,700
3794,801721,13,1200
3795,76664,12,1500
3796,547303,13,800
3797,993766,12,1400
3798,43197,11,800
3799,118898,16,1000
3800,324974,10,800
3801,948112,9,1100
3802,426050,12,1600
3803,635395,8,900
3804,404647,6,900
3805,370055,14,1100
3806,362254,12,5800
3807,429500,13,5200
3808,214640,12,900
3809,308662,15,1600
3810,239999,6,800
3811,626700,12,800
3812,418862,10,1100
3813,523660,8,900
3814,426640,9,800
3815,123847,12,900
3816,444394,7,800
3817,913860,10,900
3818,595339,9,800
3819,660745,3,600
3820,150789,10,600
3821,347167,9,800
3822,683275,13,800
3823,766772,9,800
3824,204825,8,900
3825,812404,13,800
3826,620653,8,800
3827,44116,12,800
3828,345838,10,600
3829,233181,7,600
3830,566355,10,1100
3831,284580,13,800
3832,546198,14,1400
3833,234067,6,600
3834,229780,12,1600
3835,205098,7,600
3836,208230,10,1000
3837,648724,11,900
3838,485123,14,900
3839,790845,13,1600
3840,772881,11,900
3841,977152,3,1000
3842,1115,16,1200
3843,684583,11,700
3844,8802,13,800
3845,688196,11,1300
3846,585220,11,1700
3847,686437,15,1500
3848,459542,12,1300
3849,507309,13,800
3850,681732,9,800
3851,39243,9,800
3852,686291,13,1400
3853,136862,17,1700
3854,780485,10,1100
3855,800836,6,800
3856,49673,18,1900
3857,151069,11,1000
3858,460350,10,700
3859,400439,7,700
3860,964580,9,1000
3861,611079,6,600
3862,783169,12,1400
3863,835206,9,600
3864,540523,11,900
3865,598820,10,700
3866,598625,12,700
3867,743600,9,13000
3868,559032,13,1600
3869,892437,13,1500
3870,601406,5,600
3871,236822,9,1000
3872,539988,10,800
3873,956458,9,900
3874,662831,13,800
3875,10651,15,1500
3876,996270,6,600
3877,923088,8,700
3878,289034,15,800
3879,211364,14,800
3880,972920,8,1100
3881,281191,11,1300
3882,448787,8,800
3883,858623,10,600
3884,776415,14,1200
3885,443506,9,600
3886,944510,5,600
3887,669856,12,1300
3888,584421,6,600
3889,779240,14,1100
3890,848866,9,700
3891,600262,7,500
3892,966812,10,900
3893,494695,9,700
3894,527485,12,800
3895,378108,10,600
3896,141185,15,800
3897,109960,13,700
3898,376094,8,600
3899,551035,9,700
3900,707698,10,700
3901,483853,11,800
3902,718195,9,700
3903,593644,10,800
3904,648589,12,1100
3905,577015,8,900
3906,170671,9,700
3907,657996,9,800
3908,853223,13,1400
3909,291125,12,1400
3910,21975,11,900
3911,487465,11,700
3912,63462,17,1000
3913,111990,12,1000
3914,767530,12,900
3915,501641,12,600
3916,928060,12,1600
3917,269663,14,900
3918,102571,17,1100
3919,461161,9,600
3920,578944,9,900
3921,895193,8,600
3922,367564,14,800
3923,905763,10,800
3924,156714,10,600
3925,373121,11,600
3926,37433,13,700
3927,416041,16,1300
3928,560939,10,1300
3929,487683,13,900
3930,286078,11,1000
3931,107693,14,700
3932,80679,7,600
3933,622529,5,500
3934,578005,13,6100
3935,51427,14,1000
3936,541008,9,600
3937,171692,11,1000
3938,212560,12,700
3939,544734,8,900
3940,264224,17,1800
3941,698358,8,800
3942,710943,10,800
3943,829079,7,700
3944,17011,14,800
3945,999582,1,600
3946,174719,11,1100
3947,741709,5,500
3948,789118,11,700
3949,370602,15,700
3950,520128,13,900
3951,671686,10,600
3952,4784,12,800
3953,477875,16,1600
3954,367472,14,1000
3955,702899,8,800
3956,960035,7,1000
3957,572506,14,800
3958,399657,10,900
3959,622961,7,1000
3960,595327,9,600
3961,924824,10,1100
3962,449716,7,600
3963,934252,6,7200
3964,708524,7,600
3965,61428,10,800
3966,646425,12,600
3967,218270,10,800
3968,104177,17,1200
3969,165197,13,800
3970,762117,15,1400
3971,132341,12,800
3972,404846,7,700
3973,920855,5,700
3974,250453,11,900
3975,277203,9,800
3976,68018,13,5500
3977,731107,6,1000
3978,243333,14,900
3979,604655,6,900
3980,46778,13,800
3981,3734,14,800
3982,666672,10,800
3983,630616,10,900
3984,927943,9,1600
3985,725307,7,700
3986,385987,11,1000
3987,460954,10,600
3988,744794,6,700
3989,258741,11,800
3990,847938,8,600
3991,242489,16,900
3992,47375,15,1400
3993,801101,8,900
3994,139638,18,8000
3995,439578,12,1700
3996,189716,12,900
3997,500970,11,700
3998,549682,10,700
3999,281538,8,500
4000,752324,12,800
4001,493150,9,700
4002,709569,7,700
4003,298101,11,700
4004,900196,10,1900
4005,502428,10,1000
4006,817967,14,1200
4007,728832,9,600
4008,266296,11,800
4009,499272,14,800
4010,570800,7,600
4011,990867,4,900
4012,215939,11,700
4013,435431,15,1500
4014,467760,11,700
4015,834758,11,600
4016,475098,8,700
4017,340726,11,600
4018,169271,13,800
4019,600508,7,600
4020,594916,9,1200
4021,854998,12,1000
4022,272504,10,600
4023,899941,10,1200
4024,599216,10,1000
4025,255396,15,1200
4026,375671,9,5300
4027,818077,12,700
4028,513651,10,800
4029,62311,11,700
4030,285718,14,1000
4031,985458,9,700
4032,264669,10,500
4033,380067,9,1000
4034,354810,10,700
4035,372419,11,700
4036,368918,10,700
4037,840010,10,700
4038,590942,13,1300
4039,187267,10,700
4040,112538,14,1300
4041,962194,8,1100
4042,2868,13,700
4043,250589,12,900
4044,124974,15,900
4045,365282,14,900
4046,201459,12,1200
4047,454770,9,700
4048,523837,9,900
4049,335973,17,1300
4050,911362,11,1300
4051,586493,9,700
4052,187412,10,500
4053,41089,13,1000
4054,354815,12,1000
4055,471640,8,800
4056,937847,8,700
4057,652258,8,800
4058,790636,9,1300
4059,123927,15,1000
4060,837406,16,1400
4061,450864,6,700
4062,114102,11,800
4063,101458,18,900
4064,309263,14,1200
4065,381599,14,800
4066,86180,14,1000
4067,886593,8,800
4068,516505,13,900
4069,689060,7,800
4070,221913,11,900
4071,234943,10,1400
4072,704426,5,600
4073,584709,8,1000
4074,89669,15,800
4075,388785,12,800
4076,742542,4,500
4077,264329,12,900
4078,879150,10,800
4079,721408,8,600
4080,48068,9,600
4081,133583,12,1200
4082,419095,10,600
4083,151682,22,1600
4084,573439,12,700
4085,36859,16,1100
4086,527498,11,6300
4087,269686,14,700
4088,262390,12,900
4089,102667,19,1600
4090,501127,12,1100
4091,623790,6,800
4092,637992,10,900
4093,231751,13,1400
4094,990537,5,500
4095,198471,12,900
4096,852656,16,1700
4097,400151,9,800
4098,339633,18,1300
4099,223828,7,700
4100,461248,11,1100
4101,987439,7,500
4102,329746,19,1000
4103,12761,15,900
4104,945853,4,500
4105,643237,10,800
4106,581208,9,600
4107,321267,10,800
4108,799863,10,700
4109,859682,15,1700
4110,205333,8,600
4111,580757,11,700
4112,958531,7,1900
4113,996791,5,1000
4114,206313,10,1000
4115,6893,17,6500
4116,899383,7,700
4117,369287,11,700
4118,690574,7,6000
4119,480229,19,2000
4120,143618,12,1200
4121,166434,11,700
4122,470398,9,800
4123,391813,10,900
4124,465573,10,900
4125,181043,13,900
4126,327361,10,1000
4127,487733,15,1300
4128,739346,6,700
4129,382991,12,700
4130,809046,10,1100
4131,209632,11,1000
4132,93151,12,800
4133,837677,14,1400
4134,618109,14,1600
4135,291125,12,800
4136,70503,11,800
4137,642933,6,800
4138,933023,6,600
4139,276743,12,1200
4140,754046,12,900
4141,16753,13,1100
4142,21787,15,6700
4143,614996,9,700
4144,892814,9,700
4145,980256,2,700
4146,932143,8,1400
4147,583523,9,4500
4148,358867,14,1000
4149,636201,8,900
4150,523902,9,700
4151,753670,14,800
4152,634159,11,700
4153,157933,15,1800
4154,39747,14,900
4155,888767,7,600
4156,294186,16,1000
4157,748917,13,900
4158,749587,16,1100
4159,451199,12,900
4160,91658,15,800
4161,26442,14,1000
4162,936904,7,700
4163,605450,6,700
4164,51019,13,900
4165,487588,18,1700
4166,75536,13,1200
4167,792758,12,2000
4168,712188,10,1200
4169,463802,10,800
4170,556944,7,700
4171,635665,7,700
4172,997814,11,6300
4173,120696,17,1800
4174,396150,6,800
4175,297570,14,900
4176,238841,8,700
4177,757775,12,5600
4178,154074,13,1500
4179,295496,13,800
4180,757732,11,700
4181,590182,16,1800
4182,588624,8,800
4183,113792,11,800
4184,312721,12,1000
4185,698862,7,1100
4186,984716,5,700
4187,528770,14,1300
4188,218699,9,600
4189,278483,14,1600
4190,627890,11,1000
4191,511754,12,900
4192,493869,10,800
4193,195278,15,1300
4194,623418,8,700
4195,894516,10,700
4196,346968,13,1400
4197,51031,15,1300
4198,802685,11,700
4199,443712,11,1200
4200,936720,11,6700
4201,690168,8,800
4202,245534,16,1000
4203,13110,14,1200
4204,410291,7,800
4205,51709,17,1400
4206,998615,2,1200
4207,579299,10,1000
4208,238680,10,800
4209,552456,9,2600
4210,104991,14,1000
4211,768129,12,1100
4212,440768,14,1000
4213,800833,10,900
4214,188341,11,900
4215,51508,15,1200
4216,579003,9,700
4217,808938,8,1200
4218,158028,16,2000
4219,262833,10,900
4220,683867,10,1600
4221,656656,12,1800
4222,770643,12,800
4223,487033,9,700
4224,382285,15,900
4225,250077,11,700
4226,732384,5,800
4227,552707,12,900
4228,125465,13,1400
4229,932683,11,1500
4230,888504,7,1200
4231,810744,14,1700
4232,140662,13,800
4233,447091,10,800
4234,857981,7,900
4235,229400,10,900
4236,703242,9,1300
4237,979651,3,900
4238,384693,13,900
4239,612666,12,1400
4240,874878,13,1000
4241,362126,12,1200
4242,719603,12,1000
4243,619120,6,700
4244,445883,9,700
4245,88190,18,1100
4246,953892,8,1300
4247,355785,13,5000
4248,817219,12,1800
4249,759972,14,1300
4250,624632,5,1100
4251,888368,13,2600
4252,477870,13,1300
4253,786096,11,2400
4254,696682,8,1400
4255,150449,14,1500
4256,350399,12,2000
4257,155196,12,800
4258,266414,9,1200
4259,160668,10,1300
4260,455330,8,1100
4261,770946,12,1000
4262,495351,7,1000
4263,695810,10,800
4264,558788,8,2100
4265,772975,13,1300
4266,532514,12,1100
4267,590172,13,1200
4268,42959,16,2500
4269,883343,11,2200
4270,984322,6,1200
4271,486924,10,1000
4272,157249,10,900
4273,868967,7,900
4274,619400,6,800
4275,755515,13,1000
4276,307432,8,1200
4277,567201,9,1000
4278,540687,9,800
4279,645537,6,1000
4280,941116,5,1300
4281,500578,14,2300
4282,30658,12,1200
4283,88098,18,2800
4284,356056,10,700
4285,940152,6,500
4286,616171,7,800
4287,961366,6,665900
4288,529175,8,32200
4289,76463,13,57600
4290,953368,7,1400
4291,935521,11,348300
4292,805319,8,1200
4293,52162,14,1900
4294,378540,11,1600
4295,269761,16,2100
4296,89357,18,10500
4297,401007,8,700
4298,356479,10,600
4299,472423,6,800
4300,16661,16,1600
4301,372835,13,700
4302,833523,10,900
4303,101372,18,1900
4304,872051,4,900
4305,95317,12,600
4306,477844,14,700
4307,190084,10,700
4308,250523,11,900
4309,430639,8,1100
4310,180459,15,700
4311,769504,12,1700
4312,127737,14,900
4313,327910,9,900
4314,850016,6,800
4315,711277,9,22500
4316,331054,15,800
4317,553323,10,800
4318,606665,12,1700
4319,935178,10,800
4320,366056,15,1400
4321,46905,12,700
4322,436755,11,800
4323,71160,10,500
4324,134429,9,3800
4325,948623,6,800
4326,163915,8,900
4327,297754,14,600
4328,146340,10,700
4329,305720,12,500
4330,948490,8,300
4331,285403,14,600
4332,874544,13,1000
4333,589189,9,1300
4334,692283,11,800
4335,853230,8,700
4336,666217,9,800
4337,678301,10,600
4338,147850,15,500
4339,308273,11,600
4340,936361,8,500
4341,924843,10,600
4342,927339,8,500
4343,710891,11,1400
4344,612560,11,600
4345,548277,16,1900
4346,832196,13,400
4347,620788,5,600
4348,207556,13,700
4349,796621,6,700
4350,431864,13,1200
4351,362420,13,600
4352,191688,13,500
4353,834784,13,1600
4354,779217,13,1800
4355,661635,15,1300
4356,51320,15,500
4357,802091,10,700
4358,125257,13,600
4359,551024,11,400
4360,960286,5,500
4361,527566,7,700
4362,465525,11,700
4363,672093,12,700
4364,599989,15,1800
4365,152505,12,7200
4366,872271,4,400
4367,208968,9,500
4368,77624,13,600
4369,537795,13,800
4370,398430,11,600
4371,719972,11,1200
4372,147621,17,1000
4373,449433,11,900
4374,78468,10,400
4375,458085,16,600
4376,575251,11,600
4377,548307,11,900
4378,942180,9,1300
4379,913371,11,700
4380,750765,12,800
4381,555746,10,600
4382,457454,5,400
4383,373430,13,500
4384,440074,9,500
4385,781542,12,600
4386,766216,10,700
4387,171496,11,800
4388,137514,12,700
4389,438684,10,500
4390,588890,11,1300
4391,244968,14,800
4392,906128,12,1400
4393,762613,13,700
4394,71158,11,500
4395,634578,12,1400
4396,739063,7,600
4397,474881,7,600
4398,450787,7,300
4399,475755,8,400
4400,351346,14,600
4401,65098,18,1400
4402,766469,13,400
4403,627267,12,600
4404,573923,14,1700
4405,849854,9,800
4406,870698,6,500
4407,445555,8,800
4408,54103,14,600
4409,756867,11,600
4410,436147,12,400
4411,705734,13,700
4412,34109,15,700
4413,841327,13,1200
4414,340445,14,900
4415,548276,12,400
4416,787265,9,500
4417,293008,10,900
4418,391979,14,1400
4419,234505,8,700
4420,339722,14,500
4421,809125,17,800
4422,968946,6,700
4423,696293,8,700
4424,83404,17,800
4425,197552,14,1000
4426,443200,11,400
4427,932700,6,800
4428,58186,16,600
4429,736099,11,1100
4430,547370,12,500
4431,423677,9,600
4432,881836,9,1000
4433,672247,11,1100
4434,534001,10,600
4435,129840,9,700
4436,857464,9,1000
4437,30108,14,800
4438,835472,19,1500
4439,797305,13,700
4440,565552,7,700
4441,435787,13,300
4442,461989,11,400
4443,228377,11,700
4444,420616,14,1200
4445,471159,10,1100
4446,782905,14,600
4447,372243,13,800
4448,459843,12,400
4449,464033,12,1000
4450,596590,12,800
4451,933900,6,500
4452,558633,10,600
4453,460363,11,400
4454,364420,17,1400
4455,392012,9,500
4456,636007,14,1100
4457,207940,11,900
4458,964488,9,600
4459,792161,12,400
4460,26499,14,700
4461,224226,7,700
4462,248281,13,600
4463,140770,12,600
4464,244858,15,400
4465,509198,10,800
4466,918744,9,1200
4467,660817,9,1300
4468,967671,9,300
4469,45753,16,900
4470,527916,8,400
4471,820378,9,700
4472,621554,7,600
4473,8493,14,700
4474,213870,11,600
4475,485304,11,800
4476,854372,8,600
4477,700862,11,1200
4478,510136,9,500
4479,56695,16,400
4480,782050,12,400
4481,160159,9,500
4482,930629,10,600
4483,731156,5,600
4484,692381,12,600
4485,201745,10,600
4486,237829,10,1000
4487,408320,7,500
4488,291637,13,600
4489,301749,15,500
4490,731072,8,400
4491,984003,9,600
4492,544629,10,500
4493,208131,16,700
4494,946468,11,600
4495,771518,12,4500
4496,888047,9,600
4497,861779,7,500
4498,644845,6,700
4499,778505,8,500
4500,672501,14,1400
4501,549785,9,500
4502,266927,11,700
4503,104698,21,1700
4504,50161,14,600
4505,701102,6,400
4506,160643,11,400
4507,737799,8,400
4508,654818,10,900
4509,224649,8,500
4510,862284,8,700
4511,983491,9,600
4512,187060,12,600
4513,396236,6,500
4514,627557,12,400
4515,654276,8,300
4516,72698,14,600
4517,315130,9,600
4518,302825,13,900
4519,724966,12,2400
4520,509962,8,500
4521,762631,13,22300
4522,112734,12,1400
4523,213544,12,800
4524,79925,11,800
4525,887496,8,800
4526,231294,9,700
4527,488179,12,1900
4528,91105,15,13800
4529,815626,12,800
4530,570276,5,700
4531,670331,10,700
4532,887813,8,400
4533,784190,12,700
4534,765840,13,700
4535,585534,9,600
4536,730305,10,1600
4537,590610,14,1400
4538,959127,8,700
4539,168554,15,700
4540,170200,13,500
4541,993690,7,600
4542,159466,10,500
4543,253148,13,800
4544,237963,9,500
4545,524909,9,700
4546,381632,16,1800
4547,971074,12,2000
4548,126803,12,900
4549,763341,13,600
4550,297187,12,800
4551,275041,14,800
4552,530362,7,1000
4553,734718,9,500
4554,98196,14,700
4555,331634,16,1000
4556,917270,8,1400
4557,194871,15,600
4558,389980,11,600
4559,763816,14,1500
4560,839331,13,1100
4561,666294,10,800
4562,14577,18,900
4563,914573,9,1000
4564,705148,4,600
4565,924398,9,600
4566,937601,6,600
4567,597834,8,500
4568,966262,8,1200
4569,645404,8,700
4570,179613,16,1600
4571,173637,13,700
4572,901145,12,1800
4573,437304,11,600
4574,516805,13,500
4575,503717,15,800
4576,661948,14,600
4577,852870,10,1400
4578,435468,14,1400
4579,671025,9,500
4580,562812,9,800
4581,40651,13,800
4582,161000,9,700
4583,86486,13,700
4584,864856,8,800
4585,392669,8,800
4586,774424,11,700
4587,822663,11,700
4588,496236,16,700
4589,256980,11,800
4590,360690,13,700
4591,943551,6,600
4592,581256,9,1500
4593,915485,10,600
4594,979720,3,600
4595,117794,12,6900
4596,617709,6,600
4597,903980,8,600
4598,426998,10,1100
4599,827777,10,600
4600,472547,9,1000
4601,525713,7,500
4602,428811,9,700
4603,965628,9,500
4604,65146,18,1700
4605,599844,10,1000
4606,531090,6,600
4607,382466,17,1400
4608,426907,9,2400
4609,34267,18,1100
4610,791356,8,600
4611,366709,12,500
4612,362633,14,400
4613,21626,14,700
4614,453035,11,500
4615,479144,11,700
4616,305082,9,600
4617,69609,14,700
4618,590621,12,500
4619,762058,19,1800
4620,216652,13,600
4621,708065,11,1300
4622,846387,13,700
4623,633884,8,600
4624,965030,8,400
4625,144256,11,600
4626,398365,12,6400
4627,613854,9,500
4628,71916,16,1200
4629,657661,9,1000
4630,801061,9,600
4631,354312,13,600
4632,449438,9,600
4633,892725,9,1300
4634,186900,13,800
4635,255540,14,600
4636,533070,13,800
4637,98660,12,500
4638,31812,12,600
4639,543001,7,1000
4640,347580,11,600
4641,793775,8,500
4642,412100,12,600
4643,36529,13,400
4644,553103,13,1400
4645,386589,10,400
4646,754081,12,700
4647,869884,6,500
4648,825394,11,500
4649,568422,9,500
4650,690903,6,700
4651,919710,5,700
4652,297801,14,600
4653,597092,10,500
4654,749524,16,500
4655,873892,13,1200
4656,328079,11,700
4657,988710,7,600
4658,595365,9,600
4659,104036,12,800
4660,184462,19,6500
4661,844580,8,700
4662,80960,19,600
4663,653314,11,500
4664,621753,7,500
4665,673868,11,800
4666,74733,12,500
4667,245903,14,1300
4668,206569,12,1100
4669,448699,8,500
4670,540305,10,800
4671,73163,14,400
4672,152371,12,900
4673,590343,11,400
4674,865752,8,500
4675,317835,14,700
4676,13538,13,600
4677,143545,12,600
4678,792126,13,500
4679,313142,11,1200
4680,450966,13,600
4681,234712,10,1200
4682,548027,11,500
4683,332905,16,600
4684,367672,10,400
4685,761440,15,500
4686,865609,9,700
4687,59067,14,1300
4688,230936,12,500
4689,410898,7,500
4690,678547,12,600
4691,522266,13,6500
4692,301286,13,1000
4693,342693,16,1200
4694,964795,11,900
4695,11860,18,1000
4696,564490,7,500
4697,993370,8,1000
4698,835144,16,1500
4699,284402,18,700
4700,447392,10,400
4701,789933,12,500
4702,760555,11,600
4703,801215,11,700
4704,177811,9,900
4705,447079,12,400
4706,574316,9,500
4707,445094,9,500
4708,28821,14,1400
4709,694032,9,600
4710,972726,4,500
4711,420601,14,600
4712,734584,9,800
4713,860290,9,700
4714,182139,17,1700
4715,574222,11,400
4716,844204,17,5900
4717,729049,7,400
4718,28421,13,33700
4719,712452,10,9400
4720,777046,13,800
4721,72199,15,500
4722,920731,7,600
4723,30755,12,500
4724,140297,10,500
4725,452356,12,500
4726,130252,9,900
4727,519585,10,700
4728,893603,8,400
4729,320610,14,800
4730,228059,10,600
4731,632449,10,500
4732,685958,8,600
4733,14142,19,700
4734,490694,8,1000
4735,581846,12,700
4736,7346,16,600
4737,336275,15,600
4738,440949,13,500
4739,287526,12,500
4740,682684,10,400
4741,380968,8,500
4742,827452,11,1300
4743,147113,16,600
4744,871405,6,600
4745,413738,13,500
4746,229645,10,600
4747,554353,10,400
4748,562938,10,700
4749,505300,15,1600
4750,252477,14,600
4751,73827,13,500
4752,944027,6,500
4753,100042,12,600
4754,874801,13,1300
4755,325066,11,700
4756,805638,9,1100
4757,71525,17,400
4758,470158,9,600
4759,743641,6,700
4760,800105,9,500
4761,188760,14,1000
4762,155937,13,600
4763,212656,12,400
4764,163699,10,600
4765,853592,7,400
4766,395063,7,600
4767,606946,10,500
4768,730574,6,400
4769,146533,10,500
4770,129903,11,500
4771,741804,6,500
4772,194885,15,600
4773,154949,14,500
4774,439404,14,1400
4775,618633,9,500
4776,372562,13,1100
4777,564388,10,1200
4778,856373,6,500
4779,327477,7,400
4780,51860,13,500
4781,941605,4,600
4782,405373,11,500
4783,602812,8,600
4784,891679,10,400
4785,898249,9,700
4786,649790,10,1000
4787,567677,10,1100
4788,272238,17,6400
4789,754490,13,800
4790,758078,16,1100
4791,692288,12,1100
4792,570355,10,900
4793,220085,10,700
4794,418356,13,700
4795,246513,15,500
4796,844175,11,500
4797,562578,9,400
4798,6659,12,700
4799,52217,12,400
4800,62109,15,1100
4801,308402,12,700
4802,971045,9,500
4803,765624,14,600
4804,60265,14,800
4805,145476,10,500
4806,685603,7,500
4807,467616,11,1200
4808,45951,14,600
4809,121779,16,600
4810,186688,12,600
4811,190001,12,400
4812,68509,17,1000
4813,192880,11,500
4814,631734,9,700
4815,711757,7,400
4816,278602,14,1300
4817,156055,12,700
4818,797976,14,6300
4819,144439,12,700
4820,381824,13,700
4821,904257,8,500
4822,332758,21,2000
4823,291884,12,500
4824,911492,5,500
4825,374821,17,1400
4826,761503,16,1000
4827,957662,8,500
4828,359895,19,2000
4829,506283,13,1200
4830,925217,10,800
4831,268681,10,900
4832,93060,13,700
4833,693967,9,900
4834,81836,17,1400
4835,706996,10,600
4836,84058,17,1000
4837,812526,14,800
4838,674740,8,500
4839,359238,17,1100
4840,531828,6,600
4841,20529,17,1200
4842,906485,7,500
4843,491075,14,600
4844,401524,11,20100
4845,3155,17,1500
4846,794673,8,600
4847,714977,8,600
4848,244366,18,1200
4849,385872,15,1000
4850,114133,10,700
4851,53451,13,500
4852,546752,13,700
4853,209067,9,600
4854,517114,12,500
4855,211377,14,700
4856,28960,10,800
4857,694044,13,1400
4858,370311,14,1000
4859,930698,9,1000
4860,863309,10,700
4861,721429,6,600
4862,855283,7,600
4863,749095,14,600
4864,965255,13,1400
4865,976368,11,5400
4866,80936,21,1600
4867,803957,8,600
4868,867931,12,500
4869,760759,10,600
4870,160835,10,1200
4871,266191,14,1000
4872,984631,13,7900
4873,305551,14,600
4874,130808,14,1400
4875,342078,18,1400
4876,885852,10,700
4877,218113,10,500
4878,744019,5,800
4879,337678,11,700
4880,617520,8,400
4881,625190,5,400
4882,128153,12,700
4883,465038,9,700
4884,382963,12,600
4885,927663,10,600
4886,899789,10,1100
4887,534307,13,700
4888,338954,15,500
4889,784719,11,600
4890,194446,19,500
4891,614537,10,600
4892,743671,4,500
4893,979077,6,900
4894,545181,8,600
4895,833000,13,1100
4896,226602,12,600
4897,446921,17,1800
4898,237309,11,600
4899,766094,13,900
4900,527984,8,400
4901,777362,12,1000
4902,584115,9,600
4903,351247,14,5700
4904,746314,5,700
4905,824962,14,1300
4906,424493,13,700
4907,768822,14,1200
4908,264793,11,600
4909,736751,8,700
4910,257663,15,800
4911,429095,9,600
4912,121716,16,1100
4913,282575,18,500
4914,219976,11,400
4915,435795,9,600
4916,765852,12,400
4917,125567,12,600
4918,124595,15,1100
4919,405590,11,500
4920,586119,9,1000
4921,500400,15,1200
4922,468505,10,700
4923,533296,12,500
4924,62232,13,600
4925,948143,10,1100
4926,196,20,1200
4927,963294,7,500
4928,216432,13,1400
4929,269583,14,700
4930,355855,12,700
4931,95444,12,600
4932,98334,15,1100
4933,406900,11,600
4934,847785,13,1500
4935,508762,9,600
4936,140914,15,500
4937,440831,13,1200
4938,483960,11,600
4939,199680,13,700
4940,929007,8,500
4941,589201,7,600
4942,234330,10,700
4943,489855,11,600
4944,531742,7,500
4945,40062,13,600
4946,757190,14,600
4947,751982,17,500
4948,533375,12,400
4949,216720,15,1400
4950,318993,14,700
4951,579613,9,700
4952,561115,12,600
4953,532277,16,500
4954,958157,9,600
4955,163538,11,800
4956,95925,12,400
4957,619526,8,1100
4958,253900,16,800
4959,988702,9,1300
4960,133342,10,500
4961,175860,17,1200
4962,373506,10,500
4963,858586,13,600
4964,609448,8,700
4965,669713,12,5500
4966,768264,11,500
4967,449475,9,500
4968,550578,11,1200
4969,341305,15,600
4970,546685,14,400
4971,327471,9,500
4972,412899,12,700
4973,204571,12,1000
4974,897159,8,600
4975,312364,13,700
4976,219442,11,800
4977,812199,13,800
4978,166839,12,1000
4979,101940,14,600
4980,473185,6,500
4981,584982,10,500
4982,256267,14,1000
4983,284430,18,1500
4984,872457,4,600
4985,815889,14,1100
4986,452044,11,1500
4987,990787,6,600
4988,91089,15,600
4989,372927,15,800
4990,406744,11,700
4991,574075,12,800
4992,625464,4,400
4993,250798,11,15100
4994,473018,8,500
4995,756789,12,1500
4996,615762,10,500
4997,829213,8,6800
4998,548277,11,600
4999,521376,12,600
5000,449488,11,1200
5001,522979,12,400
5002,721120,9,800
5003,635992,10,900
5004,644919,6,800
5005,519424,12,600
5006,684523,8,700
5007,338304,12,8800
5008,642035,9,900
5009,340031,13,1000
5010,10303,13,800
5011,25016,14,600
5012,277125,12,700
5013,158148,15,1500
5014,803908,9,400
5015,307387,10,600
5016,547159,13,1200
5017,266424,11,500
5018,397884,10,500
5019,683352,9,500
5020,60272,12,500
5021,140749,14,500
5022,706444,12,600
5023,427659,13,1000
5024,63234,15,600
5025,741168,4,800
5026,5339,16,800
5027,745464,6,2100
5028,463457,13,700
5029,335435,14,600
5030,890707,11,700
5031,368195,9,600
5032,941262,5,800
5033,87219,14,900
5034,527941,9,7400
5035,914766,9,700
5036,889842,5,600
5037,407093,9,400
5038,955433,10,700
5039,514704,8,700
5040,932902,5,500
5041,874424,10,600
5042,639555,11,700
5043,960591,8,1300
5044,492335,11,700
5045,996431,3,500
5046,523936,12,1100
5047,625786,4,400
5048,652935,13,700
5049,264286,13,700
5050,784319,13,600
5051,92581,14,1000
5052,240022,6,600
5053,829157,11,900
5054,444685,17,54300
5055,250657,14,1600
5056,334592,11,700
5057,176750,8,700
5058,864265,8,600
5059,173687,11,1200
5060,942103,3,600
5061,752079,16,1000
5062,815175,14,700
5063,644097,10,900
5064,319665,14,600
5065,543197,11,8100
5066,394448,8,700
5067,373030,13,400
5068,510357,8,500
5069,784109,15,1500
5070,447590,13,1200
5071,30640,13,1400
5072,173135,11,700
5073,625160,7,600
5074,791077,10,800
5075,688076,6,500
5076,857955,6,700
5077,218986,10,500
5078,108484,13,1000
5079,193565,11,700
5080,102046,14,400
5081,18295,14,1100
5082,650619,12,1400
5083,206908,11,700
5084,624456,8,700
5085,836219,10,1100
5086,830207,12,500
5087,601873,12,600
5088,806325,7,500
5089,742748,7,1300
5090,186025,10,15800
5091,185607,13,500
5092,545658,9,500
5093,474271,8,700
5094,853749,7,700
5095,984239,5,700
5096,230909,12,1500
5097,22995,16,600
5098,360293,12,900
5099,709235,10,900
5100,387942,11,900
5101,135582,16,700
5102,164485,19,1600
5103,905332,7,800
5104,576242,9,700
5105,103138,15,600
5106,761162,17,700
5107,416067,15,600
5108,573030,13,400
5109,559371,9,700
5110,450964,14,1100
5111,142201,13,1200
5112,156576,17,1400
5113,260919,15,600
5114,423891,10,500
5115,579508,12,1500
5116,225224,7,600
5117,245443,17,900
5118,325381,12,700
5119,353838,9,800
5120,742438,7,400
5121,63406,15,500
5122,468445,11,6000
5123,674619,9,1100
5124,378958,9,600
5125,331693,14,3100
5126,145599,16,2200
5127,227743,10,700
5128,277494,11,700
5129,470731,10,800
5130,187304,11,700
5131,394249,10,1100
5132,712104,9,1100
5133,684985,11,700
5134,818923,13,12400
5135,38640,17,1100
5136,608338,9,1000
5137,424569,12,900
5138,518870,10,1400
5139,131657,13,1000
5140,466363,12,1000
5141,357155,8,700
5142,970739,7,900
5143,235746,12,700
5144,17232,18,2700
5145,206675,10,900
5146,851434,10,1100
5147,578910,14,1400
5148,341853,14,600
5149,665456,12,1000
5150,795652,9,1200
5151,31309,12,800
5152,986775,8,2000
5153,877017,11,800
5154,47754,12,700
5155,819559,12,600
5156,510037,8,800
5157,917037,8,800
5158,394444,9,400
5159,798438,11,600
5160,223647,9,600
5161,711031,10,500
5162,778749,11,700
5163,361021,10,700
5164,428895,11,700
5165,531957,8,1100
5166,934524,3,600
5167,596600,11,700
5168,603253,7,500
5169,893828,10,900
5170,433070,10,1000
5171,180657,13,900
5172,261094,15,600
5173,916841,9,300
5174,769606,12,600
5175,838188,11,700
5176,662644,15,500
5177,875262,12,1000
5178,597094,12,700
5179,662288,13,500
5180,976712,8,800
5181,326839,9,800
5182,155167,14,1700
5183,388419,9,700
5184,553612,10,800
5185,932816,9,1000
5186,125781,12,600
5187,271776,13,900
5188,935253,9,1500
5189,996053,4,700
5190,594110,12,700
5191,887064,11,1000
5192,675006,7,600
5193,138701,16,700
5194,839177,12,500
5195,809826,19,1400
5196,926992,10,600
5197,401796,9,700
5198,274715,17,600
5199,892064,11,400
5200,862173,9,600
5201,482868,10,700
5202,388084,10,600
5203,173392,13,600
5204,545004,10,1300
5205,499151,10,800
5206,812848,14,900
5207,455083,15,1500
5208,223118,9,900
5209,710572,11,600
5210,759786,14,1100
5211,86174,15,1100
5212,972943,9,500
5213,661579,16,1000
5214,407035,10,600
5215,770082,12,400
5216,31560,12,1300
5217,713862,6,600
5218,344096,12,600
5219,22330,16,1500
5220,153745,11,600
5221,995735,5,400
5222,682297,5,500
5223,627720,14,1400
5224,810837,18,1400
5225,509760,12,800
5226,556270,8,500
5227,583501,11,600
5228,546558,14,700
5229,781211,18,1600
5230,27820,13,500
5231,953212,13,1200
5232,117390,10,600
5233,785534,11,400
5234,546125,7,600
5235,957881,10,25100
5236,868239,10,1800
5237,228682,12,900
5238,621974,6,1100
5239,401971,9,500
5240,572195,8,1200
5241,499025,11,700
5242,278042,15,800
5243,410906,7,300
5244,100789,11,800
5245,786849,10,400
5246,630715,11,6900
5247,228415,11,500
5248,313680,10,900
5249,734641,8,800
5250,170192,17,1900
5251,691144,5,7100
5252,674830,11,900
5253,90471,14,1200
5254,60578,12,700
5255,755660,12,600
5256,139560,13,800
5257,582596,12,500
5258,876113,11,500
5259,527441,11,700
5260,776621,12,600
5261,796589,12,1200
5262,934100,5,600
5263,783391,13,600
5264,709518,14,1600
5265,221271,11,600
5266,498334,12,600
5267,49408,17,600
5268,161238,14,1300
5269,339597,15,700
5270,893915,7,400
5271,530711,8,500
5272,681590,9,700
5273,165537,18,1000
5274,838489,11,600
5275,573339,14,700
5276,481342,13,7300
5277,340589,11,500
5278,364036,11,900
5279,423406,13,1500
5280,689960,9,1000
5281,377221,11,700
5282,281546,9,500
5283,176158,10,1300
5284,683791,9,600
5285,948091,12,700
5286,9885,15,1200
5287,775671,15,1100
5288,823165,16,1400
5289,409549,9,800
5290,284119,21,1900
5291,1346,18,700
5292,726177,7,800
5293,413103,13,600
5294,939959,7,500
5295,243423,15,800
5296,318111,15,1500
5297,230065,10,1100
5298,546249,8,700
5299,29370,10,500
5300,116546,11,600
5301,181070,15,800
5302,664612,19,2300
5303,951789,15,6400
5304,317837,17,1300
5305,352464,11,620600
5306,703053,8,1300
5307,367730,9,2000
5308,925999,10,800
5309,319522,12,700
5310,350585,11,800
5311,762243,14,700
5312,782356,14,2100
5313,171316,7,600
5314,147248,16,800
5315,240784,6,700
5316,804120,9,1000
5317,459397,15,1700
5318,743309,7,900
5319,964636,11,800
5320,926806,12,600
5321,667920,16,2300
5322,310178,10,800
5323,343029,13,700
5324,832863,14,1800
5325,409045,15,1400
5326,506680,12,800
5327,527118,8,600
5328,667399,12,400
5329,749506,20,1200
5330,888244,13,55200
5331,47674,11,104100
5332,54361,14,27500
5333,913598,11,23900
5334,366357,9,4400
5335,592519,11,5600
5336,796650,5,3100
5337,261715,12,5000
5338,40089,15,4800
5339,298677,15,68300
5340,515211,5,4000
5341,301685,15,4800
5342,877951,14,5900
5343,421010,15,5500
5344,809496,9,6300
5345,580211,7,3900
5346,771048,11,4800
5347,748787,15,4700
5348,789229,17,7500
5349,225721,7,4500
5350,681431,13,5500
5351,433745,10,4800
5352,400824,9,4200
5353,452095,6,3900
5354,925015,9,3900
5355,451261,7,3300
5356,296298,14,4800
5357,121938,12,9400
5358,315516,10,4900
5359,906433,7,4600
5360,236359,11,12700
5361,683069,10,4700
5362,420033,14,5600
5363,163605,9,4300
5364,719262,11,4500
5365,834260,7,3800
5366,494928,11,5400
5367,38651,16,4900
5368,78994,8,3900
5369,959708,8,4000
5370,657889,9,4200
5371,325880,11,4700
5372,805526,10,3900
5373,991514,7,3700
5374,768762,10,3800
5375,408815,10,7200
5376,210295,7,3700
5377,910455,7,4600
5378,17492,13,4400
5379,99099,13,5000
5380,376019,8,3800
5381,415501,17,4600
5382,685086,11,2725500
5383,122984,11,6600
5384,242663,20,8000
5385,523344,10,5000
5386,209819,10,4300
5387,902447,8,4400
5388,363462,9,4700
5389,518939,9,3600
5390,110950,10,4300
5391,455372,9,5700
5392,747686,4,3300
5393,650518,10,12900
5394,956502,9,4800
5395,241182,15,4000
5396,331733,10,3900
5397,654466,11,3900
5398,137788,18,4700
5399,630107,11,3800
5400,146889,12,4500
5401,847393,10,4900
5402,176713,9,4100
5403,726221,10,5000
5404,596052,10,4300
5405,862021,8,3800
5406,642445,8,3700
5407,743213,5,3300
5408,80886,21,6000
5409,47539,12,4200
5410,583130,8,3400
5411,209946,9,4300
5412,166028,12,10500
5413,542386,9,4900
5414,510663,9,4600
5415,240822,13,5100
5416,652839,14,5000
5417,406262,12,12800
5418,851664,8,4000
5419,604574,6,3500
5420,175224,9,3600
5421,973604,8,3800
5422,587483,5,3200
5423,592580,10,3800
5424,955431,12,3900
5425,664130,13,4400
5426,34901,16,4200
5427,911914,5,3500
5428,414274,10,4200
5429,275837,13,4300
5430,530299,8,9300
5431,650812,17,6000
5432,15250,17,5000
5433,978645,6,3500
5434,184949,11,4000
5435,167819,10,3500
5436,839562,11,4600
5437,505065,9,3800
5438,182620,13,10700
5439,988194,11,4900
5440,3161,16,4500
5441,282650,15,4500
5442,165276,13,3800
5443,539399,11,4600
5444,119391,14,4200
5445,965215,10,4600
5446,353653,9,4000
5447,636175,9,3900
5448,272699,13,8000
5449,73701,14,4700
5450,559387,7,4200
5451,534046,9,3600
5452,46659,14,4200
5453,465057,8,3900
5454,316478,13,4300
5455,86331,14,4500
5456,531661,5,3100
5457,701491,9,4100
5458,204772,11,4000
5459,379468,10,4600
5460,708778,12,4200
5461,871416,8,4100
5462,636529,7,3300
5463,27378,16,4700
5464,441715,8,3300
5465,354412,11,3700
5466,899209,9,3600
5467,803267,8,9100
5468,276539,12,4100
5469,529658,9,4000
5470,256972,11,3900
5471,485216,12,3900
5472,588516,7,3500
5473,743395,7,4300
5474,243136,15,4300
5475,916851,9,3700
5476,461901,16,5600
5477,891270,11,3800
5478,385805,15,4400
5479,230024,12,5000
5480,769065,11,4700
5481,380241,14,3700
5482,625377,4,3300
5483,977092,5,3500
5484,406635,11,4600
5485,934469,4,8800
5486,651124,15,4200
5487,976326,6,3300
5488,186397,18,5400
5489,106015,17,5100
5490,317477,12,4200
5491,357144,9,4500
5492,286736,13,4700
5493,759336,13,5000
5494,627267,14,4000
5495,605521,5,3400
5496,723438,10,3600
5497,770907,10,4200
5498,645033,10,4100
5499,320139,10,3600
5500,952235,10,3600
5501,331886,10,3800
5502,42753,12,3600
5503,979517,4,7400
5504,642138,12,4100
5505,137599,16,4600
5506,925673,9,4000
5507,345524,12,67004000
5508,819356,9,329600
5509,585052,9,17800
5510,93106,13,1200
5511,313907,13,3000
5512,729587,8,1200
5513,698607,9,1200
5514,54981,13,1100
5515,919459,6,1000
5516,974964,6,800
5517,933124,7,900
5518,285920,14,700
5519,794360,14,18800
5520,115483,12,1000
5521,400377,11,1600
5522,884222,15,2400
5523,879971,7,600
5524,430584,7,1200
5525,418305,11,1100
5526,448021,9,1100
5527,131565,13,800
5528,159176,14,800
5529,258004,14,1600
5530,874233,10,500
5531,363511,12,1900
5532,652895,9,900
5533,765687,16,1500
5534,455710,6,700
5535,808651,5,600
5536,748160,3,700
5537,133795,8,700
5538,542650,8,800
5539,386974,12,800
5540,895823,6,600
5541,465877,10,1700
5542,574665,10,7200
5543,293604,9,900
5544,839581,10,800
5545,206513,11,800
5546,260074,8,600
5547,842576,9,500
5548,245987,13,700
5549,238484,7,900
5550,277927,13,1400
5551,701799,9,700
5552,550923,9,700
5553,58485,11,800
5554,368274,7,600
5555,667840,13,700
5556,995303,6,700
5557,197430,13,800
5558,218826,14,8600
5559,648154,12,700
5560,696452,12,600
5561,71693,15,1500
5562,166365,12,800
5563,432090,9,800
5564,774041,12,700
5565,234313,12,700
5566,133703,9,700
5567,166175,14,900
5568,155226,11,700
5569,251012,9,500
5570,786073,12,1100
5571,327300,10,1000
5572,503082,7,700
5573,188964,12,800
5574,929845,7,700
5575,495921,14,1300
5576,238765,10,700
5577,925517,10,600
5578,803894,7,600
5579,733406,12,700
5580,144315,15,700
5581,983847,7,900
5582,140780,16,1200
5583,703910,7,500
5584,57392,11,900
5585,977799,9,600
5586,545668,12,1200
5587,977731,7,400
5588,319136,11,700
5589,396796,17,2000
5590,822151,10,800
5591,144108,17,400
5592,244008,17,600
5593,276729,12,600
5594,54265,15,800
5595,179080,15,600
5596,846304,10,1000
5597,715354,10,1400
5598,207393,9,600
5599,764045,10,700
5600,631980,10,700
5601,639956,12,1000
5602,627497,13,600
5603,794554,9,600
5604,10098,19,2200
5605,321022,13,1300
5606,966043,8,600
5607,838893,10,500
5608,773925,13,1300
5609,377590,10,900
5610,324491,17,1300
5611,500770,7,700
5612,987008,4,700
5613,272369,13,600
5614,982228,6,500
5615,421256,8,600
5616,545679,11,1300
5617,459235,9,600
5618,898234,11,700
5619,974273,10,1100
5620,836583,4,700
5621,911559,8,900
5622,740847,6,500
5623,134839,9,600
5624,38518,14,800
5625,850635,10,700
5626,964529,6,500
5627,55830,14,800
5628,140469,13,700
5629,657372,9,700
5630,141968,13,500
5631,151913,13,600
5632,394042,10,73637100
5633,53385,13,21400
5634,138573,19,3800
5635,576084,11,1100
5636,980137,4,1300
5637,646486,11,1300
5638,184030,12,900
5639,466987,11,1100
5640,496907,10,700
5641,477344,15,800
5642,345935,9,9300
5643,56302,10,800
5644,683319,11,1500
5645,49960,14,700
5646,230786,11,900
5647,134179,9,1100
5648,32300,10,800
5649,116349,12,700
5650,911575,6,800
5651,942222,8,900
5652,887681,10,700
5653,730442,10,700
5654,600551,6,900
5655,947854,12,700
5656,872819,12,800
5657,443322,12,1000
5658,949353,14,500
5659,138199,18,800
5660,609950,7,700
5661,810115,8,700
5662,784183,10,800
5663,467847,10,1800
5664,197127,12,800
5665,93398,12,700
5666,734635,10,600
5667,501543,10,1100
5668,129814,9,800
5669,584609,7,700
5670,698403,10,800
5671,445953,9,500
5672,411361,14,1300
5673,172799,10,600
5674,915301,6,600
5675,867289,8,600
5676,659106,7,600
5677,684542,9,600
5678,758747,11,1100
5679,384329,14,6100
5680,50635,12,700
5681,997770,6,600
5682,85247,13,600
5683,729852,8,700
5684,262256,13,1300
5685,481402,11,700
5686,994834,8,1200
5687,971527,10,1000
5688,698531,9,900
5689,625335,5,800
5690,533317,13,1000
5691,34079,16,600
5692,618142,12,1700
5693,959045,10,600
5694,578555,10,1000
5695,231483,10,600
5696,534360,11,500
5697,196975,13,700
5698,288806,15,1500
5699,42183,14,700
5700,253754,10,1000
5701,73683,15,1600
5702,533710,11,500
5703,259137,9,500
5704,530219,9,600
5705,609223,10,400
5706,545648,10,600
5707,174132,12,600
5708,84232,15,500
5709,385959,14,700
5710,274179,15,5200
5711,267535,8,500
5712,939055,5,700
5713,737021,8,700
5714,684374,10,900
5715,485218,14,1100
5716,744250,8,600
5717,962507,5,400
5718,465749,12,1500
5719,158004,15,600
5720,122890,12,700
5721,177271,10,600
5722,318826,14,800
5723,39043,17,1200
5724,617657,8,500
5725,658836,8,700
5726,21567,11,900
5727,666713,10,600
5728,836209,7,1200
5729,480201,15,600
5730,603746,9,1200
5731,877703,12,700
5732,209563,10,500
5733,860448,8,800
5734,143106,18,700
5735,396161,7,700
5736,665583,11,800
5737,754093,12,900
5738,501142,11,600
5739,581589,5,700
5740,726506,7,600
5741,430360,7,900
5742,76573,10,800
5743,865481,8,700
5744,518942,11,6500
5745,530058,9,1000
5746,785216,14,1300
5747,427089,7,500
5748,685347,9,500
5749,170928,9,600
5750,316179,15,600
5751,907626,5,600
5752,410795,9,600
5753,129455,10,1200
5754,222842,15,172072500
5755,954902,9,1600
5756,196211,14,1100
5757,125924,10,1000
5758,121512,16,500
5759,615860,8,1700
5760,774614,11,1100
5761,575446,9,1000
5762,884739,9,700
5763,179387,16,600
5764,933820,7,700
5765,478651,12,800
5766,498916,11,600
5767,808467,6,700
5768,562031,9,800
5769,930659,9,600
5770,904506,8,800
5771,380048,10,900
5772,239438,10,800
5773,159813,15,800
5774,950669,12,1500
5775,270604,10,1000
5776,911322,6,600
5777,9381,14,800
5778,127584,15,9500
5779,203103,14,2900
5780,833389,7,1100
5781,153630,15,700
5782,544881,7,700
5783,723837,8,1000
5784,766603,11,1100
5785,581137,6,800
5786,570394,7,3600
5787,58285,12,1200
5788,943569,6,900
5789,424362,8,1000
5790,194457,17,2000
5791,270818,16,1400
5792,798666,10,700
5793,137932,20,1600
5794,406893,9,1100
5795,540664,13,1600
5796,132833,11,800
5797,698201,11,2100
5798,242199,16,800
5799,940876,5,500
5800,311408,8,800
5801,198175,13,500
5802,153920,15,1300
5803,305976,12,1100
5804,978423,6,800
5805,720994,11,800
5806,5689,14,700
5807,913322,12,1300
5808,743400,11,1500
5809,429506,9,600
5810,614044,13,2200
5811,602719,13,1700
5812,255518,11,233100
5813,68745,13,1000
5814,129682,15,2600
5815,798657,13,1500
5816,637486,14,900
5817,400787,9,600
5818,172207,13,800
5819,313883,9,700
5820,234198,12,1200
5821,679898,10,700
5822,247607,17,1500
5823,175541,9,500
5824,61907,12,1100
5825,632670,11,800
5826,281796,8,600
5827,329617,5,600
5828,840910,7,900
5829,343341,11,900
5830,633151,13,500
5831,48256,16,600
5832,463862,7,700
5833,484116,11,700
5834,711307,10,700
5835,450657,9,900
5836,832489,10,1200
5837,160866,11,700
5838,750850,11,700
5839,769911,11,1500
5840,715723,11,600
5841,330773,12,800
5842,681367,9,500
5843,341030,8,600
5844,97849,13,800
5845,454180,9,1000
5846,949723,11,600
5847,303242,12,700
5848,780184,7,600
5849,222248,12,500
5850,291803,12,700
5851,188661,14,600
5852,380039,11,600
5853,5608,18,1000
5854,535270,11,700
5855,45507,16,1100
5856,97523,14,700
5857,307135,10,400
5858,934636,3,700
5859,434202,9,900
5860,816904,12,700
5861,287084,12,500
5862,266177,12,600
5863,153603,14,500
5864,969413,6,500
5865,236022,11,1400
5866,651009,11,1700
5867,575392,10,800
5868,970024,10,600
5869,777786,8,600
5870,436430,6,500
5871,552585,11,600
5872,304521,9,500
5873,63571,14,600
5874,867829,8,900
5875,811847,10,500
5876,890819,13,700
5877,772324,8,300
5878,990447,7,1300
5879,674412,11,600
5880,382028,13,700
5881,191173,8,2000
5882,145795,13,900
5883,194381,20,4400
5884,215334,14,800
5885,135623,19,1700
5886,349385,10,800
5887,309470,10,700
5888,950574,11,1300
5889,91494,15,900
5890,648073,13,900
5891,396712,14,600
5892,128402,14,1800
5893,76298,9,600
5894,782017,12,900
5895,323945,12,600
5896,946592,15,700
5897,374394,13,500
5898,612549,12,1700
5899,156744,13,800
5900,181817,12,600
5901,247838,18,1500
5902,761921,13,600
5903,714803,11,700
5904,341028,11,1000
5905,111022,10,900
5906,736410,13,1800
5907,329879,13,800
5908,592959,13,2200
5909,645629,7,800
5910,220339,10,1100
5911,57211,14,1600
5912,945360,4,800
5913,203548,22,2500
5914,842700,10,800
5915,580154,12,1300
5916,339001,13,500
5917,123244,11,600
5918,335492,12,500
5919,919131,9,800
5920,607178,12,1600
5921,4676,14,800
5922,751167,17,900
5923,326478,9,700
5924,221361,11,600
5925,85882,16,1300
5926,893602,7,600
5927,489542,12,700
5928,634444,9,900
5929,994130,8,800
5930,964731,9,700
5931,354605,13,1500
5932,687135,10,700
5933,555649,11,1600
5934,333374,10,500
5935,340681,11,400
5936,595169,6,500
5937,919260,8,1000
5938,928426,9,1100
5939,407593,8,600
5940,311153,12,800
5941,237474,7,600
5942,815819,7,800
5943,227083,11,600
5944,742566,6,500
5945,730978,10,1100
5946,724120,8,600
5947,204238,13,500
5948,567043,10,600
5949,779851,8,500
5950,174076,13,600
5951,430158,8,1100
5952,717193,8,500
5953,586126,7,700
5954,38578,18,1600
5955,685473,9,500
5956,661031,13,700
5957,303602,10,700
5958,630985,12,600
5959,195373,10,500
5960,720653,10,600
5961,556340,12,1000
5962,955591,11,1100
5963,95844,13,800
5964,406302,11,500
5965,700440,16,1400
5966,389738,10,600
5967,562206,10,600
5968,236228,11,400
5969,977104,5,600
5970,573065,14,1400
5971,906705,8,600
5972,275677,18,1900
5973,69192,15,500
5974,992474,4,500
5975,249839,12,500
5976,485459,14,500
5977,203468,13,300
5978,144461,14,500
5979,621277,5,600
5980,878985,11,1000
5981,243607,12,500
5982,721941,13,800
5983,449227,12,800
5984,711985,12,500
5985,317049,13,600
5986,671302,9,500
5987,597428,7,500
5988,227514,12,600
5989,291171,11,700
5990,710681,13,400
5991,797812,14,1500
5992,336679,11,600
5993,90322,12,600
5994,557325,9,700
5995,146177,14,400
5996,761723,15,400
5997,239254,11,4700
5998,860136,12,9900
5999,213383,16,1000
6000,461392,7,1100
6001,436030,8,800
6002,925468,10,2400
6003,322468,13,1300
6004,844552,8,800
6005,786146,9,800
6006,151748,15,800
6007,72189,12,1000
6008,48922,15,800
6009,978957,5,900
6010,332877,11,1100
6011,832443,8,900
6012,639758,12,1000
6013,739909,6,1000
6014,68018,17,600
6015,188902,13,1500
6016,313796,10,1200
6017,583671,9,800
6018,856735,4,600
6019,284572,13,600
6020,395181,7,700
6021,579780,9,1200
6022,25975,14,1100
6023,626285,16,700
6024,978077,8,1100
6025,173346,15,700
6026,682609,17,1800
6027,846678,9,500
6028,461753,10,46500
6029,990960,5,1100
6030,755549,14,2000
6031,979481,10,1500
6032,772363,8,700
6033,881435,11,1400
6034,844357,11,2400
6035,393525,13,1200
6036,893492,8,800
6037,392678,8,600
6038,699374,8,900
6039,817351,11,1000
6040,23361,13,800
6041,321305,12,900
6042,530238,14,2500
6043,603837,7,700
6044,799254,12,700
6045,438920,7,900
6046,467447,11,700
6047,421235,7,600
6048,727622,8,800
6049,80958,16,1000
6050,108385,12,700
6051,544236,8,900
6052,905093,6,600
6053,307271,11,1100
6054,98118,12,700
6055,171886,11,700
6056,542773,10,500
6057,84119,15,600
6058,194007,9,800
6059,805818,7,500
6060,329372,9,900
6061,675546,14,900
6062,276972,16,1800
6063,364966,10,900
6064,583351,11,900
6065,258649,12,600
6066,851049,11,700
6067,975385,8,800
6068,169767,15,1500
6069,50566,13,800
6070,695612,9,1000
6071,76643,10,700
6072,706954,12,600
6073,95844,17,1600
6074,757378,11,600
6075,709430,10,500
6076,269221,11,500
6077,570261,9,600
6078,222793,12,700
6079,120965,9,600
6080,355517,10,800
6081,791041,9,600
6082,121392,15,1100
6083,32952,8,600
6084,15621,15,600
6085,387872,11,800
6086,877419,7,700
6087,561097,13,600
6088,778161,8,700
6089,668645,15,1400
6090,382883,14,600
6091,641662,13,5900
6092,564649,8,600
6093,295944,12,500
6094,257978,15,400
6095,189251,12,500
6096,993497,8,500
6097,950254,13,600
6098,191532,14,1100
6099,10531,12,600
6100,64357,15,1000
6101,248246,14,600
6102,562769,9,400
6103,291683,13,1200
6104,443066,13,1200
6105,309858,13,600
6106,792959,8,500
6107,62395,12,900
6108,474048,9,500
6109,569376,8,500
6110,574348,15,1800
6111,474738,9,500
6112,226091,7,500
6113,402101,9,600
6114,874865,13,400
6115,877845,11,1100
6116,617137,7,900
6117,341829,15,1400
6118,407114,8,500
6119,219987,11,500
6120,944278,6,800
6121,314369,8,500
6122,979769,5,500
6123,843128,12,1300
6124,535650,12,800
6125,709869,15,1100
6126,872811,13,700
6127,803012,12,1100
6128,759860,11,500
6129,393676,13,800
6130,479922,11,700
6131,376616,10,600
6132,380721,9,500
6133,951787,11,1100
6134,788050,10,600
6135,328796,6,500
6136,462869,6,500
6137,436040,7,700
6138,429783,13,1400
6139,738271,7,500
6140,464425,8,600
6141,62813,16,600
6142,759587,8,600
6143,96268,13,500
6144,299285,14,1300
6145,818316,10,500
6146,186502,16,1200
6147,291734,11,400
6148,573965,10,500
6149,141224,13,700
6150,804422,5,300
6151,274464,10,700
6152,754983,17,1300
6153,316573,16,1400
6154,895870,9,600
6155,681404,10,600
6156,519501,19,2400
6157,591358,9,800
6158,227938,11,600
6159,414077,11,800
6160,500238,14,1900
6161,915497,10,700
6162,148768,14,600
6163,445754,11,700
6164,907407,6,500
6165,290137,11,700
6166,36514,16,900
6167,980514,11,1100
6168,40414,13,800
6169,678984,12,900
6170,809904,11,700
6171,82743,13,400
6172,172199,14,500
6173,852479,9,500
6174,343347,16,1200
6175,993065,4,500
6176,198911,11,700
6177,593915,6,600
6178,722964,11,800
6179,286608,13,4800
6180,28510,12,500
6181,199358,9,400
6182,137091,16,600
6183,140996,15,300
6184,149674,13,400
6185,124143,9,400
6186,848852,7,600
6187,76892,11,800
6188,619054,7,700
6189,745838,5,600
6190,121027,11,700
6191,35778,15,500
6192,612905,6,500
6193,171448,15,800
6194,226008,8,300
6195,325680,12,1000
6196,536323,10,500
6197,738484,7,400
6198,775718,12,500
6199,691977,8,600
6200,603866,7,400
6201,828440,5,400
6202,587245,7,700
6203,515030,9,600
6204,777147,9,500
6205,124347,8,300
6206,586335,7,400
6207,837211,5,600
6208,624237,8,600
6209,360183,10,1000
6210,233600,12,700
6211,619733,4,300
6212,318183,11,400
6213,958074,9,600
6214,649830,9,600
6215,304339,10,600
6216,761249,15,700
6217,141098,15,300
6218,719776,11,1000
6219,647150,13,900
6220,368071,9,600
6221,455154,11,800
6222,167027,11,600
6223,610279,9,500
6224,426186,10,600
6225,221358,14,900
6226,337023,12,1200
6227,426459,10,400
6228,315665,6,400
6229,90607,11,600
6230,473985,10,900
6231,730789,12,1300
6232,191886,10,400
6233,702763,6,600
6234,234418,11,400
6235,514000,10,500
6236,698603,8,400
6237,819652,8,500
6238,149772,15,700
6239,20407,13,700
6240,222050,12,800
6241,889139,7,800
6242,887084,11,15800
6243,223676,11,1000
6244,985324,6,800
6245,618641,5,600
6246,337170,10,700
6247,802081,9,2100
6248,763665,13,800
6249,891138,14,2400
6250,408774,11,1400
6251,644934,9,800
6252,675550,14,600
6253,437758,6,500
6254,771542,8,500
6255,336127,11,400
6256,64949,16,600
6257,660733,7,500
6258,386170,18,1800
6259,160017,13,700
6260,401342,14,1200
6261,707327,12,500
6262,597784,7,600
6263,581770,13,700
6264,415227,9,700
6265,211829,17,1800
6266,431778,10,600
6267,267194,10,800
6268,248058,13,600
6269,746895,7,900
6270,772957,13,600
6271,496721,12,600
6272,817635,12,1100
6273,52067,16,900
6274,766013,12,500
6275,803543,8,500
6276,654641,10,700
6277,856118,8,600
6278,415277,8,300
6279,510658,10,600
6280,899390,10,500
6281,156203,16,700
6282,291050,15,1300
6283,208055,12,1200
6284,458550,12,600
6285,289798,15,400
6286,726031,13,600
6287,7264,15,600
6288,997870,4,500
6289,99867,11,500
6290,208683,9,400
6291,30630,13,700
6292,393997,18,1700
6293,906775,7,900
6294,829902,9,1100
6295,366923,6,600
6296,730792,8,400
6297,813930,11,500
6298,476771,7,800
6299,986215,5,400
6300,357548,11,600
6301,660112,8,600
6302,286967,11,400
6303,311486,8,400
6304,328244,8,400
6305,251195,10,500
6306,431704,11,500
6307,630714,14,700
6308,265275,9,500
6309,775391,10,500
6310,42072,17,1400
6311,491017,18,1500
6312,304683,10,900
6313,27097,11,500
6314,720689,11,600
6315,335829,13,900
6316,32404,11,400
6317,992317,7,800
6318,362882,7,500
6319,138012,21,1500
6320,817976,14,1300
6321,437946,9,700
6322,189496,12,500
6323,276461,12,500
6324,254403,15,700
6325,114412,12,500
6326,504968,12,800
6327,745022,8,400
6328,155480,15,400
6329,271998,14,900
6330,964824,10,600
6331,499500,11,500
6332,452678,8,600
6333,725114,10,500
6334,215741,13,600
6335,983311,5,400
6336,264409,11,400
6337,942447,7,600
6338,843167,8,500
6339,242169,19,600
6340,170381,10,500
6341,817982,9,400
6342,67129,12,500
6343,201164,14,700
6344,292766,15,1000
6345,993537,8,500
6346,651133,9,600
6347,242741,16,300
6348,320250,13,900
6349,932055,7,600
6350,652436,8,400
6351,615881,6,700
6352,834776,8,600
6353,99152,10,600
6354,499587,11,300
6355,483834,12,600
6356,989986,9,400
6357,802034,9,300
6358,233065,7,700
6359,614390,5,400
6360,390606,12,500
6361,287462,13,400
6362,621349,5,400
6363,347932,7,500
6364,917771,9,700
6365,402946,11,800
6366,33428,19,1300
6367,604955,7,600
6368,815638,6,400
6369,213108,21,1800
6370,535608,13,500
6371,48873,16,500
6372,264299,12,700
6373,426887,10,700
6374,480820,14,1200
6375,251997,13,700
6376,26009,13,400
6377,299093,19,1500
6378,303475,12,500
6379,471402,10,500
6380,172782,13,800
6381,504714,13,300
6382,23401,15,900
6383,140345,15,700
6384,638034,15,500
6385,161872,14,1100
6386,750194,17,2700
6387,138082,16,500
6388,436080,6,600
6389,23004,15,600
6390,387862,9,600
6391,229894,10,700
6392,804367,6,400
6393,302613,13,600
6394,405294,12,600
6395,706891,15,900
6396,771071,10,800
6397,335772,12,500
6398,688992,13,500
6399,797301,10,500
6400,523950,9,700
6401,639868,12,600
6402,865669,7,600
6403,751646,15,600
6404,336986,12,300
6405,694896,7,600
6406,246060,14,700
6407,546386,6,7100
6408,440353,5,500
6409,982731,7,600
6410,951416,13,300
6411,768265,12,1100
6412,56372,10,500
6413,682760,11,500
6414,27108,11,500
6415,607681,9,500
6416,734762,9,900
6417,286382,16,600
6418,166439,11,500
6419,761592,16,500
6420,808305,7,400
6421,285535,18,400
6422,717426,8,500
6423,926915,11,1200
6424,922975,10,900
6425,344126,10,600
6426,665687,12,600
6427,425614,13,500
6428,350310,12,700
6429,486459,13,900
6430,656259,8,400
6431,316785,17,1200
6432,25446,14,700
6433,463421,11,229300
6434,516204,14,1900
6435,600683,8,800
6436,390621,12,1200
6437,640107,12,9200
6438,123654,9,1000
6439,961533,8,1200
6440,58745,10,600
6441,570774,7,700
6442,721326,11,900
6443,431205,12,700
6444,433166,7,400
6445,165702,13,500
6446,725162,12,900
6447,896245,6,700
6448,994339,8,700
6449,633759,13,900
6450,407752,8,500
6451,472080,9,1300
6452,866023,6,600
6453,538543,12,1000
6454,205090,10,600
6455,488449,11,600
6456,198081,13,600
6457,2391,18,1100
6458,798659,9,500
6459,762168,13,500
6460,659269,10,500
6461,280596,9,700
6462,316644,16,1600
6463,548642,13,1100
6464,961474,13,900
6465,428970,8,700
6466,486031,13,500
6467,175140,9,600
6468,921848,12,600
6469,79404,8,5200
6470,200357,9,600
6471,898227,14,1100
6472,795175,9,1100
6473,520874,14,1400
6474,959931,12,1300
6475,223635,15,1700
6476,927810,13,1600
6477,593015,9,1000
6478,953630,12,1100
6479,16041,16,1100
6480,715907,12,1200
6481,517845,13,400
6482,162423,14,8200
6483,579007,7,800
6484,297880,16,1600
6485,77312,8,500
6486,151114,13,500
6487,570133,10,500
6488,766523,11,700
6489,255764,13,500
6490,663128,15,1200
6491,268446,9,600
6492,437279,9,1100
6493,714779,16,6900
6494,834597,5,700
6495,653598,7,700
6496,859718,11,1800
6497,525047,7,600
6498,888276,8,600
6499,293789,10,800
6500,9583,14,600
6501,678184,13,700
6502,796078,9,400
6503,857032,7,600
6504,7469,14,500
6505,349115,12,600
6506,329665,5,700
6507,760485,11,1100
6508,669779,16,1300
6509,725072,9,400
6510,826981,9,600
6511,691441,10,500
6512,601996,8,600
6513,146566,14,700
6514,487066,10,500
6515,116569,11,800
6516,816519,6,600
6517,881861,9,500
6518,602509,10,500
6519,637585,19,1600
6520,68111,16,1200
6521,208615,10,600
6522,660473,7,500
6523,370771,14,600
6524,660792,6,300
6525,722052,15,400
6526,365738,8,500
6527,116727,13,900
6528,250293,13,600
6529,773784,13,800
6530,684638,8,600
6531,27499,15,700
6532,721287,11,400
6533,434515,10,600
6534,819076,9,500
6535,946768,12,1300
6536,246352,14,500
6537,345598,13,1100
6538,726374,13,900
6539,689650,11,400
6540,971398,10,600
6541,752133,13,600
6542,85858,15,600
6543,824545,7,600
6544,576451,11,900
6545,481829,12,700
6546,18323,11,600
6547,349424,11,400
6548,409976,8,500
6549,489586,11,600
6550,291088,12,600
6551,157898,17,600
6552,423042,12,600
6553,59845,17,1200
6554,670986,11,500
6555,649580,8,600
6556,866005,7,300
6557,601730,6,500
6558,823129,10,1000
6559,498818,12,1300
6560,235412,8,600
6561,468546,9,4500
6562,260944,16,600
6563,810082,11,1000
6564,710339,16,1600
6565,954017,5,400
6566,402188,12,1200
6567,354527,10,1000
6568,384084,12,700
6569,202085,10,600
6570,571852,7,500
6571,18251,14,300
6572,181469,16,1100
6573,989577,10,600
6574,102842,16,600
6575,358989,12,500
6576,351979,10,400
6577,737830,8,700
6578,282312,19,1000
6579,411226,12,1000
6580,236848,11,1100
6581,849661,6,700
6582,50486,19,1400
6583,656275,10,700
6584,950999,10,1200
6585,403427,10,400
6586,392688,10,500
6587,232955,8,600
6588,419896,15,5000
6589,288137,17,500
6590,910803,7,500
6591,393684,11,500
6592,261351,16,900
6593,593831,12,1100
6594,971344,11,400
6595,749077,16,1000
6596,360807,8,500
6597,642821,11,600
6598,405289,13,500
6599,780681,5,500
6600,988412,5,600
6601,130022,9,600
6602,346969,8,400
6603,496006,14,400
6604,358238,10,500
6605,348369,13,500
6606,993680,9,1000
6607,991689,5,500
6608,162122,14,500
6609,612413,10,500
6610,458076,11,500
6611,785067,13,600
6612,292594,14,700
6613,548184,16,1800
6614,290467,12,500
6615,575874,13,700
6616,900820,10,600
6617,890228,6,500
6618,733133,5,600
6619,470999,12,1200
6620,63272,15,600
6621,552911,14,1200
6622,166398,13,400
6623,300543,11,500
6624,925746,13,1100
6625,947261,11,900
6626,974721,9,600
6627,2200,21,1300
6628,410744,8,400
6629,723956,12,500
6630,264192,14,600
6631,835426,10,1200
6632,912590,4,400
6633,210740,6,400
6634,48687,16,900
6635,45303,18,1200
6636,117965,14,900
6637,60945,10,500
6638,59465,14,300
6639,899496,11,500
6640,144738,17,500
6641,378846,14,600
6642,657011,11,600
6643,302262,17,1300
6644,235970,12,400
6645,662264,13,700
6646,786684,10,500
6647,2794,14,300
6648,452667,9,700
6649,156460,15,900
6650,87238,15,700
6651,174993,10,400
6652,467622,11,500
6653,46214,18,1400
6654,401854,8,500
6655,153304,16,800
6656,340025,14,600
6657,90999,18,1100
6658,588806,6,600
6659,157503,12,400
6660,286393,16,500
6661,524641,7,500
6662,287541,13,400
6663,334909,9,600
6664,777868,8,500
6665,79427,10,700
6666,436724,10,400
6667,666609,11,300
6668,270124,11,600
6669,698684,9,600
6670,530505,7,600
6671,248384,12,400
6672,151544,16,900
6673,455933,8,500
6674,238064,8,400
6675,179279,18,600
6676,339428,13,400
6677,468496,11,900
6678,625829,3,600
6679,226974,11,600
6680,832657,8,500
6681,597055,6,500
6682,569983,10,800
6683,104703,19,1700
6684,482232,11,4100
6685,435042,9,400
6686,120502,17,1400
6687,699507,8,400
6688,239743,9,500
6689,554313,10,600
6690,354757,10,400
6691,457184,8,600
6692,365870,10,800
6693,266882,12,500
6694,169323,14,500
6695,238768,11,500
6696,672059,18,600
6697,579655,9,500
6698,524235,11,400
6699,103176,11,700
6700,209985,7,400
6701,26567,17,1500
6702,124787,12,600
6703,619427,8,900
6704,980239,4,600
6705,871247,7,500
6706,220665,9,600
6707,507595,13,1000
6708,665053,13,300
6709,198613,13,900
6710,80705,8,400
6711,102836,13,300
6712,416346,9,400
6713,438369,7,400
6714,233244,8,500
6715,151285,14,400
6716,460513,12,6800
6717,184216,14,1000
6718,685067,12,600
6719,568867,5,500
6720,421129,8,400
6721,767463,13,500
6722,619425,7,400
6723,926988,7,400
6724,273883,12,600
6725,547208,10,500
6726,433030,10,500
6727,709261,13,1200
6728,93407,13,600
6729,300724,11,400
6730,87063,16,1000
6731,235793,10,400
6732,516047,13,400
6733,51301,17,500
6734,875435,11,700
6735,380838,11,400
6736,647149,13,600
6737,875655,13,700
6738,471793,5,400
6739,781693,13,600
6740,527984,9,1100
6741,682235,8,600
6742,379061,12,300
6743,245822,15,600
6744,144666,16,900
6745,172166,13,500
6746,204801,12,800
6747,572102,12,1000
6748,760229,9,600
6749,48924,16,600
6750,109216,9,600
6751,675134,13,600
6752,89051,13,400
6753,697669,9,700
6754,540670,10,600
6755,283865,18,1000
6756,498373,10,600
6757,319722,8,600
6758,836715,4,400
6759,557097,8,500
6760,724987,10,500
6761,732735,7,400
6762,253502,13,600
6763,916703,9,700
6764,370266,18,600
6765,4748,15,600
6766,289110,16,400
6767,911389,6,400
6768,49748,18,1000
6769,327065,10,600
6770,670652,12,400
6771,330938,10,500
6772,891042,14,1700
6773,69493,20,1100
6774,49508,17,1000
6775,643153,15,800
6776,928724,9,500
6777,256227,13,900
6778,295123,17,600
6779,601030,10,800
6780,773896,13,500
6781,177250,11,500
6782,149082,17,6900
6783,889303,8,700
6784,531193,7,500
6785,412632,15,800
6786,832384,9,500
6787,781914,12,900
6788,162095,17,1100
6789,600986,10,400
6790,866302,5,400
6791,776153,11,400
6792,36180,22,1500
6793,559194,9,500
6794,628963,15,700
6795,951814,13,1100
6796,117735,9,600
6797,906350,9,500
6798,675288,12,300
6799,769884,12,400
6800,153353,15,300
6801,29241,13,700
6802,178302,18,1200
6803,305941,13,500
6804,275765,13,500
6805,473464,5,500
6806,292019,12,500
6807,936962,6,600
6808,432461,9,500
6809,176235,10,400
6810,526324,12,1200
6811,528906,11,500
6812,198479,12,400
6813,924253,8,500
6814,887516,15,6300
6815,431681,11,1300
6816,991078,6,400
6817,182610,14,500
6818,514315,11,800
6819,869284,6,500
6820,246941,14,700
6821,31053,14,1000
6822,869666,4,200
6823,752303,13,500
6824,2094,16,500
6825,312635,9,600
6826,664682,14,900
6827,38427,15,500
6828,198201,14,400
6829,93567,15,800
6830,519060,13,500
6831,166967,13,500
6832,149456,18,1000
6833,872539,2,600
6834,325147,8,400
6835,150562,16,400
6836,539247,12,500
6837,594359,9,900
6838,147526,15,500
6839,768803,10,500
6840,746057,6,700
6841,257938,15,1100
6842,161609,17,1000
6843,159461,15,500
6844,384317,13,500
6845,308738,10,5800
6846,585611,9,600
6847,600722,9,400
6848,194344,15,600
6849,993705,8,1300
6850,532419,19,1200
6851,299722,13,500
6852,587668,5,400
6853,450678,8,600
6854,377083,13,900
6855,339136,17,1000
6856,813581,9,400
6857,455189,11,900
6858,816055,9,500
6859,367601,7,500
6860,217044,10,700
6861,494837,10,600
6862,861295,6,500
6863,448386,8,700
6864,458349,9,300
6865,929715,7,400
6866,414071,12,500
6867,530294,8,600
6868,69267,17,1100
6869,747176,5,600
6870,888319,7,400
6871,698441,10,500
6872,920844,10,900
6873,938700,10,800
6874,107831,11,500
6875,251755,15,700
6876,727127,8,700
6877,83461,12,500
6878,223179,14,1200
6879,737052,7,600
6880,844929,9,600
6881,279568,9,500
6882,220492,12,400
6883,956960,6,700
6884,638486,12,600
6885,589386,6,500
6886,382574,14,1100
6887,927904,7,700
6888,123445,11,500
6889,469340,13,1100
6890,75822,17,1300
6891,632989,13,900
6892,806333,6,500
6893,608897,10,600
6894,689612,12,400
6895,880593,14,500
6896,932323,6,600
6897,804598,7,1000
6898,559670,7,300
6899,844388,9,500
6900,74150,10,400
6901,583677,9,500
6902,658501,6,500
6903,733064,8,600
6904,42137,17,600
6905,142157,13,500
6906,916640,10,300
6907,305393,14,5900
6908,302751,16,1400
6909,62489,10,500
6910,142974,21,1400
6911,942516,10,1400
6912,741814,9,1200
6913,351739,11,500
6914,246794,19,1100
6915,748219,20,1200
6916,74473,15,500
6917,802429,7,500
6918,327967,12,1100
6919,482467,10,400
6920,865001,8,700
6921,373636,13,500
6922,329586,12,800
6923,286066,16,600
6924,337911,11,500
6925,357466,13,300
6926,500239,10,2800
6927,898744,13,1400
6928,288696,17,800
6929,648406,10,400
6930,628668,16,500
6931,63553,16,700
6932,512938,13,1100
6933,988906,3,600
6934,786170,11,800
6935,881715,12,9900
6936,32758,18,1800
6937,694025,9,700
6938,511593,14,900
6939,397643,11,700
6940,94043,12,600
6941,512947,9,400
6942,900235,9,600
6943,648878,9,500
6944,94602,12,300
6945,662878,18,1700
6946,271137,15,1300
6947,112431,15,700
6948,263953,13,500
6949,467651,12,900
6950,178673,19,1400
6951,986716,7,500
6952,57775,17,1000
6953,117762,9,400
6954,53481,11,600
6955,616069,6,600
6956,615878,10,800
6957,258738,12,600
6958,707166,10,500
6959,689738,13,1100
6960,645294,9,600
6961,585545,10,500
6962,179949,15,500
6963,700448,10,1000
6964,316517,13,7200
6965,188389,13,900
6966,960130,8,800
6967,836512,6,600
6968,576229,13,1000
6969,906421,9,600
6970,95607,13,400
6971,814283,11,1300
6972,231566,10,600
6973,836614,5,300
6974,797716,12,600
6975,294366,19,1200
6976,812483,9,600
6977,284974,18,1000
6978,250485,13,600
6979,179342,15,700
6980,928529,10,800
6981,496655,16,1100
6982,104073,9,600
6983,406049,13,600
6984,603784,8,900
6985,984328,5,500
6986,736054,12,700
6987,109033,10,500
6988,166382,14,600
6989,212606,12,500
6990,869338,6,700
6991,270365,15,700
6992,998345,5,600
6993,585026,12,6800
6994,407661,9,500
6995,236565,8,700
6996,216347,13,900
6997,193375,12,900
6998,980226,7,700
6999,777186,9,700
7000,639851,11,600
7001,72515,12,400
7002,882476,9,400
7003,216007,12,400
7004,55357,11,500
7005,217800,17,1300
7006,44285,15,600
7007,529752,9,600
7008,410275,9,400
7009,638685,11,500
7010,356906,6,600
7011,543342,11,700
7012,739500,7,500
7013,858709,8,500
7014,733258,5,500
7015,610373,8,800
7016,234491,11,500
7017,451788,11,400
7018,322173,10,500
7019,664242,13,400
7020,925044,12,1300
7021,770226,10,600
7022,634346,12,800
7023,802371,8,500
7024,639311,10,300
7025,192309,11,400
7026,632992,12,600
7027,2037,18,600
7028,766030,12,500
7029,842319,11,700
7030,339486,18,1700
7031,204300,11,600
7032,731915,9,400
7033,646057,15,600
7034,263470,14,500
7035,147603,17,600
7036,92395,13,600
7037,659178,11,400
7038,148075,13,200
7039,885104,10,500
7040,502319,10,600
7041,535777,14,700
7042,27684,19,1300
7043,73699,11,700
7044,585577,9,800
7045,284363,15,400
7046,564441,13,500
7047,647643,12,700
7048,317515,9,300
7049,933249,7,500
7050,250338,15,400
7051,540725,11,1200
7052,488986,12,500
7053,80705,10,700
7054,565551,9,700
7055,17106,17,900
7056,30466,16,600
7057,543255,13,400
7058,184554,12,400
7059,544531,9,400
7060,101316,15,6500
7061,147687,14,400
7062,510713,10,500
7063,830388,10,1000
7064,856907,8,600
7065,462042,9,600
7066,510559,12,600
7067,566338,10,600
7068,371484,15,600
7069,983907,7,400
7070,416834,12,500
7071,547834,11,600
7072,11562,21,500
7073,858221,5,500
7074,693191,8,500
7075,404928,8,400
7076,358729,13,1000
7077,47203,15,500
7078,982425,9,700
7079,658808,12,900
7080,428475,8,600
7081,492763,11,600
7082,995657,6,500
7083,128453,9,700
7084,897319,8,600
7085,191328,15,500
7086,202064,11,600
7087,295324,13,700
7088,750247,11,600
7089,434714,10,400
7090,56367,12,700
7091,614596,6,600
7092,794816,9,700
7093,337116,10,6900
7094,966775,3,800
7095,114220,14,500
7096,910509,10,400
7097,478730,12,800
7098,882021,12,400
7099,680424,11,900
7100,104788,12,700
7101,160293,15,2600
7102,143781,19,1600
7103,19658,14,700
7104,704858,8,900
7105,164853,22,1800
7106,571511,8,800
7107,110745,10,800
7108,796882,7,700
7109,310866,10,600
7110,331631,12,600
7111,561521,11,500
7112,102736,14,600
7113,19278,16,500
7114,886102,10,700
7115,96758,15,600
7116,714588,9,600
7117,24898,14,600
7118,904047,11,1000
7119,889270,8,400
7120,217474,20,9800
7121,611828,10,1100
7122,209172,9,700
7123,411163,7,400
7124,30919,12,500
7125,585442,11,1100
7126,454398,6,500
7127,369353,8,800
7128,517878,13,600
7129,207981,10,500
7130,650210,8,500
7131,839386,12,700
7132,255832,14,600
7133,625445,5,800
7134,515129,8,600
7135,466611,11,600
7136,606977,11,400
7137,836589,8,900
7138,206233,12,1000
7139,812867,11,600
7140,812039,10,500
7141,652299,9,500
7142,629887,16,600
7143,375256,13,500
7144,581198,6,500
7145,829006,7,700
7146,162798,13,600
7147,752989,12,500
7148,937023,8,900
7149,776028,14,1200
7150,94384,15,800
7151,283572,15,700
7152,616151,7,400
7153,46551,13,500
7154,263803,15,400
7155,508908,18,1400
7156,293659,12,800
7157,88236,14,700
7158,936239,8,500
7159,450399,12,600
7160,762666,10,500
7161,52472,11,600
7162,178876,15,600
7163,767211,14,500
7164,23210,16,500
7165,931478,8,600
7166,104993,12,400
7167,980683,11,700
7168,322596,9,500
7169,730953,10,900
7170,5583,19,700
7171,587857,7,700
7172,653228,7,400
7173,84867,16,500
7174,952236,7,400
7175,315202,11,500
7176,572473,14,1100
7177,209104,10,400
7178,26163,16,800
7179,680270,11,500
7180,70931,12,800
7181,17250,18,800
7182,122168,14,500
7183,214762,12,600
7184,82794,14,600
7185,14649,19,1200
7186,936009,9,400
7187,725644,8,500
7188,407490,8,500
7189,695407,8,500
7190,819184,9,500
7191,13570,16,500
7192,326604,10,500
7193,814877,8,800
7194,308182,15,900
7195,265648,14,600
7196,563601,16,1300
7197,972462,8,600
7198,91970,14,600
7199,370980,15,400
7200,524423,9,900
7201,342462,9,500
7202,139198,15,600
7203,341528,13,300
7204,646086,15,800
7205,806766,6,500
7206,259290,14,700
7207,11203,12,500
7208,492756,11,800
7209,906119,11,1000
7210,827978,6,500
7211,847132,8,500
7212,452124,11,400
7213,609608,10,500
7214,169706,14,600
7215,411372,15,600
7216,414462,13,400
7217,163917,10,5600
7218,118050,8,600
7219,442638,16,1500
7220,607360,9,600
7221,402654,13,600
7222,981733,11,400
7223,805894,10,700
7224,454433,6,300
7225,793810,6,500
7226,854675,6,600
7227,809340,13,600
7228,826702,11,400
7229,854046,5,500
7230,161215,15,400
7231,513684,12,800
7232,480110,14,600
7233,439615,6,800
7234,240010,6,600
7235,448682,7,400
7236,94296,14,400
7237,834815,6,800
7238,510062,10,400
7239,626287,16,600
7240,467364,10,400
7241,39398,17,700
7242,798359,12,700
7243,316379,11,600
7244,384671,14,1000
7245,388481,8,500
7246,134187,9,600
7247,731022,7,300
7248,882712,9,500
7249,315464,9,500
7250,381611,16,6300
7251,446727,12,500
7252,994391,5,800
7253,533806,19,1400
7254,309617,15,800
7255,724927,12,600
7256,943853,14,1500
7257,339146,14,500
7258,902617,11,800
7259,611107,6,500
7260,982311,9,400
7261,958301,7,500
7262,513725,11,400
7263,682477,15,1100
7264,778012,14,1100
7265,240447,8,400
7266,110936,9,600
7267,360414,8,500
7268,626854,15,500
7269,76139,12,600
7270,252044,16,1200
7271,354970,10,600
7272,901165,10,500
7273,541027,12,600
7274,853246,8,700
7275,360415,8,400
7276,422559,14,700
7277,170241,11,500
7278,618271,8,500
7279,828771,5,5400
7280,790268,9,500
7281,288924,17,1300
7282,643846,13,1100
7283,258058,13,400
7284,406413,12,1000
7285,68435,12,600
7286,292153,12,400
7287,194561,14,1000
7288,542580,11,500
7289,124921,12,600
7290,144843,14,800
7291,62714,10,500
7292,410271,10,300
7293,683933,11,600
7294,110175,9,400
7295,503172,9,800
7296,477270,16,1100
7297,64692,16,900
7298,785738,10,600
7299,927686,8,400
7300,190836,10,500
7301,88998,16,1000
7302,430359,8,500
7303,17367,16,500
7304,686771,10,900
7305,373554,14,500
7306,453156,9,600
7307,888381,10,400
7308,52448,12,500
7309,985086,9,5100
7310,993449,7,500
7311,91649,14,400
7312,649965,9,500
7313,977087,7,1000
7314,672985,16,1100
7315,914219,11,500
7316,772197,10,400
7317,823873,10,1000
7318,479648,11,300
7319,376736,15,500
7320,10682,14,300
7321,332563,13,500
7322,694861,8,800
7323,678484,12,400
7324,27834,18,1300
7325,316307,13,500
7326,505610,15,500
7327,692589,9,500
7328,554848,7,600
7329,73553,13,600
7330,914822,11,500
7331,274230,11,1000
7332,39047,16,600
7333,379619,14,600
7334,190515,12,500
7335,549436,10,500
7336,334458,11,400
7337,921413,12,1000
7338,91499,15,400
7339,148937,14,800
7340,904870,7,500
7341,212458,14,500
7342,859758,7,500
7343,973626,13,5900
7344,302641,11,1000
7345,960803,5,400
7346,724358,12,700
7347,370815,17,400
7348,880547,16,1100
7349,782507,11,700
7350,517899,12,700
7351,313711,12,500
7352,498818,14,1000
7353,35341,17,500
7354,235907,13,400
7355,865350,7,400
7356,950973,7,500
7357,89202,12,400
7358,533153,13,400
7359,166908,11,600
7360,227838,12,800
7361,838923,11,600
7362,668718,11,500
7363,869378,4,400
7364,814114,12,800
7365,839127,14,700
7366,900229,11,300
7367,360092,11,700
7368,158085,21,1300
7369,578385,10,600
7370,866872,10,900
7371,228502,13,1200
7372,497334,14,6000
7373,328186,7,500
7374,807185,14,1300
7375,374756,14,700
7376,493770,12,600
7377,307902,13,400
7378,630450,15,900
7379,645850,12,700
7380,567692,14,1000
7381,109958,11,700
7382,690910,13,1000
7383,193668,11,700
7384,395538,11,800
7385,42201,16,600
7386,739344,9,600
7387,261155,17,500
7388,9451,16,900
7389,343663,11,1100
7390,316937,12,400
7391,803461,19,1700
7392,540020,15,1100
7393,163732,10,500
7394,319336,13,1000
7395,117503,13,5700
7396,758282,12,700
7397,232821,9,600
7398,615793,13,35000
7399,878794,11,800
7400,29913,25,17000
7401,443339,12,800
7402,37744,15,600
7403,857848,7,500
7404,407763,16,1300
7405,135969,15,700
7406,409910,12,700
7407,708177,12,700
7408,323645,9,800
7409,945091,8,700
7410,472322,8,600
7411,260430,16,500
7412,868579,6,400
7413,998405,3,500
7414,262716,11,500
7415,194033,13,1100
7416,941420,9,900
7417,426477,12,500
7418,101786,13,500
7419,801279,10,600
7420,243016,18,5200
7421,9406,16,400
7422,912037,6,600
7423,55643,12,600
7424,438149,12,90200
7425,666338,14,12200
7426,18774,18,26100
7427,598337,4,900
7428,274369,9,900
7429,894963,11,251200
7430,931034,8,1000
7431,257435,15,1100
7432,60602,14,1800
7433,989990,12,1800
7434,726517,9,700
7435,46851,13,600
7436,979841,4,500
7437,577876,12,700
7438,554946,10,900
7439,494934,8,700
7440,352525,9,700
7441,246566,16,700
7442,155993,16,700
7443,906929,12,1600
7444,102828,12,1200
7445,200797,6,700
7446,589065,7,800
7447,448139,10,1000
7448,475797,11,1400
7449,513980,9,600
7450,155332,8,600
7451,451631,13,1300
7452,669592,13,800
7453,503442,17,1500
7454,659162,11,1300
7455,770324,12,1500
7456,47094,14,800
7457,34280,16,600
7458,125086,12,1600
7459,987419,3,600
7460,808653,5,700
7461,861443,6,500
7462,74597,14,800
7463,844452,9,700
7464,11628,21,700
7465,419798,12,800
7466,769516,7,500
7467,511244,13,600
7468,589509,8,600
7469,578247,10,800
7470,101721,17,1100
7471,842887,9,11200
7472,546624,10,900
7473,162908,12,29900
7474,635610,12,800
7475,282647,15,800
7476,826476,11,1500
7477,710338,13,600
7478,897386,8,600
7479,524199,10,500
7480,770448,12,1000
7481,6906,16,600
7482,243698,14,900
7483,637254,14,600
7484,452832,15,8000
7485,500320,7,600
7486,68236,12,500
7487,374723,21,1500
7488,852939,7,700
7489,689241,12,1200
7490,209250,7,700
7491,980257,3,600
7492,633969,12,2072600
7493,273369,9,1400
7494,487925,14,1000
7495,878647,12,1300
7496,953010,9,1000
7497,348623,13,4000
7498,422010,7,1000
7499,796711,7,1000
7500,763490,17,3000
7501,884845,12,800
7502,228894,12,1500
7503,322616,16,1800
7504,133784,10,1400
7505,83031,15,1100
7506,976171,9,900
7507,765395,14,700
7508,365542,7,600
7509,745319,10,1800
7510,320259,9,600
7511,125719,17,10100
7512,192098,11,800
7513,632539,16,600
7514,171464,14,800
7515,271897,10,600
7516,956131,9,700
7517,283100,15,800
7518,129310,9,600
7519,233083,7,500
7520,699400,9,800
7521,605035,6,1000
7522,707208,12,700
7523,929319,8,800
7524,725810,13,700
7525,185834,12,1100
7526,167919,10,600
7527,726313,13,600
7528,235217,7,600
7529,111109,11,1500
7530,372673,14,800
7531,489319,11,600
7532,957084,6,600
7533,492475,11,500
7534,693878,11,700
7535,145661,11,700
7536,627034,15,500
7537,687373,11,1100
7538,710190,14,1300
7539,287289,13,700
7540,633630,12,400
7541,944641,6,700
7542,727991,7,400
7543,140720,13,500
7544,239312,8,500
7545,895059,10,1300
7546,170154,12,6500
7547,163067,14,1200
7548,163301,11,300
7549,253369,13,900
7550,439796,6,700
7551,340114,11,800
7552,175856,12,600
7553,340562,9,400
7554,187698,10,600
7555,517442,13,700
7556,669458,9,700
7557,778410,7,700
7558,875830,11,500
7559,632398,13,400
7560,255437,15,500
7561,620844,9,1400
7562,711207,16,1300
7563,345312,11,600
7564,667639,11,300
7565,612901,10,1100
7566,328645,7,700
7567,386922,14,700
7568,594314,9,600
7569,83185,13,500
7570,354057,8,900
7571,435998,11,600
7572,949592,9,600
7573,319620,11,600
7574,167530,9,500
7575,526854,10,700
7576,555356,13,800
7577,901207,15,1900
7578,204732,11,700
7579,272768,12,400
7580,953003,10,400
7581,603756,8,500
7582,922547,11,600
7583,733274,13,600
7584,785993,14,700
7585,938368,9,500
7586,330566,12,1200
7587,144070,12,600
7588,758231,14,600
7589,741901,9,600
7590,339759,10,600
7591,367802,4,400
7592,472618,15,2000
7593,240697,7,500
7594,558222,10,600
7595,539943,8,600
7596,239992,6,400
7597,96414,10,900
7598,317421,11,700
7599,509395,13,700
7600,596076,8,500
7601,898359,13,1700
7602,185631,10,400
7603,303253,10,1000
7604,851801,10,1600
7605,802019,9,900
7606,649537,14,1500
7607,610733,7,700
7608,799114,11,900
7609,223641,7,600
7610,911394,6,500
7611,517245,11,5500
7612,321591,7,500
7613,182185,13,1100
7614,262143,12,600
7615,241832,21,600
7616,508053,12,400
7617,587243,7,500
7618,873703,13,1100
7619,766150,12,1200
7620,959237,6,900
7621,197638,9,600
7622,29053,13,800
7623,292609,11,700
7624,667820,11,400
7625,12702,20,700
7626,582876,12,1300
7627,548239,8,700
7628,458530,14,1000
7629,981467,9,600
7630,808789,6,600
7631,802252,10,400
7632,836355,11,1300
7633,788179,11,600
7634,508563,12,300
7635,560818,12,600
7636,683556,10,500
7637,711891,12,600
7638,90848,16,800
7639,575992,11,800
7640,926560,12,1500
7641,805455,10,900
7642,744960,7,400
7643,938757,9,500
7644,328912,5,400
7645,2275,19,1200
7646,481083,13,800
7647,954768,7,500
7648,652056,12,600
7649,790661,13,600
7650,433977,16,1500
7651,582678,14,1000
7652,102942,12,800
7653,374794,14,600
7654,667589,13,400
7655,995318,7,600
7656,100502,9,500
7657,832721,12,1500
7658,862644,7,600
7659,915884,14,900
7660,831225,10,500
7661,594064,8,500
7662,793311,9,800
7663,703016,11,500
7664,596180,8,300
7665,155321,9,700
7666,818123,8,700
7667,349130,13,1100
7668,338621,14,1500
7669,756232,16,600
7670,23338,15,700
7671,914621,13,900
7672,912032,9,800
7673,33196,18,5400
7674,822970,10,500
7675,736493,11,1100
7676,606967,11,600
7677,847375,8,700
7678,685132,16,1400
7679,476390,6,600
7680,75928,14,1200
7681,240772,6,700
7682,264095,15,700
7683,559435,11,1200
7684,489320,11,400
7685,624012,6,500
7686,704491,7,400
7687,798959,12,400
7688,844717,10,800
7689,115461,12,800
7690,598137,8,800
7691,760147,13,600
7692,209346,9,1100
7693,29936,15,700
7694,831919,9,500
7695,614845,10,1200
7696,380451,11,600
7697,479005,10,600
7698,617258,6,400
7699,295281,12,800
7700,679784,11,700
7701,398389,12,600
7702,72644,11,600
7703,616078,6,500
7704,298319,8,600
7705,301988,10,500
7706,561141,12,1200
7707,931144,9,600
7708,75186,14,900
7709,684257,14,1200
7710,497621,12,700
7711,482558,9,400
7712,313047,9,700
7713,936603,9,600
7714,268991,15,600
7715,895480,10,400
7716,783206,13,900
7717,352578,10,500
7718,974674,9,600
7719,261438,13,500
7720,857717,8,500
7721,371567,17,500
7722,555601,13,300
7723,611863,6,500
7724,517375,14,500
7725,899056,10,600
7726,951722,8,500
7727,895325,11,400
7728,134580,13,1100
7729,308340,13,1200
7730,134164,8,400
7731,860025,10,1000
7732,182954,10,500
7733,889103,12,600
7734,556113,13,900
7735,319681,9,400
7736,735601,7,600
7737,618347,10,5300
7738,776595,9,500
7739,692395,15,1200
7740,120452,13,600
7741,105036,12,500
7742,179259,15,600
7743,450156,12,700
7744,895194,13,400
7745,524158,8,400
7746,56252,11,600
7747,748081,4,400
7748,613660,10,500
7749,779549,7,600
7750,996702,4,500
7751,640889,11,700
7752,71858,14,500
7753,242369,21,1100
7754,946207,12,600
7755,85581,15,900
7756,433079,10,600
7757,936580,10,500
7758,457972,16,500
7759,52957,12,900
7760,403531,14,1100
7761,283057,16,600
7762,559277,11,800
7763,846841,8,500
7764,221574,11,600
7765,988426,7,900
7766,432374,12,600
7767,623016,3,500
7768,832841,10,800
7769,374966,15,500
7770,360441,12,1800
7771,849129,7,700
7772,147249,14,1000
7773,480645,12,500
7774,789729,13,500
7775,817987,12,900
7776,652325,12,900
7777,11554,22,1100
7778,795130,10,500
7779,350347,10,500
7780,142415,15,500
7781,448916,16,400
7782,264244,15,800
7783,322546,8,500
7784,859176,11,500
7785,930352,8,400
7786,33030,9,500
7787,309000,16,600
7788,563307,12,1100
7789,196255,11,500
7790,76976,15,1000
7791,49745,15,600
7792,527915,10,600
7793,14664,19,500
7794,478104,13,900
7795,272706,12,700
7796,60224,13,600
7797,480089,14,400
7798,468246,10,600
7799,837273,4,400
7800,547101,9,600
7801,614135,9,1100
7802,221899,11,300
7803,95254,14,900
7804,461757,11,600
7805,338752,6,500
7806,296428,11,400
7807,288217,16,1500
7808,756796,15,900
7809,542521,9,700
7810,11485,22,1400
7811,616217,6,500
7812,303618,7,500
7813,275289,9,500
7814,272952,10,300
7815,79806,10,500
7816,231834,10,1000
7817,185393,11,400
7818,174828,10,1000
7819,147868,12,300
7820,151713,11,500
7821,306486,8,500
7822,655426,13,1000
7823,164301,8,500
7824,168025,9,400
7825,766061,17,1000
7826,529147,11,1000
7827,335530,12,500
7828,553949,12,600
7829,925809,9,500
7830,979286,7,900
7831,611174,10,800
7832,336239,9,500
7833,397732,13,900
7834,834478,9,500
7835,280135,7,600
7836,42413,16,700
7837,707952,10,500
7838,12415,23,1100
7839,912065,10,800
7840,228067,10,800
7841,192121,11,400
7842,158601,14,500
7843,425584,14,1200
7844,496313,13,800
7845,733153,6,700
7846,606349,6,700
7847,107505,9,500
7848,480653,12,400
7849,104951,15,300
7850,532084,13,800
7851,804638,11,600
7852,216796,8,700
7853,276157,11,500
7854,1359,22,1000
7855,222693,10,500
7856,413977,14,400
7857,122388,12,1300
7858,774009,14,1100
7859,194245,7,500
7860,458656,12,500
7861,983110,6,500
7862,82009,13,600
7863,805604,7,400
7864,267780,12,600
7865,182192,12,400
7866,635460,13,1000
7867,74511,12,400
7868,193476,11,500
7869,948042,12,700
7870,465151,8,500
7871,28622,15,500
7872,149149,11,600
7873,657300,11,500
7874,287458,20,1400
7875,429475,12,600
7876,915513,16,1000
7877,95007,14,1300
7878,528215,8,400
7879,111391,16,1100
7880,738821,9,500
7881,940982,8,600
7882,340674,12,600
7883,630818,14,600
7884,803616,7,600
7885,264999,16,1000
7886,699771,10,700
7887,709933,12,500
7888,838255,15,1400
7889,394929,12,700
7890,70582,10,500
7891,41765,16,600
7892,61709,14,700
7893,708363,13,600
7894,421636,9,400
7895,687783,9,400
7896,603744,10,500
7897,365455,8,400
7898,962034,4,500
7899,590210,9,700
7900,85063,12,300
7901,833986,6,400
7902,823375,8,400
7903,889813,9,500
7904,245423,17,1100
7905,165888,19,1200
7906,362060,9,500
7907,568070,10,1100
7908,852357,10,900
7909,329416,7,600
7910,379259,16,1000
7911,202524,9,500
7912,761669,15,900
7913,851618,10,300
7914,716986,10,1000
7915,313082,9,400
7916,84081,14,400
7917,452777,12,700
7918,906345,9,700
7919,732857,9,600
7920,487198,16,1100
7921,663417,14,500
7922,347734,7,700
7923,761697,16,5100
7924,809128,14,700
7925,325237,8,500
7926,797050,11,600
7927,56003,10,500
7928,145414,12,600
7929,322549,8,300
7930,357085,7,500
7931,375349,14,300
7932,143480,12,400
7933,224075,9,500
7934,976788,8,500
7935,589419,7,500
7936,953181,8,900
7937,149617,12,500
7938,641515,13,600
7939,108782,9,700
7940,214625,13,600
7941,47952,10,600
7942,931229,9,400
7943,462332,10,500
7944,147987,12,300
7945,626863,17,500
7946,579712,9,600
7947,273085,10,400
7948,570900,6,400
7949,422070,9,800
7950,926526,9,500
7951,59869,14,600
7952,782187,15,1100
7953,838814,16,1500
7954,13885,13,400
7955,41418,18,400
7956,802038,10,800
7957,912952,18,5800
7958,908448,7,500
7959,651212,11,600
7960,635835,11,500
7961,515030,9,600
7962,346215,8,600
7963,396027,10,400
7964,295325,11,500
7965,530842,8,900
7966,370098,20,900
7967,292706,11,400
7968,105258,13,1000
7969,619225,5,400
7970,387043,12,500
7971,978927,10,900
7972,852817,9,900
7973,595691,5,500
7974,381792,15,700
7975,796243,8,400
7976,32113,12,400
7977,228241,15,1000
7978,168504,16,800
7979,539132,11,900
7980,310924,12,600
7981,607172,11,500
7982,511069,13,1100
7983,717740,7,400
7984,137754,16,1100
7985,946262,11,400
7986,299791,11,1000
7987,970806,10,700
7988,871482,5,1000
7989,174407,12,400
7990,904090,9,700
7991,368341,9,1100
7992,954948,6,300
7993,219879,13,700
7994,264309,11,400
7995,844457,12,1000
7996,159993,11,500
7997,128994,12,500
7998,424460,19,1400
7999,672015,18,1500
8000,655452,11,300
8001,401709,11,600
8002,439512,7,500
8003,938587,8,400
8004,786458,12,600
8005,641548,15,900
8006,503081,8,800
8007,359861,9,500
8008,930148,9,400
8009,949629,9,400
8010,32133,12,4400
8011,151693,12,300
8012,28637,17,900
8013,740228,7,31600
8014,485995,14,600
8015,443260,12,700
8016,129647,11,600
8017,108372,17,1600
8018,186160,8,500
8019,679097,9,600
8020,391672,12,700
8021,58711,13,700
8022,147851,13,700
8023,303540,9,600
8024,757986,15,900
8025,783194,13,500
8026,808044,6,600
8027,97106,14,600
8028,997841,7,1000
8029,696920,9,800
8030,164230,10,500
8031,159302,14,500
8032,601781,12,500
8033,981538,9,400
8034,220014,13,600
8035,629832,18,900
8036,654207,15,500
8037,526632,10,500
8038,300187,11,500
8039,306421,9,700
8040,475184,9,600
8041,392038,14,800
8042,227981,9,400
8043,720643,14,600
8044,798092,8,500
8045,814445,8,600
8046,197131,9,500
8047,528415,6,500
8048,92398,13,600
8049,421644,10,600
8050,265477,16,600
8051,908325,8,4900
8052,187957,17,1600
8053,496284,14,500
8054,753175,13,700
8055,764667,11,500
8056,520988,11,1100
8057,427941,11,600
8058,350510,10,700
8059,786699,13,700
8060,672168,12,500
8061,913456,12,400
8062,529221,7,400
8063,502747,6,400
8064,334074,9,600
8065,302122,10,500
8066,633673,13,500
8067,80586,10,500
8068,449732,13,400
8069,628786,20,1400
8070,437787,10,800
8071,237609,6,500
8072,339352,12,600
8073,445120,12,400
8074,540083,9,400
8075,901875,8,500
8076,214044,12,700
8077,240753,11,800
8078,256354,13,800
8079,520427,11,400
8080,750490,12,600
8081,729459,13,5700
8082,639600,15,500
8083,526801,11,500
8084,797684,12,900
8085,955657,8,500
8086,174307,10,600
8087,888768,12,700
8088,513204,7,500
8089,200955,6,500
8090,367329,5,500
8091,540583,7,300
8092,334146,12,600
8093,702686,7,600
8094,826861,8,600
8095,976801,8,600
8096,794863,11,900
8097,73147,15,1000
8098,716621,10,500
8099,888628,10,400
8100,710317,10,300
8101,739871,7,400
8102,562252,10,700
8103,230371,16,1100
8104,561249,10,500
8105,148031,11,400
8106,744988,7,300
8107,542000,11,700
8108,575185,14,1200
8109,259909,11,900
8110,487955,15,1200
8111,995186,3,600
8112,729976,9,400
8113,386299,13,800
8114,431446,11,500
8115,240782,5,300
8116,211321,13,500
8117,563795,9,600
8118,858259,5,500
8119,804565,7,500
8120,594864,8,500
8121,408592,16,1000
8122,657576,12,500
8123,127290,13,800
8124,121571,16,1400
8125,670485,11,900
8126,353505,9,400
8127,994414,4,400
8128,999191,4,600
8129,619912,4,400
8130,996894,2,400
8131,991066,10,1400
8132,860415,7,400
8133,720867,14,500
8134,457299,13,1100
8135,279672,9,500
8136,413008,15,1000
8137,138775,12,700
8138,961578,7,700
8139,807823,7,400
8140,17520,14,800
8141,162524,11,700
8142,823875,9,500
8143,407561,11,600
8144,652748,9,600
8145,624218,9,1000
8146,587163,8,600
8147,533618,9,600
8148,515528,16,600
8149,760685,10,500
8150,274186,11,500
8151,983695,8,900
8152,39954,15,1000
8153,642585,11,400
8154,676198,13,1100
8155,360665,9,500
8156,645968,8,600
8157,187210,14,500
8158,704710,7,400
8159,438101,7,400
8160,367735,7,500
8161,689478,9,700
8162,304161,10,700
8163,597585,8,1000
8164,909821,9,500
8165,620657,6,400
8166,95124,12,600
8167,800893,10,600
8168,868966,6,500
8169,270332,13,600
8170,146818,9,400
8171,885795,13,700
8172,725243,15,1600
8173,444396,15,400
8174,850005,5,500
8175,178628,16,1200
8176,464090,9,600
8177,172162,13,600
8178,521315,10,500
8179,254033,20,1200
8180,983782,7,400
8181,739468,6,500
8182,905389,12,500
8183,555202,14,400
8184,151646,13,700
8185,458056,15,900
8186,628545,17,500
8187,641111,11,400
8188,846347,9,600
8189,662128,12,600
8190,803711,9,600
8191,229673,11,500
8192,418835,11,700
8193,766119,11,400
8194,391480,15,1200
8195,192812,10,700
8196,568428,7,500
8197,425470,12,500
8198,972018,10,800
8199,868292,7,600
8200,64938,14,600
8201,560547,13,600
8202,61000,11,500
8203,764352,13,700
8204,542712,9,500
8205,926374,10,900
8206,752302,16,900
8207,925175,10,500
8208,153573,14,1300
8209,412137,17,1200
8210,372691,14,500
8211,177150,10,800
8212,101654,18,1500
8213,584356,9,800
8214,396703,15,1000
8215,808771,7,400
8216,320986,10,500
8217,445523,14,900
8218,741787,10,500
8219,287113,13,600
8220,278491,12,500
8221,13052,18,900
8222,422640,15,1100
8223,233280,5,500
8224,822895,11,1000
8225,474400,7,600
8226,620360,9,400
8227,153408,15,800
8228,519374,11,500
8229,984574,5,400
8230,404881,12,600
8231,709346,11,600
8232,260958,15,500
8233,661630,15,300
8234,927968,6,600
8235,971771,9,300
8236,663915,13,700
8237,5761,17,600
8238,463026,13,500
8239,795318,16,1000
8240,833138,9,500
8241,657410,12,800
8242,652173,10,400
8243,51149,19,1000
8244,555996,13,600
8245,226793,15,500
8246,468293,10,600
8247,661220,14,400
8248,558088,12,400
8249,536812,11,1300
8250,265754,15,500
8251,856706,7,800
8252,221825,11,700
8253,647842,10,600
8254,134527,7,600
8255,880748,14,700
8256,233935,13,600
8257,328038,9,700
8258,261621,17,400
8259,983328,5,400
8260,76073,12,600
8261,886756,10,600
8262,595862,5,600
8263,353387,10,400
8264,343688,8,600
8265,147075,18,500
8266,15790,16,600
8267,560423,7,5000
8268,755734,15,600
8269,937647,12,600
8270,206788,11,600
8271,946389,11,500
8272,502853,6,400
8273,647426,12,400
8274,664758,10,400
8275,551250,6,600
8276,60669,12,600
8277,386830,15,1000
8278,468482,11,600
8279,377145,13,500
8280,237677,7,400
8281,835785,5,500
8282,101601,14,800
8283,873686,13,600
8284,189123,19,1100
8285,804630,12,600
8286,176269,10,400
8287,64834,15,400
8288,32566,13,400
8289,697196,8,500
8290,506724,12,700
8291,712864,11,700
8292,128448,10,500
8293,94821,13,500
8294,592485,10,700
8295,536114,9,800
8296,930410,7,400
8297,965349,5,500
8298,10519,17,700
8299,883033,16,500
8300,642367,13,400
8301,116965,8,500
8302,763080,13,600
8303,227047,13,600
8304,75746,9,400
8305,583003,9,500
8306,545651,8,1000
8307,366498,14,1200
8308,309692,13,500
8309,143432,15,900
8310,307451,10,800
8311,154712,10,500
8312,29709,11,500
8313,904989,9,500
8314,708948,12,500
8315,962010,5,500
8316,802852,12,500
8317,952971,10,400
8318,193345,11,600
8319,885590,14,400
8320,427882,12,800
8321,56166,10,500
8322,62199,12,500
8323,850453,12,500
8324,473048,9,500
8325,79925,9,400
8326,114017,14,700
8327,791117,13,500
8328,849160,9,600
8329,998424,11,900
8330,179581,13,500
8331,648036,12,600
8332,972585,8,500
8333,906838,9,600
8334,514147,9,500
8335,936258,9,600
8336,443149,16,800
8337,861891,9,800
8338,234022,13,300
8339,612113,8,500
8340,636125,11,500
8341,228362,10,400
8342,964563,4,600
8343,998292,11,800
8344,495276,9,800
8345,838749,11,500
8346,255318,15,800
8347,483041,13,600
8348,8936,23,1000
8349,292086,12,600
8350,26301,13,600
8351,82876,16,400
8352,241837,21,1500
8353,965832,6,700
8354,905492,12,400
8355,498258,11,600
8356,850611,10,800
8357,34055,16,600
8358,691566,9,900
8359,182799,12,400
8360,351272,12,500
8361,16017,15,500
8362,459077,12,400
8363,930460,9,4800
8364,317337,11,1000
8365,500343,7,500
8366,921913,13,500
8367,786488,15,1100
8368,60745,11,400
8369,870956,5,400
8370,60852,13,600
8371,989106,3,500
8372,798372,10,700
8373,530761,8,500
8374,892911,11,500
8375,587072,9,400
8376,155021,9,300
8377,694075,9,600
8378,233357,14,500
8379,999232,3,300
8380,755284,11,600
8381,571658,7,500
8382,182757,13,300
8383,223880,10,400
8384,281475,11,1200
8385,787462,10,400
8386,107549,10,500
8387,20523,15,500
8388,334807,15,1200
8389,843984,5,500
8390,739825,9,300
8391,422539,16,400
8392,634636,15,500
8393,538434,9,500
8394,232595,9,400
8395,200278,8,500
8396,381010,15,5300
8397,877628,11,1000
8398,77677,14,500
8399,943775,5,700
8400,411611,14,500
8401,511436,10,400
8402,790786,12,700
8403,40537,11,400
8404,504918,15,500
8405,907065,10,700
8406,964786,7,400
8407,201586,12,800
8408,33526,15,400
8409,577196,11,600
8410,614684,6,500
8411,240650,8,500
8412,393259,12,500
8413,911612,6,400
8414,31070,11,500
8415,256654,11,500
8416,811890,11,900
8417,229397,10,300
8418,496696,14,700
8419,908405,10,500
8420,10184,22,1200
8421,914436,13,700
8422,909838,9,300
8423,495447,6,300
8424,99386,13,900
8425,709601,10,500
8426,582988,12,900
8427,953445,6,500
8428,93976,14,400
8429,665624,12,500
8430,262628,14,500
8431,821065,8,500
8432,539015,6,300
8433,231766,9,500
8434,212658,14,400
8435,318555,12,500
8436,680950,11,1000
8437,136206,14,600
8438,379777,18,1200
8439,260668,18,500
8440,545385,9,400
8441,349541,11,400
8442,438823,6,400
8443,479699,15,1000
8444,158385,15,600
8445,944448,8,400
8446,130443,10,700
8447,269602,13,400
8448,584316,9,400
8449,559655,9,500
8450,193031,13,300
8451,648516,11,600
8452,66696,13,600
8453,334486,9,300
8454,824360,13,800
8455,670341,12,500
8456,946995,11,500
8457,529632,6,500
8458,235666,12,500
8459,491230,12,1000
8460,786095,13,5200
8461,256641,12,400
8462,613825,8,300
8463,432075,14,700
8464,907153,9,400
8465,793470,10,400
8466,602282,9,300
8467,262539,12,400
8468,760840,9,500
8469,565691,6,500
8470,532032,14,500
8471,498100,10,400
8472,726442,18,1800
8473,760409,12,400
8474,258898,18,900
8475,826928,8,400
8476,308586,12,800
8477,956553,7,500
8478,733649,15,600
8479,518872,12,400
8480,481318,14,800
8481,167794,13,700
8482,984112,10,800
8483,402411,20,1000
8484,568989,6,400
8485,507643,11,400
8486,225060,7,400
8487,536682,7,400
8488,479102,10,500
8489,646645,13,600
8490,425803,10,4000
8491,975188,11,800
8492,855963,7,500
8493,633320,15,600
8494,833705,7,400
8495,367609,10,1100
8496,880701,15,400
8497,642745,14,800
8498,962829,8,500
8499,660989,18,400
8500,820625,10,500
8501,648244,14,400
8502,905554,12,300
8503,69804,11,500
8504,35647,16,600
8505,878972,11,800
8506,120513,13,700
8507,935028,13,600
8508,276251,11,600
8509,835724,6,300
8510,426196,10,400
8511,276163,12,400
8512,782516,14,300
8513,276329,13,700
8514,701973,9,600
8515,9918,17,1100
8516,60490,19,1000
8517,863526,9,1200
8518,371493,15,600
8519,424730,14,700
8520,805150,11,4500
8521,959059,7,600
8522,38809,9,600
8523,859355,10,700
8524,324897,13,1000
8525,648708,14,500
8526,357887,12,800
8527,44967,11,700
8528,532302,11,400
8529,851577,10,800
8530,39358,13,500
8531,569798,8,600
8532,350803,10,500
8533,522159,11,600
8534,961371,6,300
8535,496953,10,400
8536,920298,8,600
8537,789442,9,400
8538,11864,11,400
8539,172980,9,400
8540,157703,14,600
8541,50365,10,600
8542,519863,8,300
8543,395385,13,500
8544,949290,12,1000
8545,34112,12,500
8546,408732,12,400
8547,417873,11,800
8548,71188,8,500
8549,778509,8,600
8550,400976,10,500
8551,950762,8,300
8552,151638,16,4400
8553,777135,13,700
8554,92962,14,900
8555,147144,20,1000
8556,599236,11,600
8557,430919,8,500
8558,664616,13,400
8559,481705,18,1200
8560,36169,14,500
8561,762676,16,500
8562,980131,10,800
8563,846970,7,600
8564,607508,11,900
8565,351390,11,300
8566,372864,12,600
8567,892463,12,300
8568,272048,11,500
8569,618271,9,600
8570,683515,9,500
8571,692035,9,600
8572,85682,14,600
8573,402191,7,400
8574,549982,10,600
8575,634316,13,600
8576,30027,13,500
8577,693867,12,800
8578,485415,13,600
8579,498105,10,400
8580,329406,7,500
8581,512545,11,600
8582,972936,13,1200
8583,232940,7,3800
8584,96555,10,500
8585,344059,11,800
8586,560712,14,900
8587,829230,4,500
8588,470217,6,600
8589,628453,19,500
8590,558855,9,400
8591,211667,11,800
8592,455026,11,600
8593,302045,12,500
8594,419230,9,500
8595,914795,11,600
8596,349272,15,900
8597,552758,14,600
8598,965541,8,400
8599,507042,11,300
8600,456981,10,600
8601,20744,14,800
8602,488462,9,400
8603,445493,13,400
8604,873825,12,300
8605,359671,9,600
8606,428974,9,400
8607,374993,13,400
8608,231517,7,400
8609,753439,18,1000
8610,143836,12,400
8611,94602,14,400
8612,360908,6,700
8613,740505,7,800
8614,808754,7,700
8615,912116,7,400
8616,503521,16,400
8617,334509,10,400
8618,499441,10,300
8619,727906,15,1100
8620,871218,6,500
8621,525396,8,700
8622,598017,7,600
8623,19705,14,600
8624,15052,11,500
8625,217384,7,400
8626,173269,8,400
8627,851055,9,500
8628,603105,9,500
8629,488554,13,400
8630,423213,13,500
8631,271206,13,400
8632,523869,15,1300
8633,221615,11,300
8634,173621,15,900
8635,649375,13,500
8636,256726,14,600
8637,681321,10,400
8638,318091,10,500
8639,935580,13,800
8640,980066,6,500
8641,213902,11,600
8642,743582,7,600
8643,107095,13,400
8644,341058,11,700
8645,230503,10,800
8646,581489,7,400
8647,326936,11,700
8648,315707,6,500
8649,810871,9,800
8650,488191,12,300
8651,653239,11,900
8652,937989,10,900
8653,768326,11,600
8654,910585,9,500
8655,73390,12,400
8656,323229,7,400
8657,245769,17,1300
8658,392107,12,500
8659,158618,16,1000
8660,652661,14,1000
8661,595311,9,700
8662,149564,13,500
8663,878862,16,1200
8664,986508,8,1000
8665,613258,10,600
8666,495380,7,300
8667,66068,14,500
8668,205784,11,600
8669,939864,11,1000
8670,671768,8,400
8671,313665,13,500
8672,116062,11,600
8673,539758,10,400
8674,81105,17,1000
8675,320180,11,400
8676,752548,11,600
8677,665792,12,500
8678,184746,13,500
8679,846699,10,900
8680,16767,15,500
8681,124239,11,600
8682,439256,9,400
8683,285825,13,800
8684,695430,9,400
8685,126639,8,500
8686,705428,16,1100
8687,389768,12,600
8688,138087,13,700
8689,141748,15,800
8690,709188,11,400
8691,733247,6,400
8692,251927,20,1300
8693,141497,15,300
8694,961528,5,400
8695,546736,8,600
8696,980453,14,500
8697,555020,9,500
8698,564559,9,700
8699,892393,14,400
8700,455080,11,400
8701,565177,10,1000
8702,385722,14,900
8703,553748,12,400
8704,160023,14,600
8705,644786,14,600
8706,582040,15,1100
8707,138038,16,300
8708,976055,8,400
8709,835672,9,500
8710,736961,8,1100
8711,71104,9,600
8712,951535,11,1100
8713,207656,6,500
8714,232094,7,300
8715,404053,13,700
8716,112759,17,1400
8717,217413,16,600
8718,304821,8,600
8719,378969,10,500
8720,952047,7,400
8721,536605,8,400
8722,944003,8,700
8723,738738,14,1200
8724,479244,14,400
8725,741499,9,500
8726,905346,7,800
8727,282655,18,1100
8728,183149,12,400
8729,50217,12,600
8730,753802,12,400
8731,921585,6,500
8732,70348,11,400
8733,206336,9,400
8734,732116,10,400
8735,62505,12,700
8736,261135,18,900
8737,220238,12,900
8738,753049,15,400
8739,711856,11,800
8740,973886,9,600
8741,264290,13,500
8742,710105,11,900
8743,540589,9,800
8744,411856,14,400
8745,846838,8,500
8746,107639,12,600
8747,387015,10,400
8748,785246,13,1000
8749,845434,13,300
8750,24769,11,800
8751,10295,11,400
8752,741625,12,700
8753,272505,11,500
8754,287822,9,400
8755,967688,7,600
8756,267799,11,600
8757,14890,14,400
8758,937152,12,1300
8759,280622,9,500
8760,435496,10,600
8761,624341,9,1000
8762,981546,10,500
8763,178880,14,600
8764,613511,10,400
8765,997984,2,500
8766,267659,17,700
8767,999188,5,300
8768,537420,10,400
8769,284918,17,800
8770,184055,12,300
8771,391094,15,300
8772,37374,11,500
8773,175763,14,600
8774,48534,13,600
8775,797188,13,600
8776,484069,11,1000
8777,441262,15,600
8778,466694,13,500
8779,127337,13,500
8780,49726,15,300
8781,438594,8,500
8782,487836,12,500
8783,702324,7,500
8784,947464,12,500
8785,469691,9,400
8786,557896,12,800
8787,174996,14,800
8788,739964,7,500
8789,132794,10,600
8790,693526,13,300
8791,890162,8,500
8792,348825,13,900
8793,179013,15,500
8794,42065,19,1500
8795,576299,14,1300
8796,128285,12,600
8797,407438,12,400
8798,692290,12,800
8799,613801,11,26200
8800,294607,13,500
8801,77598,15,1200
8802,326358,11,500
8803,18397,13,700
8804,78201,13,900
8805,668254,13,600
8806,543069,8,700
8807,603163,9,400
8808,694324,10,500
8809,62850,17,500
8810,912367,5,600
8811,88849,16,600
8812,112219,13,400
8813,771410,8,700
8814,70697,10,400
8815,253733,12,500
8816,687650,12,400
8817,232087,10,800
8818,869525,5,500
8819,544171,9,700
8820,21887,12,800
8821,411422,15,700
8822,610216,12,700
8823,130688,7,500
8824,293190,8,600
8825,79851,11,300
8826,730340,11,1000
8827,295750,11,500
8828,427026,10,600
8829,659070,14,1200
8830,66334,13,500
8831,176764,9,600
8832,22175,12,400
8833,942395,13,1000
8834,206682,8,400
8835,195512,9,600
8836,16181,11,800
8837,969656,3,300
8838,162514,12,400
8839,895684,12,1000
8840,931903,9,900
8841,717608,8,400
8842,794709,10,400
8843,708755,14,400
8844,158394,16,500
8845,78238,9,400
8846,169740,11,800
8847,47198,11,600
8848,168137,14,600
8849,889729,11,400
8850,958361,10,900
8851,897440,8,500
8852,443685,12,500
8853,760011,11,700
8854,679896,10,600
8855,878250,9,400
8856,338353,8,700
8857,572925,16,1100
8858,692871,12,700
8859,322147,12,500
8860,878507,14,500
8861,484707,9,600
8862,978242,7,600
8863,438112,7,400
8864,300799,9,4600
8865,465279,9,700
8866,982503,9,500
8867,745692,5,500
8868,194614,11,500
8869,771413,8,200
8870,640408,15,500
8871,415636,14,600
8872,621323,7,600
8873,708626,13,900
8874,254110,15,1000
8875,788034,13,500
8876,476126,7,600
8877,356506,8,500
8878,379371,10,500
8879,744947,8,700
8880,810114,10,500
8881,428653,9,400
8882,822456,8,500
8883,653127,12,500
8884,768945,10,600
8885,274037,12,1000
8886,558093,10,400
8887,499205,8,500
8888,477983,13,500
8889,951470,10,300
8890,295327,13,800
8891,737560,15,1300
8892,398827,13,800
8893,902258,8,600
8894,201619,11,400
8895,514666,9,4500
8896,421554,8,400
8897,15073,16,1300
8898,794268,10,600
8899,343038,12,600
8900,742056,8,500
8901,535571,12,900
8902,523423,13,1200
8903,754204,12,400
8904,267446,13,1000
8905,479469,13,600
8906,350258,12,400
8907,77259,12,800
8908,477881,16,200
8909,808487,8,400
8910,322808,9,300
8911,90832,20,600
8912,104783,10,700
8913,79958,11,700
8914,526837,11,400
8915,228071,10,500
8916,617423,6,500
8917,726377,8,400
8918,287077,14,1000
8919,453716,12,1100
8920,731058,12,1000
8921,994126,7,400
8922,583609,10,500
8923,492311,10,500
8924,738590,8,500
8925,41204,8,4200
8926,404847,12,900
8927,80061,9,300
8928,907985,9,400
8929,136556,14,500
8930,365836,7,600
8931,149331,12,400
8932,504423,16,400
8933,998825,3,400
8934,819705,9,500
8935,39094,14,400
8936,901255,8,300
8937,14182,14,600
8938,619448,7,600
8939,298758,7,600
8940,685680,7,600
8941,309670,14,600
8942,530497,8,300
8943,166777,14,500
8944,532700,11,500
8945,261015,21,1500
8946,12605,16,900
8947,679051,12,600
8948,33678,16,400
8949,650896,14,1000
8950,699166,10,600
8951,215251,12,500
8952,927869,8,600
8953,594041,11,400
8954,452185,13,400
8955,77297,10,400
8956,246045,15,1100
8957,462474,12,1000
8958,996865,6,4400
8959,618852,15,1200
8960,264902,17,1300
8961,467564,11,500
8962,181377,15,600
8963,379192,12,400
8964,341635,12,900
8965,111611,14,400
8966,371382,13,600
8967,41884,13,500
8968,328570,9,800
8969,498925,11,400
8970,564455,8,400
8971,968466,7,700
8972,187635,14,800
8973,461004,13,900
8974,690402,13,700
8975,563135,10,400
8976,670982,10,400
8977,4639,14,500
8978,509748,13,600
8979,957602,12,900
8980,211429,14,500
8981,318311,13,500
8982,912708,18,1100
8983,627489,17,900
8984,763652,13,500
8985,460677,16,1200
8986,742540,8,4900
8987,132991,10,900
8988,430497,8,400
8989,263033,10,400
8990,991989,5,500
8991,893738,12,500
8992,491379,12,400
8993,559621,10,500
8994,651855,13,400
8995,506865,14,400
8996,948531,9,500
8997,283631,12,600
8998,742506,8,400
8999,444179,11,500
9000,712513,12,600
9001,174822,10,500
9002,431571,13,500
9003,419443,12,1000
9004,716661,9,400
9005,297084,15,1000
9006,569774,6,500
9007,743719,6,600
9008,86211,15,800
9009,466,17,600
9010,778733,10,600
9011,420143,9,300
9012,778890,8,300
9013,897873,6,400
9014,344298,9,400
9015,650178,12,600
9016,219065,13,500
9017,717076,10,700
9018,679399,13,500
9019,843780,6,500
9020,538462,9,500
9021,962211,4,400
9022,33759,15,5000
9023,786517,10,600
9024,359181,7,600
9025,924507,10,400
9026,228360,11,600
9027,958659,11,1000
9028,231977,10,400
9029,385897,13,1300
9030,597736,6,800
9031,677791,13,900
9032,31634,10,600
9033,372469,13,600
9034,974481,10,800
9035,199725,13,800
9036,801451,9,400
9037,923483,12,400
9038,813435,11,600
9039,328949,6,400
9040,178950,16,400
9041,704660,8,700
9042,108156,11,500
9043,159798,14,600
9044,5551,16,1100
9045,297267,11,600
9046,808998,5,300
9047,477178,15,600
9048,817490,12,700
9049,911564,8,400
9050,801213,13,1000
9051,531909,6,400
9052,190345,12,700
9053,895983,16,1100
9054,719571,11,600
9055,563687,12,500
9056,606342,5,500
9057,404882,12,500
9058,661314,17,900
9059,384049,12,500
9060,352858,11,900
9061,779276,9,600
9062,176134,13,900
9063,193540,11,500
9064,166559,12,800
9065,81470,15,500
9066,443509,13,300
9067,630661,15,500
9068,292488,11,500
9069,880396,18,1000
9070,227867,12,400
9071,998060,2,600
9072,819203,12,900
9073,735305,10,600
9074,679926,11,700
9075,415228,14,700
9076,361736,9,1000
9077,681073,11,300
9078,740811,6,400
9079,919309,12,500
9080,773570,17,6100
9081,506191,16,800
9082,405667,11,500
9083,956805,10,500
9084,672726,13,500
9085,931967,7,400
9086,720101,12,400
9087,306661,8,700
9088,948628,7,300
9089,128014,12,600
9090,165265,14,500
9091,572287,4,600
9092,653433,11,700
9093,758333,13,500
9094,402902,14,300
9095,786054,11,400
9096,673246,13,400
9097,54885,12,1200
9098,50193,13,600
9099,897149,11,400
9100,728705,10,400
9101,291636,12,600
9102,945956,3,500
9103,137490,16,600
9104,231279,8,400
9105,172757,13,600
9106,776366,8,400
9107,717892,6,400
9108,154570,11,700
9109,530158,12,700
9110,954732,8,600
9111,361278,7,700
9112,470332,8,600
9113,32643,9,600
9114,916268,16,5400
9115,566280,13,600
9116,393145,13,600
9117,807992,10,900
9118,264745,13,500
9119,828243,8,500
9120,629546,17,500
9121,522803,9,600
9122,845576,12,1000
9123,749426,16,500
9124,957179,9,500
9125,759840,14,800
9126,609838,11,500
9127,323944,8,400
9128,755714,16,500
9129,157710,12,600
9130,543996,9,700
9131,731740,12,500
9132,24970,10,500
9133,279158,11,500
9134,24872,14,500
9135,755241,14,800
9136,451644,12,600
9137,539484,14,900
9138,571065,6,500
9139,584978,8,500
9140,407337,12,800
9141,212751,14,500
9142,568286,9,600
9143,27603,13,700
9144,235639,13,500
9145,970634,15,1400
9146,591724,9,600
9147,16274,9,500
9148,42981,13,600
9149,868733,7,400
9150,447475,10,500
9151,242356,14,600
9152,897916,6,400
9153,83429,15,600
9154,579771,11,1000
9155,168012,11,500
9156,688596,12,600
9157,953879,8,900
9158,188064,14,600
9159,150447,14,500
9160,892672,14,700
9161,537693,15,1100
9162,715271,10,900
9163,401699,12,600
9164,287639,10,400
9165,810103,11,600
9166,891900,13,600
9167,494262,9,500
9168,938080,7,400
9169,521347,9,600
9170,892458,12,300
9171,114282,12,700
9172,142297,11,600
9173,900215,14,1100
9174,13686,13,500
9175,142734,15,500
9176,447204,11,500
9177,228362,12,1000
9178,836280,8,600
9179,642472,19,1700
9180,824719,7,500
9181,98866,13,900
9182,669782,14,900
9183,732622,7,500
9184,23998,13,400
9185,712649,12,500
9186,709823,8,500
9187,44499,10,400
9188,816439,7,600
9189,246793,15,900
9190,202305,9,600
9191,922143,15,600
9192,245386,13,500
9193,589238,5,600
9194,624840,6,500
9195,904408,11,1100
9196,147163,18,900
9197,129499,13,500
9198,772468,10,600
9199,493564,7,600
9200,300877,9,500
9201,466476,14,1000
9202,923989,12,400
9203,510289,13,600
9204,579853,9,500
9205,125322,9,600
9206,496902,11,800
9207,112755,12,400
9208,453304,13,900
9209,574374,9,500
9210,238371,8,400
9211,782220,12,600
9212,969066,7,700
9213,201469,11,400
9214,485800,12,500
9215,98083,13,500
9216,792228,13,400
9217,197249,11,800
9218,156391,17,500
9219,174859,11,600
9220,715033,10,500
9221,568600,8,500
9222,904741,8,500
9223,470971,8,800
9224,654037,18,600
9225,870461,7,1100
9226,694418,12,500
9227,498430,10,500
9228,637003,20,1000
9229,690885,12,400
9230,900708,14,1100
9231,897409,9,700
9232,701689,10,600
9233,272764,12,800
9234,426063,12,500
9235,963146,7,600
9236,388346,9,500
9237,717934,5,300
9238,743587,9,4600
9239,921416,16,1600
9240,789352,8,600
9241,893505,13,600
9242,693889,12,500
9243,950213,8,500
9244,283755,12,400
9245,71039,10,500
9246,100859,8,400
9247,824823,7,300
9248,630627,17,500
9249,877618,16,1100
9250,794952,9,400
9251,159542,12,500
9252,332654,12,500
9253,88616,16,1100
9254,890272,9,600
9255,267849,10,400
9256,415318,10,400
9257,198870,11,700
9258,138106,13,400
9259,861145,8,500
9260,622298,5,600
9261,254361,14,400
9262,679520,16,1000
9263,48711,12,500
9264,309015,15,900
9265,274967,9,400
9266,58091,15,700
9267,753177,14,400
9268,366547,8,500
9269,219652,13,600
9270,610145,12,1000
9271,129487,13,800
9272,759207,12,500
9273,41409,17,1000
9274,388583,16,500
9275,897172,13,900
9276,959494,5,500
9277,631902,14,500
9278,755876,15,300
9279,869328,7,500
9280,20590,13,600
9281,351360,17,1500
9282,319285,12,600
9283,463258,11,600
9284,212585,13,400
9285,682846,10,600
9286,922438,15,1400
9287,393227,13,400
9288,648512,14,300
9289,151141,12,700
9290,993107,6,600
9291,131118,12,1000
9292,225789,10,800
9293,286332,14,500
9294,819388,9,400
9295,494035,13,900
9296,937692,10,500
9297,716642,8,500
9298,444350,10,300
9299,864899,14,1600
9300,595022,9,500
9301,937523,9,600
9302,530708,10,400
9303,121165,10,600
9304,279657,9,400
9305,39497,12,400
9306,185193,12,700
9307,587711,6,500
9308,989359,8,600
9309,169342,12,400
9310,346936,10,600
9311,738801,8,400
9312,92408,15,600
9313,985488,10,1000
9314,915906,9,400
9315,345723,11,400
9316,337599,11,4500
9317,427678,12,500
9318,498859,9,500
9319,945734,6,700
9320,573639,13,600
9321,355983,13,1100
9322,720434,11,800
9323,544320,7,400
9324,770792,9,600
9325,239250,10,500
9326,714123,12,400
9327,123753,12,1000
9328,359482,15,900
9329,188991,16,800
9330,954395,11,1000
9331,408330,8,400
9332,634652,17,500
9333,698716,11,500
9334,280207,10,900
9335,372038,21,1600
9336,122338,11,500
9337,319420,12,400
9338,516890,13,600
9339,479433,13,400
9340,812633,10,600
9341,993411,7,500
9342,218121,13,500
9343,126621,10,500
9344,697399,9,500
9345,331844,13,800
9346,778692,11,700
9347,594523,8,500
9348,441572,13,500
9349,279947,9,400
9350,669091,11,500
9351,604926,10,600
9352,116447,13,500
9353,223798,13,800
9354,437546,10,500
9355,987795,8,1000
9356,917647,10,2100
9357,34942,15,1400
9358,828067,9,1300
9359,58381,14,700
9360,634151,15,8100
9361,556435,10,800
9362,907158,10,700
9363,229685,11,800
9364,546868,11,1800
9365,375078,12,1200
9366,24296,13,700
9367,480446,12,1300
9368,353414,11,900
9369,791616,11,1200
9370,103694,12,900
9371,655798,12,800
9372,990328,6,700
9373,660879,7,600
9374,869420,11,2500
9375,99481,12,800
9376,404126,14,800
9377,932866,10,800
9378,532558,9,800
9379,965440,8,1300
9380,431947,14,900
9381,652489,13,900
9382,461185,11,600
9383,697526,11,800
9384,105340,8,700
9385,240511,9,500
9386,8399,14,900
9387,598123,7,600
9388,604645,8,500
9389,427940,10,1100
9390,934678,5,400
9391,735490,10,700
9392,627989,18,600
9393,979907,9,1000
9394,195268,13,600
9395,133125,9,500
9396,91848,16,600
9397,206770,9,500
9398,332530,13,1000
9399,834872,6,700
9400,719753,13,1600
9401,61496,17,600
9402,240601,9,300
9403,521867,6,600
9404,686914,11,500
9405,915401,10,500
9406,386933,12,500
9407,388713,15,400
9408,585698,9,500
9409,579628,9,400
9410,464628,8,700
9411,621101,9,500
9412,475561,10,1100
9413,503101,7,500
9414,175131,10,600
9415,672500,18,1300
9416,893267,14,600
9417,927119,8,500
9418,412598,13,600
9419,859085,11,500
9420,698782,11,500
9421,506985,20,2200
9422,784826,15,800
9423,775501,9,800
9424,749050,15,800
9425,361457,10,700
9426,12921,14,700
9427,906368,10,800
9428,715725,6,700
9429,666855,16,1500
9430,412992,15,600
9431,881209,17,1200
9432,298272,9,700
9433,306184,7,500
9434,810576,12,6300
9435,575819,9,600
9436,249129,13,800
9437,283923,15,500
9438,559224,8,600
9439,364112,9,500
9440,496565,12,600
9441,796711,7,600
9442,729867,9,500
9443,629926,16,500
9444,162610,13,900
9445,24651,12,500
9446,670531,15,900
9447,308538,17,1500
9448,760854,9,700
9449,330696,13,600
9450,939250,5,500
9451,195068,13,400
9452,163568,13,800
9453,240049,11,600
9454,110113,11,600
9455,466290,17,1200
9456,640905,14,800
9457,402947,16,600
9458,971271,16,1400
9459,859241,9,500
9460,650358,14,600
9461,837543,15,1100
9462,695719,10,900
9463,58757,13,500
9464,895549,12,5400
9465,946068,17,1700
9466,934663,8,600
9467,808762,11,1100
9468,427490,8,500
9469,391313,15,500
9470,912200,8,800
9471,399379,14,1300
9472,276877,15,1400
9473,942872,6,500
9474,266087,11,1100
9475,45168,10,700
9476,203161,14,1000
9477,881302,13,700
9478,70223,13,700
9479,264973,10,600
9480,38843,10,800
9481,566671,13,2000
9482,692632,12,700
9483,998268,7,600
9484,125965,11,1700
9485,543071,11,1900
9486,121312,11,700
9487,543029,8,600
9488,642166,10,600
9489,536987,11,600
9490,284676,12,500
9491,264196,8,600
9492,383864,13,700
9493,196566,13,700
9494,801084,7,600
9495,499616,8,700
9496,906838,13,1800
9497,460544,13,700
9498,928721,11,700
9499,343836,9,600
9500,309344,16,1800
9501,800424,9,600
9502,913787,12,600
9503,50871,10,400
9504,626204,22,600
9505,956770,13,1600
9506,232475,11,1000
9507,625998,2,600
9508,299923,9,500
9509,307523,19,1000
9510,39889,13,700
9511,266992,12,800
9512,848245,9,700
9513,474313,8,600
9514,373499,12,1100
9515,798802,7,400
9516,172970,14,900
9517,392216,11,500
9518,792779,12,500
9519,652249,11,400
9520,302646,13,1300
9521,53727,10,600
9522,377156,14,900
9523,244373,12,600
9524,661959,17,1200
9525,431577,13,600
9526,824273,11,900
9527,200590,9,500
9528,376286,17,400
9529,384112,11,600
9530,217410,17,900
9531,540086,6,800
9532,378264,10,300
9533,733883,12,500
9534,449955,16,1300
9535,693373,8,400
9536,306712,7,500
9537,718504,9,400
9538,706555,11,500
9539,360708,6,700
9540,69907,16,1100
9541,844405,10,500
9542,320094,11,700
9543,797801,10,400
9544,141560,16,700
9545,356184,11,600
9546,339503,11,600
9547,254145,14,500
9548,612730,7,500
9549,492543,11,700
9550,609270,10,700
9551,562084,11,1000
9552,116219,11,600
9553,550834,9,1200
9554,559706,8,500
9555,79969,11,600
9556,441814,14,1100
9557,279124,11,800
9558,357563,11,500
9559,507538,17,1300
9560,934793,10,1000
9561,577480,10,600
9562,169262,12,500
9563,302923,9,500
9564,735934,11,600
9565,772271,8,500
9566,150422,16,800
9567,289324,7,600
9568,733940,17,1600
9569,572560,13,500
9570,773851,11,500
9571,409942,9,500
9572,175055,11,600
9573,298513,10,600
9574,997834,6,600
9575,294266,13,1000
9576,845368,16,1200
9577,732706,7,700
9578,588425,9,600
9579,281485,8,600
9580,638258,16,900
9581,990201,7,500
9582,229557,10,400
9583,958616,7,600
9584,761275,14,600
9585,579319,6,400
9586,95130,14,800
9587,511211,15,600
9588,409435,10,400
9589,260842,13,500
9590,541262,10,400
9591,137649,16,800
9592,37196,13,500
9593,97260,18,1100
9594,823594,6,500
9595,990175,7,600
9596,999429,3,400
9597,368616,7,600
9598,403942,13,400
9599,713159,12,1100
9600,109605,11,900
9601,15612,10,600
9602,6800,18,800
9603,753929,12,700
9604,821881,11,500
9605,658170,11,900
9606,448745,8,600
9607,914920,8,900
9608,689514,11,700
9609,729737,10,1200
9610,889692,11,700
9611,107514,13,700
9612,266374,11,700
9613,741033,10,1700
9614,932572,9,700
9615,766393,12,800
9616,623273,9,3100
9617,128916,9,1200
9618,882777,18,1000
9619,812472,10,1000
9620,769671,10,600
9621,444223,11,800
9622,237982,10,1200
9623,448751,8,500
9624,11673,13,700
9625,857024,9,800
9626,218378,12,500
9627,492023,12,700
9628,877346,14,700
9629,404681,14,700
9630,674217,12,900
9631,758161,13,700
9632,994845,5,600
9633,963986,8,600
9634,754606,14,600
9635,259744,8,700
9636,666309,14,700
9637,166869,16,1600
9638,437071,10,700
9639,811447,8,500
9640,850240,14,600
9641,30323,15,1300
9642,289661,14,1200
9643,879373,11,600
9644,146537,14,900
9645,40948,11,600
9646,143871,15,600
9647,760717,11,700
9648,243129,13,700
9649,276588,10,900
9650,981738,11,1100
9651,124618,10,600
9652,214225,9,600
9653,166008,15,700
9654,235583,18,2000
9655,311952,11,800
9656,924838,8,600
9657,468712,10,600
9658,831969,10,900
9659,873813,18,1100
9660,872265,5,700
9661,530871,9,1200
9662,87153,12,1000
9663,600335,12,1400
9664,392786,15,900
9665,669621,16,1600
9666,920456,9,700
9667,419871,10,800
9668,505768,15,500
9669,164805,16,500
9670,566160,5,500
9671,874411,15,300
9672,116400,10,400
9673,426754,12,600
9674,928703,13,500
9675,676681,15,1400
9676,948688,6,300
9677,559869,8,600
9678,162865,13,600
9679,769494,15,1500
9680,629471,19,800
9681,740002,7,5800
9682,753954,12,400
9683,264167,10,400
9684,293099,8,500
9685,296505,10,700
9686,89797,18,1600
9687,133207,9,600
9688,324453,13,700
9689,777288,12,1300
9690,789315,9,700
9691,676416,9,400
9692,629357,17,400
9693,580629,10,800
9694,835091,7,600
9695,10181,15,1100
9696,918710,10,600
9697,346504,10,900
9698,386162,12,700
9699,994443,5,800
9700,376470,17,900
9701,178735,18,900
9702,304960,7,500
9703,695047,15,1500
9704,902317,14,1700
9705,871388,4,400
9706,682999,11,600
9707,633778,20,1300
9708,300847,9,600
9709,188393,12,600
9710,421320,10,500
9711,395802,11,800
9712,13071,14,600
9713,12380,18,400
9714,976595,7,700
9715,470546,9,600
9716,186057,11,500
9717,917477,12,400
9718,995523,9,600
9719,543626,10,1200
9720,667020,21,1300
9721,26692,14,600
9722,731077,12,500
9723,295801,11,400
9724,91203,20,1100
9725,284807,12,500
9726,721571,11,1200
9727,21494,11,600
9728,348735,8,600
9729,798449,8,700
9730,87681,15,700
9731,4646,14,800
9732,954307,7,800
9733,557943,12,600
9734,332338,11,700
9735,288720,11,500
9736,849131,9,600
9737,644132,11,700
9738,536376,14,1300
9739,946701,10,500
9740,756665,15,600
9741,957212,7,500
9742,106134,14,600
9743,2971,15,400
9744,432445,12,500
9745,467709,11,600
9746,796372,8,500
9747,630160,17,1500
9748,73761,15,5100
9749,24609,15,1100
9750,297807,11,400
9751,787755,13,1000
9752,270158,13,700
9753,882560,17,1700
9754,832762,9,600
9755,52870,11,500
9756,520767,10,500
9757,962419,9,1000
9758,653877,15,1600
9759,733608,19,1700
9760,288800,11,400
9761,920851,5,600
9762,156296,19,600
9763,400887,11,600
9764,811874,12,500
9765,293120,8,500
9766,908348,13,1400
9767,583498,13,500
9768,207390,12,1100
9769,698557,14,1200
9770,325910,11,700
9771,23068,16,400
9772,280035,14,1400
9773,549113,5,600
9774,117169,11,500
9775,932957,7,600
9776,598110,7,6000
9777,563689,11,1700
9778,431095,6,700
9779,307747,14,500
9780,941605,11,2000
9781,643536,13,800
9782,31483,13,1100
9783,166143,16,1100
9784,302688,12,700
9785,504480,15,1200
9786,3126,18,500
9787,826154,6,600
9788,559508,10,800
9789,60410,16,700
9790,759773,19,1200
9791,250525,11,900
9792,254861,12,500
9793,974866,8,600
9794,677979,8,500
9795,663871,13,500
9796,560872,11,600
9797,348654,9,500
9798,726832,13,700
9799,735801,9,800
9800,775418,11,1200
9801,863053,7,600
9802,668517,13,800
9803,967654,10,1300
9804,857761,9,900
9805,818340,10,600
9806,552875,15,1300
9807,889126,8,500
9808,882341,10,400
9809,884227,12,400
9810,647760,13,500
9811,901714,11,1000
9812,237961,11,600
9813,584919,9,500
9814,616861,8,1200
9815,724937,7,800
9816,397620,10,700
9817,893256,12,600
9818,781646,15,800
9819,374761,15,1300
9820,604599,9,500
9821,767939,12,500
9822,902958,10,600
9823,688090,11,700
9824,873403,15,400
9825,415442,16,600
9826,132879,12,800
9827,145860,13,600
9828,817928,13,400
9829,177830,13,1700
9830,729571,13,500
9831,243872,9,700
9832,717044,10,700
9833,835063,9,700
9834,457531,9,1200
9835,661804,15,700
9836,465766,9,400
9837,771714,9,500
9838,916505,6,800
9839,134072,11,1100
9840,489478,13,1600
9841,894129,10,900
9842,824371,9,700
9843,24990,11,500
9844,226755,14,800
9845,449561,15,500
9846,518663,11,600
9847,548815,7,400
9848,400960,11,400
9849,934877,5,600
9850,415253,12,600
9851,675143,12,700
9852,90460,12,900
9853,348847,9,500
9854,790014,15,500
9855,736290,8,600
9856,944092,7,500
9857,40823,12,500
9858,871223,8,500
9859,279433,8,400
9860,506743,11,500
9861,300492,9,600
9862,787306,12,700
9863,757509,13,500
9864,902398,7,500
9865,644831,13,700
9866,794985,10,600
9867,858420,14,1100
9868,777831,17,1200
9869,851447,12,600
9870,366479,10,700
9871,786456,14,500
9872,490101,10,300
9873,82390,23,1600
9874,951797,11,700
9875,107980,13,400
9876,645381,10,300
9877,887035,12,500
9878,191822,13,800
9879,751891,16,1100
9880,383670,10,600
9881,170433,10,600
9882,52384,14,500
9883,529865,7,500
9884,801974,11,1400
9885,581349,7,800
9886,57823,17,1000
9887,838651,11,600
9888,655462,15,1000
9889,950629,8,900
9890,753000,17,700
9891,526418,11,500
9892,500009,10,900
9893,30915,11,600
9894,440407,6,600
9895,718314,12,500
9896,579022,7,500
9897,683304,10,900
9898,42949,16,600
9899,223617,12,700
9900,260567,15,500
9901,450790,12,400
9902,334497,12,1000
9903,900170,7,600
9904,460902,14,5000
9905,654166,19,1700
9906,252074,13,700
9907,514465,11,800
9908,377091,14,500
9909,71648,19,1200
9910,827014,13,1100
9911,522906,10,600
9912,698252,14,500
9913,164633,17,700
9914,730754,10,500
9915,124786,10,500
9916,412154,14,600
9917,981319,15,1800
9918,501543,9,500
9919,959463,8,800
9920,662731,14,600
9921,537983,11,800
9922,856757,6,500
9923,710691,10,600
9924,244818,13,1200
9925,751791,16,400
9926,571839,7,600
9927,761619,15,600
9928,598743,3,500
9929,330360,12,600
9930,990434,6,500
9931,361239,6,600
9932,945516,7,500
9933,149619,12,900
9934,475235,7,5000
9935,322386,11,1200
9936,726797,14,600
9937,258517,10,600
9938,56868,21,1400
9939,592160,7,500
9940,657651,12,600
9941,333805,12,400
9942,481155,9,700
9943,515559,14,1300
9944,618613,8,600
9945,698378,13,300
9946,449744,15,500
9947,407303,12,500
9948,633243,12,800
9949,485625,13,500
9950,603176,11,900
9951,484459,9,500
9952,835009,10,500
9953,224811,10,600
9954,868530,11,1000
9955,91137,22,1400
9956,982565,11,700
9957,371126,15,900
9958,41654,16,500
9959,432582,13,700
9960,491213,12,400
9961,761650,14,500
9962,426773,12,500
9963,882170,11,500
9964,522071,13,900
9965,509892,9,500
9966,532841,9,600
9967,72307,20,1300
9968,725087,6,500
9969,683063,11,400
9970,949562,9,600
9971,654478,12,400
9972,165638,13,600
9973,237638,12,1200
9974,73049,20,700
9975,129600,12,500
9976,475493,9,400
9977,76278,14,900
9978,422045,8,500
9979,347594,13,1400
9980,108623,14,600
9981,598944,16,1100
9982,331511,14,500
9983,160267,14,600
9984,799227,13,600
9985,747532,5,600
9986,23540,15,400
9987,851183,11,500
9988,50454,14,600
9989,259833,8,400
9990,188368,14,500
9991,180293,14,600
9992,60516,16,400
9993,577786,12,500
9994,928689,13,1100
9995,972847,12,600
9996,238351,8,5000
9997,329402,9,700
9998,702535,10,500
9999,178675,19,500
10000,520910,9,500
